tree
version=v4
num_class=1
num_tree_per_iteration=1
label_index=0
max_feature_idx=13
objective=regression
feature_names=brand model variant city rto fuel_type transmission seller_type color vehicle_age odometer_reading km_per_year owner_count certified
feature_infos=-1:4:8:6:12:15:7:13:10:5:14:2:3 -1:36:11:12:22:37:40:50:29:3:23:26:31:41:44:48:5:17:20:46 -1:78:40:73:1:44:50:56:61:89 none -1:0:2:4:12:14:3:11:1:5:6:10 -1:1:0 -1:0:1 none -1:3:0:1:2 [0:7] [537:100090] [537:27741] [1:2] none
tree_sizes=1420 1613 1527 812 1024 1109 1343 781 951 1289 1249 722 1467 1174 1552 1098 1179 1176 1206 1026 1794 1089 1190 1174 1515 1303 996 1654 1404 1402 1311 1178 1180 1197 1195 934 808 1562 808 1373 1230 1415 1654 1999 1653 1869 1707 1871 1366 1461 1392 1315 1808 1676 1390 1368 1216 1494 1710 1831 1535 1616 1783 1968 1676 1971 1818 1495 1772 2036 2032 1867 1979 2053 1865 1476 1470 603 1897 1957 2136 1890 1764 1774 1652 2011 1978 1654 2040 2099 1790 1719 1692 1876 2302 2301 1424 1558 2268 2025 2027 1875 1824 1850 1687 1502 1698 1708 1971 1967 1697 1676 1449 1629 1903 1294 2154 2448 2446 2288 1962 2202 2102 1975 1933 2019

Tree=0
num_leaves=14
num_cat=2
split_feature=11 6 11 11 11 11 10 10 11 11 11 11 6
split_gain=1.72999 0.851017 0.548616 0.375171 0.243941 0.24206 0.147822 0.134023 0.120319 0.0511915 0.0211765 0.0256325 0.0137152
threshold=7807.7500000000009 0 5523.8333333333348 7130.1750000000011 7279.0000000000009 3060.666666666667 25282.000000000004 33498.500000000007 10565.250000000002 16124.500000000002 11086.250000000002 9587.1250000000018 1
decision_type=2 1 2 2 2 2 2 2 2 2 2 2 1
left_child=1 2 5 -3 -4 -1 -7 9 12 10 11 -2 -9
right_child=7 3 4 -5 -6 6 -8 8 -10 -11 -12 -13 -14
leaf_value=14.013732047976523 14.013356539950385 14.003015809437072 14.016468477759888 14.011808542789922 14.010988689882492 14.006613607351236 14.012516580373127 14.013643953016716 14.018429625466837 14.011604502176677 14.014663759610427 14.011532817648003 14.012066019200031
leaf_weight=2.9999999999999991 4.0000000000000018 12.000000000000002 13.000000000000002 6.9999999999999991 4.9999999999999991 8.9999999999999982 3.9999999999999991 7.0000000000000018 14.999999999999998 4.9999999999999991 5.9999999999999991 4 3
leaf_count=3 4 12 13 7 5 9 4 7 15 5 6 4 3
internal_value=14.0121 14.0087 14.012 14.005 14.015 14.009 14.0077 14.0161 14.0172 14.0134 14.014 14.0125 14.0133
internal_weight=97 53 34 19 18 16 13 44 25 19 14 8 10
internal_count=97 53 34 19 18 16 13 44 25 19 14 8 10
cat_boundaries=0 1 2
cat_threshold=1 1
is_linear=0
shrinkage=1


Tree=1
num_leaves=15
num_cat=2
split_feature=11 6 11 11 11 11 10 10 11 11 12 6 11 11
split_gain=1.67536 0.822059 0.529889 0.362464 0.236967 0.236582 0.143807 0.128311 0.115262 0.0501112 0.0302952 0.0255821 0.0206736 0.025195
threshold=7807.7500000000009 0 5523.8333333333348 7130.1750000000011 7279.0000000000009 3060.666666666667 25282.000000000004 33498.500000000007 10565.250000000002 16124.500000000002 1.5000000000000002 1 11086.250000000002 9587.1250000000018
decision_type=2 1 2 2 2 2 2 2 2 2 2 1 2 2
left_child=1 2 5 -3 -4 -1 -7 9 10 12 11 -9 13 -2
right_child=7 3 4 -5 -6 6 -8 8 -10 -11 -12 -13 -14 -15
leaf_value=0.0013945168443024159 0.0010199130273291039 -0.009159621785987504 0.0040704571625784676 -0.00051285198177484907 -0.0013257281333208084 -0.0056330001163051313 0.00018715308180877142 0.0021145209377365446 0.0059919833917636426 -0.00071607398986816401 -0.00057732617339262596 -0.00025997764789141141 0.0023096709698438643 -0.00078817736889634819
leaf_weight=2.9999999999999991 4.0000000000000018 12.000000000000002 13.000000000000002 6.9999999999999991 4.9999999999999991 8.9999999999999982 3.9999999999999991 4.0000000000000018 14.999999999999998 4.9999999999999991 3 3 5.9999999999999991 4
leaf_count=3 4 12 13 7 5 9 4 4 15 5 3 3 6 4
internal_value=-0.000231756 -0.00353609 -0.000285081 -0.00724932 0.00263338 -0.00331839 -0.00453943 0.00366622 0.0048148 0.00101579 0.000935917 0.00154256 0.00167496 0.000180239
internal_weight=97 53 34 19 18 16 13 44 25 19 10 7 14 8
internal_count=97 53 34 19 18 16 13 44 25 19 10 7 14 8
cat_boundaries=0 1 2
cat_threshold=1 1
is_linear=0
shrinkage=0.03


Tree=2
num_leaves=14
num_cat=2
split_feature=11 6 11 11 11 11 10 10 12 6 11 11 11
split_gain=1.62307 0.794089 0.511785 0.350183 0.231231 0.230196 0.139902 0.123008 0.110793 0.111577 0.0490538 0.0201825 0.0247649
threshold=7807.7500000000009 0 5523.8333333333348 7130.1750000000011 3060.666666666667 7279.0000000000009 25282.000000000004 33498.500000000007 1.5000000000000002 1 16124.500000000002 11086.250000000002 9587.1250000000018
decision_type=2 1 2 2 2 2 2 2 2 1 2 2 2
left_child=1 2 4 -3 -1 -4 -6 10 9 -9 11 12 -2
right_child=7 3 5 -5 6 -7 -8 8 -10 -11 -12 -13 -14
leaf_value=0.001384862526319921 0.0010111708978989293 -0.009009737101468171 0.0040014364234293278 -0.00050651665996102727 -0.0055529522645826395 -0.0013124708645045756 0.00018554889730044774 0.0063731026789173488 9.6274380173001966e-06 0.00073846497244256352 -0.00070891326665878287 0.0022836870839819312 -0.00078142153897455761
leaf_weight=2.9999999999999991 4.0000000000000018 12.000000000000002 13.000000000000002 6.9999999999999991 8.9999999999999982 4.9999999999999991 3.9999999999999991 14 3.9999999999999991 7.0000000000000044 4.9999999999999991 5.9999999999999991 4
leaf_count=3 4 12 13 7 9 5 4 14 4 7 5 6 4
internal_value=-0.000230087 -0.00348229 -0.000285437 -0.0071319 -0.00326558 0.00258378 -0.00447428 0.00360676 0.00473266 0.00533898 0.0010042 0.00165648 0.000178694
internal_weight=97 53 34 19 16 18 13 44 25 21 19 14 8
internal_count=97 53 34 19 16 18 13 44 25 21 19 14 8
cat_boundaries=0 1 2
cat_threshold=1 1
is_linear=0
shrinkage=0.03


Tree=3
num_leaves=7
num_cat=2
split_feature=6 11 11 12 5 11
split_gain=2.82852 1.25426 0.853276 0.185824 0.0977479 0.0605644
threshold=0 7130.1750000000011 4176.791666666667 1.5000000000000002 1 7346.8000000000011
decision_type=1 2 2 2 1 2
left_child=2 -2 -1 -4 5 -3
right_child=1 4 3 -5 -6 -7
leaf_value=-0.0035174206621013579 -0.0097262525661238313 0.0008814221276686739 0.0051474718306036222 -0.00047985995720539775 0.0016450717076659197 -0.0018849183653946965
leaf_weight=5.9999999999999991 19 3.0000000000000027 53 3.9999999999999991 5.0000000000000027 18
leaf_count=6 19 3 53 4 5 18
internal_value=-0.000317038 -0.00543099 0.00357937 0.00473989 -0.00046231 -0.00133288
internal_weight=108 45 63 57 26 21
internal_count=108 45 63 57 26 21
cat_boundaries=0 1 2
cat_threshold=1 2
is_linear=0
shrinkage=0.03


Tree=4
num_leaves=9
num_cat=1
split_feature=9 10 5 10 11 11 11 11
split_gain=1.7857 0.818944 0.725612 0.529983 0.388215 0.330336 0.0502957 0.0172265
threshold=4.5000000000000009 22900.500000000004 0 16124.500000000002 7130.1750000000011 3526.9250000000006 12133.333333333334 7346.8000000000011
decision_type=2 2 1 2 2 2 2 2
left_child=1 3 4 5 -2 -1 -7 -6
right_child=2 -3 -4 -5 7 6 -8 -9
leaf_value=-0.0023938854049461388 -0.0076633574552697073 0.0047469803157190868 0.0028390397876501081 -0.0043351818750733909 0.00038425144340310775 0.0047246064946931945 0.00011216927606325882 -0.0011683475226163863
leaf_weight=3.0000000000000027 24 42 3.9999999999999991 12.999999999999998 3.9999999999999991 6.9999999999999982 3 7.9999999999999991
leaf_count=3 24 42 4 13 4 7 3 8
internal_value=-0.000327699 0.00253577 -0.00472917 -0.00136259 -0.00600445 0.00220243 0.00408883 -0.000711397
internal_weight=108 68 40 26 36 13 10 12
internal_count=108 68 40 26 36 13 10 12
cat_boundaries=0 1
cat_threshold=2
is_linear=0
shrinkage=0.03


Tree=5
num_leaves=10
num_cat=2
split_feature=6 11 11 9 11 5 11 10 10
split_gain=2.66167 1.15503 0.809274 0.65202 0.131049 0.0937133 0.0601358 0.00777838 0.0199243
threshold=0 7130.1750000000011 4176.791666666667 5.5000000000000009 7807.7500000000009 1 7346.8000000000011 36809.500000000007 33030.500000000007
decision_type=1 2 2 2 2 1 2 2 2
left_child=2 -2 -1 -4 -5 6 -3 8 -8
right_child=1 5 3 4 -6 -7 7 -9 -10
leaf_value=-0.0034445050518843346 -0.0094076236465881601 0.00087265976346456058 0.0058024394756247249 -0.0029368941695429385 0.0013746854032461459 0.0015811511985957618 -0.0011114283961554366 -0.0024891984189162031 0.00049625087263328687
leaf_weight=5.9999999999999991 19 3.0000000000000027 48 5.9999999999999982 3 5.0000000000000027 8.0000000000000018 5.9999999999999991 3.9999999999999991
leaf_count=6 19 3 48 6 3 5 8 6 4
internal_value=-0.00032487 -0.00528445 0.0034563 0.00458839 -0.0015326 -0.000495098 -0.00134003 -0.00188876 -0.000593554
internal_weight=108 45 63 57 9 26 21 18 12
internal_count=108 45 63 57 9 26 21 18 12
cat_boundaries=0 1 2
cat_threshold=1 2
is_linear=0
shrinkage=0.03


Tree=6
num_leaves=13
num_cat=2
split_feature=6 11 11 10 5 11 10 10 10 10 10 10
split_gain=2.47809 0.986627 0.31312 0.461142 0.154193 0.143912 0.48873 0.0562672 0.117143 0.0542126 0.00121555 0.00912295
threshold=0 7636.7380952380963 8906.2916666666697 28138.000000000004 1 5523.8333333333348 16383.500000000002 21832.000000000004 17192.000000000004 25282.000000000004 27660.500000000004 24561.000000000004
decision_type=1 2 2 2 1 2 2 2 2 2 2 2
left_child=2 -2 3 5 -3 6 -1 8 -7 -8 11 -6
right_child=1 4 -4 -5 10 7 9 -9 -10 -11 -12 -13
leaf_value=0.0036364053351280734 -0.0080471017829009464 0.0022785948600400896 0.0057474133011794857 -0.0020964629564434287 -0.0007691730399216922 0.0024583686315096339 -0.0040904773133141649 0.0055252509524947712 -0.0016228261188818858 8.4849240688177261e-05 -0.0017164502443526599 0.00038260294840886046
leaf_weight=10.000000000000002 25 7 21 14.999999999999998 4.0000000000000018 2.9999999999999991 3.9999999999999991 8.9999999999999982 3 3 7 3
leaf_count=10 25 7 21 15 4 3 4 9 3 3 7 3
internal_value=-0.00015905 -0.00496226 0.0033098 0.00140342 0.000121351 0.00315253 0.000613499 0.00463367 0.000678878 -0.00330374 -0.00145726 -0.000340858
internal_weight=114 46 68 47 21 32 17 15 6 7 14 7
internal_count=114 46 68 47 21 32 17 15 6 7 14 7
cat_boundaries=0 1 2
cat_threshold=1 1
is_linear=0
shrinkage=0.03


Tree=7
num_leaves=7
num_cat=3
split_feature=6 11 9 5 5 11
split_gain=2.37794 0.945022 0.553125 0.297582 0.150455 0.0419739
threshold=0 7636.7380952380963 4.5000000000000009 1 2 7530.6833333333343
decision_type=1 2 2 1 1 2
left_child=2 -2 -1 -4 -3 -5
right_child=1 4 3 5 -6 -7
leaf_value=0.0046031081050512245 -0.007874663778713771 -0.0014398298950982279 0.0027541368561131612 -0.0035517981275916093 0.0022504475515554932 -0.00014018643647432328
leaf_weight=51 25 14 4 8.0000000000000018 7.0000000000000009 4.9999999999999991
leaf_count=51 25 14 4 8 7 5
internal_value=-0.000149993 -0.00485556 0.00324759 -0.00101768 0.000119409 -0.00287109
internal_weight=114 46 68 17 21 13
internal_count=114 46 68 17 21 13
cat_boundaries=0 1 2 3
cat_threshold=1 1 2
is_linear=0
shrinkage=0.03


Tree=8
num_leaves=9
num_cat=3
split_feature=6 11 9 5 5 11 10 10
split_gain=2.26705 0.907243 0.527077 0.291248 0.146152 0.0408201 0.00171622 0.00902149
threshold=0 7636.7380952380963 4.5000000000000009 1 2 7530.6833333333343 27660.500000000004 24561.000000000004
decision_type=1 2 2 1 1 2 2 2
left_child=2 -2 -1 -4 -3 -5 7 -6
right_child=1 4 3 5 6 -7 -8 -9
leaf_value=0.0044876531501621252 -0.0077059211736278874 0.0022226478751091391 0.0027305299362965995 -0.0035044408527513337 -0.00075023870382990134 -0.00013878455013036726 -0.0016774608360548666 0.00038992219819472383
leaf_weight=51 25 7 4 8.0000000000000018 4.0000000000000018 4.9999999999999991 7 3
leaf_count=51 25 7 4 8 4 5 7 3
internal_value=-0.000153717 -0.00474774 0.00316426 -0.000997566 0.000123672 -0.00283312 -0.00141463 -0.000319668
internal_weight=114 46 68 17 21 13 14 7
internal_count=114 46 68 17 21 13 14 7
cat_boundaries=0 1 2 3
cat_threshold=1 1 1
is_linear=0
shrinkage=0.03


Tree=9
num_leaves=12
num_cat=1
split_feature=6 11 9 11 9 10 10 10 11 10 10
split_gain=2.07458 0.662634 1.07249 0.650125 0.124033 0.112847 0.0300583 0.070941 0.0555426 0.00603103 0.00634613
threshold=0 5523.8333333333348 2.5000000000000004 7130.1750000000011 5.5000000000000009 27660.500000000004 36809.500000000007 33030.500000000007 10934.875000000002 27660.500000000004 24561.000000000004
decision_type=1 2 2 2 2 2 2 2 2 2 2
left_child=1 2 -1 -2 -3 -4 7 9 -8 10 -5
right_child=3 4 5 6 -6 -7 8 -9 -10 -11 -12
leaf_value=0.0061236606559787786 -0.0079810490552335977 0.005388741897249763 -0.0055502735520713033 -0.0005600725286282023 0.00014646911248564719 -8.6750562435814313e-06 -0.0024532745182514189 0.0014315509858230748 0.00063037243412019544 -0.0015787944426903357 0.00038722275254818111
leaf_weight=3.0000000000000027 13.999999999999998 45 9.9999999999999982 3.0000000000000053 4.9999999999999991 3.9999999999999991 5 7.9999999999999991 3 3 3
leaf_count=3 14 45 10 3 5 4 5 8 3 3 3
internal_value=0.000430221 0.00346829 -0.00116738 -0.00443169 0.0049763 -0.00463029 -0.00073165 0.000110983 -0.00158913 -0.00119849 -0.00014044
internal_weight=106 67 17 39 50 14 25 17 8 9 6
internal_count=106 67 17 39 50 14 25 17 8 9 6
cat_boundaries=0 1
cat_threshold=1
is_linear=0
shrinkage=0.03


Tree=10
num_leaves=11
num_cat=2
split_feature=6 11 9 11 12 10 9 5 10 10
split_gain=1.99603 0.627181 1.05085 0.624963 0.135514 0.109479 0.0943481 0.0685011 0.0267952 0.0439687
threshold=0 5523.8333333333348 2.5000000000000004 7130.1750000000011 1.5000000000000002 27660.500000000004 5.5000000000000009 1 36809.500000000007 33030.500000000007
decision_type=1 2 2 2 2 2 2 1 2 2
left_child=1 2 -1 -2 6 -4 -3 8 9 -5
right_child=3 4 5 7 -6 -7 -8 -9 -10 -11
leaf_value=0.0060812660750861336 -0.0078413806203752739 0.0055266848979693538 -0.0054670194145292044 -0.0012044606233636535 -0.00034359984672986541 -8.6006987839937213e-06 0.00020239783184868948 0.0011434859782457347 -0.002279281908631674 0.00096963209565728895
leaf_weight=3.0000000000000027 13.999999999999998 43 9.9999999999999982 8.0000000000000018 2.9999999999999991 3.9999999999999991 3.9999999999999991 5.0000000000000027 5.9999999999999991 5.9999999999999991
leaf_count=3 14 43 10 8 3 4 4 5 6 6
internal_value=0.000406907 0.00338801 -0.00112609 -0.00436073 0.00485468 -0.00456087 0.00518856 -0.000728069 -0.00142116 -0.000256924
internal_weight=106 67 17 39 50 14 47 25 20 14
internal_count=106 67 17 39 50 14 47 25 20 14
cat_boundaries=0 1 2
cat_threshold=1 2
is_linear=0
shrinkage=0.03


Tree=11
num_leaves=6
num_cat=2
split_feature=6 10 10 5 12
split_gain=1.91823 0.340775 1.20175 0.322432 0.222308
threshold=0 12575.500000000002 22900.500000000004 1 1.5000000000000002
decision_type=1 2 2 1 2
left_child=1 -1 -3 -2 -4
right_child=3 2 4 -5 -6
leaf_value=0.0078478625283709587 -0.0051593099882963787 -0.0036832151167954389 0.0047709168490233283 0.0011320511251688003 -0.00086552195916218409
leaf_weight=3.9999999999999991 34 15.999999999999998 43 4.9999999999999991 3.9999999999999991
leaf_count=4 34 16 43 5 4
internal_value=0.00038637 0.00330971 0.001986 -0.0042863 0.00422353
internal_weight=106 67 63 39 47
internal_count=106 67 63 39 47
cat_boundaries=0 1 2
cat_threshold=1 2
is_linear=0
shrinkage=0.03


Tree=12
num_leaves=14
num_cat=4
split_feature=11 6 11 11 11 9 6 5 10 10 10 6 11
split_gain=1.54462 0.954811 0.473434 0.263121 0.258618 0.231921 0.219614 0.106238 0.0285531 0.207659 0.0529624 0.0157134 0.00952373
threshold=6758.8333333333348 0 4176.791666666667 8906.2916666666697 6935.3333333333348 5.5000000000000009 1 2 11827.500000000002 21832.000000000004 17192.000000000004 3 7346.8000000000011
decision_type=2 1 2 2 2 2 1 1 2 2 2 1 2
left_child=1 2 -1 4 -2 8 -5 11 -4 10 -10 -6 -13
right_child=3 -3 5 6 7 -7 -8 -9 9 -11 -12 12 -14
leaf_value=-0.0040129787836442965 0.0041344787151767646 -0.0075936997433503454 0.0048300961347726651 0.0059661454017904975 -0.00213810861396434 -0.001633003681898117 0.00077208091155625872 0.0014785507395863526 0.00043736569583415982 0.0034235785485190505 -0.0024188762330091913 0.00040106055991990201 -0.00071690396219491952
leaf_weight=7.0000000000000027 3.0000000000000027 17 3.0000000000000062 21 11.999999999999989 4.9999999999999991 13.999999999999998 5.0000000000000062 5.9999999999999982 6.9999999999999991 3 4.0000000000000071 5
leaf_count=7 3 17 3 21 12 5 14 5 6 7 3 4 5
internal_value=0.000213351 -0.00346898 9.33866e-05 0.00307067 0.000608959 0.0021191 0.00452179 -0.000833301 0.00332912 0.0012982 -0.00128671 -0.00168313 -0.000270459
internal_weight=112 48 31 64 29 24 35 26 19 16 9 21 9
internal_count=112 48 31 64 29 24 35 26 19 16 9 21 9
cat_boundaries=0 1 2 3 4
cat_threshold=1 1 2 1
is_linear=0
shrinkage=0.03


Tree=13
num_leaves=11
num_cat=2
split_feature=5 6 9 9 10 9 9 10 9 10
split_gain=1.35847 1.03646 0.354298 0.129084 0.127714 0.446477 0.0255393 0.014024 0.00702474 0.00368408
threshold=0 1 4.5000000000000009 2.5000000000000004 21832.000000000004 2.5000000000000004 3.5000000000000004 11827.500000000002 6.5000000000000009 25919.000000000004
decision_type=1 1 2 2 2 2 2 2 2 2
left_child=1 2 4 9 5 7 -7 -1 -4 -3
right_child=-2 3 8 -5 -6 6 -8 -9 -10 -11
leaf_value=0.0043937392838831451 0.0059345210472057609 -0.00054869482150444614 -0.0025829506881142918 -0.0054937596694351384 0.0033322528352561801 -0.00049793901019974749 -0.0032910345494747161 0.00037744003992814281 -0.00019242137383956176 0.0002131832276399319
leaf_weight=4.0000000000000027 19 2.9999999999999991 8.9999999999999982 29 25 8.9999999999999982 4.9999999999999991 3 2.9999999999999991 3
leaf_count=4 19 3 9 29 25 9 5 3 3 3
internal_value=0.000214155 -0.00141723 0.00106829 -0.00485818 0.00221824 0.000244926 -0.0024511 0.003907 -0.00234443 -0.000272603
internal_weight=112 93 58 35 46 21 14 7 12 6
internal_count=112 93 58 35 46 21 14 7 12 6
cat_boundaries=0 1 2
cat_threshold=2 1
is_linear=0
shrinkage=0.03


Tree=14
num_leaves=15
num_cat=4
split_feature=11 6 11 11 11 9 6 5 10 10 10 6 10 10
split_gain=1.45113 0.892889 0.456536 0.240485 0.25063 0.22285 0.205848 0.096994 0.0305414 0.198413 0.0518272 0.0201218 0.0195614 0.0128938
threshold=6758.8333333333348 0 4176.791666666667 8906.2916666666697 6935.3333333333348 5.5000000000000009 1 2 11827.500000000002 21832.000000000004 17192.000000000004 3 36454.000000000007 36371.500000000007
decision_type=2 1 2 2 2 2 1 1 2 2 2 1 2 2
left_child=1 2 -1 4 -2 8 -5 11 -4 10 -10 -6 13 -13
right_child=3 -3 5 6 7 -7 -8 -9 9 -11 -12 12 -14 -15
leaf_value=-0.0039437421564670165 0.0040827858161467754 -0.0073464922855297722 0.004766238927841184 0.0057677870620823201 -0.0021181982853026556 -0.0016004062462598085 0.00074333851807750762 0.0014044200330972664 0.00043640585616230962 0.0033367859594085635 -0.0023857916146516798 -0.00036702816876081298 -0.00099413290100458713 0.0010845464353378001
leaf_weight=7.0000000000000027 3.0000000000000027 17 3.0000000000000062 21 11.999999999999989 4.9999999999999991 13.999999999999998 5.0000000000000062 5.9999999999999982 6.9999999999999991 3 3.0000000000000071 3 3
leaf_count=7 3 17 3 21 12 5 14 5 6 7 3 3 3 3
internal_value=0.000211773 -0.00335778 8.79015e-05 0.00298091 0.000614004 0.00207787 0.00436981 -0.000809168 0.00326392 0.00125741 -0.00126488 -0.00161924 -0.000189263 0.000582984
internal_weight=112 48 31 64 29 24 35 26 19 16 9 21 9 6
internal_count=112 48 31 64 29 24 35 26 19 16 9 21 9 6
cat_boundaries=0 1 2 3 4
cat_threshold=1 1 2 1
is_linear=0
shrinkage=0.03


Tree=15
num_leaves=10
num_cat=3
split_feature=9 6 5 10 10 5 9 9 10
split_gain=1.20852 0.392419 0.248961 0.190747 0.746146 0.138419 0.114321 0.0425635 0.0215568
threshold=4.5000000000000009 0 1 21832.000000000004 16124.500000000002 2 3.5000000000000004 1.5000000000000002 46222.500000000007
decision_type=2 1 1 2 2 1 2 2 2
left_child=1 3 8 4 -1 6 7 -3 -2
right_child=2 5 -4 -5 -6 -7 -8 -9 -10
leaf_value=0.0047340865220342355 -0.0046608504600164184 -0.0011325303465127945 0.0013859127347285931 0.0048260990326831994 -0.0032062446867877786 0.0017430848096098212 -0.0037673760503530501 0.0011050501208314124 -0.00037753824574443008
leaf_weight=11.000000000000002 31 3.9999999999999982 2.9999999999999991 28 11.999999999999998 4.0000000000000027 4.9999999999999991 7 2.9999999999999991
leaf_count=11 31 4 3 28 12 4 5 7 3
internal_value=4.32811e-05 0.00226041 -0.00378694 0.00347984 0.000875104 -0.000972568 -0.00206078 0.000139544 -0.00445461
internal_weight=108 71 37 51 23 20 16 11 34
internal_count=108 71 37 51 23 20 16 11 34
cat_boundaries=0 1 2 3
cat_threshold=1 2 2
is_linear=0
shrinkage=0.03


Tree=16
num_leaves=11
num_cat=3
split_feature=9 6 5 10 10 9 5 9 9 10
split_gain=1.15236 0.378585 0.241103 0.181104 0.722471 0.169745 0.136033 0.111722 0.0416859 0.0199054
threshold=4.5000000000000009 0 1 21832.000000000004 16124.500000000002 2.5000000000000004 2 3.5000000000000004 1.5000000000000002 46222.500000000007
decision_type=2 1 1 2 2 2 1 2 2 2
left_child=1 3 9 4 5 -1 7 8 -3 -2
right_child=2 6 -4 -5 -6 -7 -8 -9 -10 -11
leaf_value=0.0059789469312219049 -0.0045551288200587764 -0.0011228229371564727 0.0013763179572728963 0.0047194168437885023 -0.0031537789106369017 -0.00027060960020337783 0.0017281440432582577 -0.0037297023236751554 0.0010913995012421819 -0.00037492452332606678
leaf_weight=7.0000000000000018 31 3.9999999999999982 2.9999999999999991 28 11.999999999999998 4 4.0000000000000027 4.9999999999999991 7 2.9999999999999991
leaf_count=7 31 4 3 28 12 4 4 5 7 3
internal_value=4.36343e-05 0.00220853 -0.00369664 0.00340669 0.00086274 0.00465969 -0.000963908 -0.00204274 0.000134965 -0.00435533
internal_weight=108 71 37 51 23 11 20 16 11 34
internal_count=108 71 37 51 23 11 20 16 11 34
cat_boundaries=0 1 2 3
cat_threshold=1 2 2
is_linear=0
shrinkage=0.03


Tree=17
num_leaves=11
num_cat=3
split_feature=9 6 5 10 10 9 5 9 9 10
split_gain=1.10025 0.366084 0.233511 0.170196 0.702161 0.165732 0.133688 0.109182 0.0408266 0.0183489
threshold=4.5000000000000009 0 1 21832.000000000004 16124.500000000002 2.5000000000000004 2 3.5000000000000004 1.5000000000000002 46222.500000000007
decision_type=2 1 1 2 2 2 1 2 2 2
left_child=1 3 9 4 5 -1 7 8 -3 -2
right_child=2 6 -4 -5 -6 -7 -8 -9 -10 -11
leaf_value=0.0059050893608261542 -0.0044518050420802174 -0.001113198756107262 0.0013667895472966706 0.0046150928879107695 -0.0031021715632893821 -0.0002682901280266898 0.0017133313843182151 -0.003692405253648758 0.0010779174745959392 -0.00037232888432649463
leaf_weight=7.0000000000000018 31 3.9999999999999982 2.9999999999999991 28 11.999999999999998 4 4.0000000000000027 4.9999999999999991 7 2.9999999999999991
leaf_count=7 31 4 3 28 12 4 4 5 7 3
internal_value=4.6615e-05 0.00216169 -0.00360843 0.00334027 0.000860081 0.00460145 -0.000955321 -0.00202486 0.000130467 -0.00425828
internal_weight=108 71 37 51 23 11 20 16 11 34
internal_count=108 71 37 51 23 11 20 16 11 34
cat_boundaries=0 1 2 3
cat_threshold=1 2 2
is_linear=0
shrinkage=0.03


Tree=18
num_leaves=11
num_cat=1
split_feature=6 11 9 10 10 9 11 9 10 11
split_gain=1.33657 0.815389 0.397454 0.409945 0.805842 0.284675 0.0887234 0.0702228 0.0330505 0.00745468
threshold=0 8210.0000000000018 5.5000000000000009 21832.000000000004 16124.500000000002 2.5000000000000004 4176.791666666667 1.5000000000000002 46222.500000000007 7346.8000000000011
decision_type=1 2 2 2 2 2 2 2 2 2
left_child=2 9 3 4 5 -1 -7 -3 -4 -2
right_child=1 7 8 -5 -6 6 -8 -9 -10 -11
leaf_value=0.0058321444251958048 -0.0072435720131865562 -0.0010003343568398403 -0.0024603106026702065 0.0048549235519021747 -0.0044409562870860097 -0.0022475071308704522 0.0013314891320008496 0.00203666645301772 0.00025762794897533383 -0.0014114211295964195
leaf_weight=7.0000000000000018 18.000000000000004 2.9999999999999991 6.9999999999999982 35 9.9999999999999982 3 3 10.999999999999998 3 5.9999999999999991
leaf_count=7 18 3 7 35 10 3 3 11 3 6
internal_value=-0.00014847 -0.00407577 0.00228737 0.00318957 -4.79062e-05 0.00379297 -0.000744265 0.00124024 -0.00192381 -0.00662949
internal_weight=106 38 68 58 23 13 6 14 10 24
internal_count=106 38 68 58 23 13 6 14 10 24
cat_boundaries=0 1
cat_threshold=1
is_linear=0
shrinkage=0.03


Tree=19
num_leaves=9
num_cat=1
split_feature=6 11 9 11 9 11 11 11
split_gain=1.28197 0.785159 0.383126 0.390392 0.0685939 0.0323261 0.00510746 0.00019891
threshold=0 8210.0000000000018 5.5000000000000009 4176.791666666667 1.5000000000000002 7636.7380952380963 7346.8000000000011 4806.2500000000009
decision_type=1 2 2 2 2 2 2 2
left_child=2 6 3 -1 -3 7 -2 -4
right_child=1 4 5 -5 -6 -7 -8 -9
leaf_value=-0.0019367282185703515 -0.0071038747126502639 -0.00099340897913162505 -0.00039649652583258492 0.0039188808306390719 0.0020046617230400441 0.00025584437884390354 -0.0013955426443135366 -0.0027505895781975527
leaf_weight=5.9999999999999991 18.000000000000004 2.9999999999999991 3.9999999999999982 52 10.999999999999998 3 5.9999999999999991 3
leaf_count=6 18 3 4 52 11 3 6 3
internal_value=-0.000155632 -0.00400112 0.00223077 0.0031174 0.00121598 -0.00189913 -0.00650698 -0.00242992
internal_weight=106 38 68 58 14 10 24 7
internal_count=106 38 68 58 14 10 24 7
cat_boundaries=0 1
cat_threshold=1
is_linear=0
shrinkage=0.03


Tree=20
num_leaves=17
num_cat=1
split_feature=6 11 11 11 10 10 11 11 10 10 10 10 11 11 11 11
split_gain=1.22348 0.75604 0.272734 0.104881 0.355887 0.0670495 0.060937 0.053534 0.0481565 0.0452637 0.0127192 0.321831 0.166512 0.0339236 0.0169561 0.00304765
threshold=0 8210.0000000000018 4176.791666666667 8906.2916666666697 28138.000000000004 22900.500000000004 6129.8750000000009 15536.16666666667 14391.000000000002 46222.500000000007 11827.500000000002 21832.000000000004 5258.3000000000011 5523.8333333333348 6484.416666666667 7279.0000000000009
decision_type=1 2 2 2 2 2 2 2 2 2 2 2 2 2 2 2
left_child=2 15 8 4 10 -5 -6 -3 -1 -8 -4 12 -12 -13 -14 -2
right_child=1 7 3 5 6 -7 9 -9 -10 -11 11 13 14 -15 -16 -17
leaf_value=0.00041370756351030789 -0.0070682276785373676 0.0020041338560220444 0.004550686088892128 0.00013665973075798575 0.00057853931095451115 0.0046439956218518059 -0.0030136416604121525 -0.00063113970402628179 -0.0027705566212534905 0.00025407314300537106 0.0014180554077029223 0.0001790792838885234 -0.0038443945004389838 0.0042993155253740643 -0.00025766983055151426 -0.0015475138035767218
leaf_weight=2.9999999999999991 17.000000000000004 8.9999999999999982 3.0000000000000027 4.0000000000000027 3.9999999999999991 19 7.9999999999999982 4.9999999999999991 3 3 4.0000000000000018 2.9999999999999991 3 7.9999999999999991 3 6.9999999999999991
leaf_count=3 17 9 3 4 4 19 8 5 3 3 4 3 3 8 3 7
internal_value=-0.00017268 -0.00392788 0.00216035 0.00276593 0.00127668 0.00413906 -0.00171372 0.00119214 -0.00191494 -0.00242584 0.00310002 0.00149167 -0.0016737 0.00379599 -0.00333293 -0.00638676
internal_weight=106 38 68 62 39 23 15 14 6 11 24 21 10 11 6 24
internal_count=106 38 68 62 39 23 15 14 6 11 24 21 10 11 6 24
cat_boundaries=0 1
cat_threshold=1
is_linear=0
shrinkage=0.03


Tree=21
num_leaves=10
num_cat=1
split_feature=6 11 11 11 12 10 10 10 10
split_gain=1.15289 0.615103 0.407445 0.182664 0.116895 0.0367445 0.0405653 0.0245463 0.47882
threshold=0 7130.1750000000011 4495.5000000000009 3526.9250000000006 1.5000000000000002 36809.500000000007 21832.000000000004 21832.000000000004 20169.000000000004
decision_type=1 2 2 2 2 2 2 2 2
left_child=2 -2 3 -1 7 6 -3 8 -4
right_child=1 5 4 -5 -6 -7 -8 -9 -10
leaf_value=0.0014672648132993626 -0.006445446734627088 -0.00065266878477164656 0.0043435282304006466 -0.0037944639474153516 -0.00039012645557522769 -0.00095279401966503682 0.0016275578737258911 0.0041305587701615876 -0.0029639008920639754
leaf_weight=3 17 4.0000000000000027 6.9999999999999982 5 4.9999999999999991 3.9999999999999991 10.999999999999998 40 6
leaf_count=3 17 4 7 5 5 4 11 40 6
internal_value=0.000240413 -0.0035288 0.00249015 -0.00210236 0.00333961 0.000403525 0.00100165 0.00369755 0.00114859
internal_weight=102 36 66 8 58 19 15 53 13
internal_count=102 36 66 8 58 19 15 53 13
cat_boundaries=0 1
cat_threshold=1
is_linear=0
shrinkage=0.03


Tree=22
num_leaves=11
num_cat=1
split_feature=6 11 11 11 9 12 10 10 10 10
split_gain=1.10456 0.591027 0.393147 0.17949 0.160187 0.132652 0.0499517 0.467536 0.0357959 0.0395367
threshold=0 7130.1750000000011 4495.5000000000009 3526.9250000000006 6.5000000000000009 1.5000000000000002 21832.000000000004 20169.000000000004 36809.500000000007 21832.000000000004
decision_type=1 2 2 2 2 2 2 2 2 2
left_child=2 -2 3 -1 5 6 7 -4 9 -3
right_child=1 8 4 -5 -6 -7 -8 -9 -10 -11
leaf_value=0.0014571068579187761 -0.0063236994958586167 -0.00064707449504307324 0.0042898727690472323 -0.0037565193176269532 -0.0010533831995696975 -0.00038622519187629222 0.004580111735440949 -0.0029305570106953381 -0.00094462715621505464 0.0016019819437393119
leaf_weight=3 17 4.0000000000000027 6.9999999999999982 5 2.9999999999999991 4.9999999999999991 37 6 3.9999999999999991 10.999999999999998
leaf_count=3 17 4 7 5 3 5 37 6 4 11
internal_value=0.000223476 -0.00346483 0.00242647 -0.00207808 0.00326201 0.00362324 0.00402174 0.00113213 0.000391648 0.000983303
internal_weight=102 36 66 8 58 55 50 13 19 15
internal_count=102 36 66 8 58 55 50 13 19 15
cat_boundaries=0 1
cat_threshold=1
is_linear=0
shrinkage=0.03


Tree=23
num_leaves=11
num_cat=1
split_feature=6 11 11 11 12 10 10 10 10 10
split_gain=1.05755 0.567875 0.379094 0.176372 0.107611 0.0348721 0.0385348 0.0194427 0.456518 0.000195383
threshold=0 7130.1750000000011 4495.5000000000009 3526.9250000000006 1.5000000000000002 36809.500000000007 21832.000000000004 21832.000000000004 20169.000000000004 33030.500000000007
decision_type=1 2 2 2 2 2 2 2 2 2
left_child=2 -2 3 -1 7 6 -3 8 -4 -8
right_child=1 5 4 -5 -6 -7 9 -9 -10 -11
leaf_value=0.0014470192417502402 -0.0062042518705129621 -0.00064152814980064101 0.0042368802077629988 -0.0037189541608095168 -0.0003823629412800073 -0.00093653036547558651 0.00030292236432433124 0.0039316430239006873 -0.0028975882055237889 0.001785570723004639
leaf_weight=3 17 4.0000000000000027 6.9999999999999982 5 4.9999999999999991 3.9999999999999991 4.9999999999999982 40 6 6
leaf_count=3 17 4 7 5 5 4 5 40 6 6
internal_value=0.000205755 -0.00340206 0.00236236 -0.00205406 0.003184 0.000380005 0.000965263 0.00352774 0.00111589 0.00157681
internal_weight=102 36 66 8 58 19 15 53 13 11
internal_count=102 36 66 8 58 19 15 53 13 11
cat_boundaries=0 1
cat_threshold=1
is_linear=0
shrinkage=0.03


Tree=24
num_leaves=15
num_cat=2
split_feature=6 11 9 11 11 11 9 11 5 11 9 9 11 11
split_gain=1.05728 0.607215 0.210991 0.142654 0.130421 0.317734 0.0954302 0.0513504 0.034647 0.0412965 0.0119638 0.029014 0.0014292 0.0104969
threshold=0 7130.1750000000011 5.5000000000000009 4176.791666666667 6935.3333333333348 8906.2916666666697 3.5000000000000004 7636.7380952380963 1 7346.8000000000011 3.5000000000000004 1.5000000000000002 7636.7380952380963 7296.1250000000009
decision_type=1 2 2 2 2 2 2 2 1 2 2 2 2 2
left_child=2 -2 3 6 -5 12 -1 -4 -3 -10 11 -11 13 -6
right_child=1 8 7 4 5 -7 -8 -9 9 10 -12 -13 -14 -15
leaf_value=0.0017068710923194884 -0.005653047462304433 0.0016874035913497208 -0.0016344457073137163 0.0056368948534251213 -0.0008114823007157871 0.0034562941963839178 -0.0018698477638619286 0.00099034225138334118 0.0012597233286270721 -0.0010060806678874152 -0.0013658636100590228 0.00086404630739707496 -0.0017958232334681918 0.00041915603268605011
leaf_weight=2.9999999999999991 17 6 5.9999999999999982 21 3.9999999999999982 24 4 3 3.0000000000000062 3.9999999999999982 4.9999999999999991 6 4 3
leaf_count=3 17 6 6 21 4 24 4 3 3 4 5 6 4 3
internal_value=0.000926289 -0.00254913 0.00297487 0.00352351 0.00395764 0.00192135 -0.00023462 -0.000698773 0.000665486 -0.000156141 -0.000829934 -1.30194e-05 -0.00147873 -0.000347748
internal_weight=113 41 72 63 56 35 7 9 24 18 15 10 11 7
internal_count=113 41 72 63 56 35 7 9 24 18 15 10 11 7
cat_boundaries=0 1 2
cat_threshold=1 1
is_linear=0
shrinkage=0.03


Tree=25
num_leaves=12
num_cat=1
split_feature=5 9 11 11 11 11 9 11 11 11 11
split_gain=0.736444 0.577749 0.810988 0.468123 0.0982059 0.146134 0.0349686 0.0262137 0.0104343 0.0331118 0.000981599
threshold=0 2.5000000000000004 6758.8333333333348 9587.1250000000018 7130.1750000000011 8906.2916666666697 3.5000000000000004 7636.7380952380963 12909.875000000002 19036.000000000004 7296.1250000000009
decision_type=1 2 2 2 2 2 2 2 2 2 2
left_child=1 3 6 -1 -4 7 -3 10 -5 -10 -6
right_child=-2 2 4 8 5 -7 -8 -9 9 -11 -12
leaf_value=0.0074083394583846843 0.0052834863257077008 -0.00099114051461219785 0.003632856481043356 -0.00086528358981013292 -0.00010512381792068478 0.002057832380971656 -0.0045101004136959095 -0.0016680148607119917 0.0012723505668915235 -0.00084704048931598657 0.00025383147411048415
leaf_weight=3.9999999999999991 17 9.9999999999999982 3.9999999999999991 4.9999999999999982 5.0000000000000018 15.999999999999998 30 9.9999999999999982 3 4 5
leaf_count=4 17 10 4 5 5 16 30 10 3 4 5
internal_value=0.000903095 -0.000297862 -0.00141103 0.00366998 0.00146468 0.00048639 -0.00400454 -0.00103766 -0.000377148 0.000275411 0.000111531
internal_weight=113 96 80 16 40 36 40 20 12 7 10
internal_count=113 96 80 16 40 36 40 20 12 7 10
cat_boundaries=0 1
cat_threshold=2
is_linear=0
shrinkage=0.03


Tree=26
num_leaves=9
num_cat=3
split_feature=6 5 9 5 9 9 9 9
split_gain=0.998128 0.269081 0.194511 0.32281 0.10239 0.029653 0.00561292 0.00514166
threshold=0 1 2.5000000000000004 2 4.5000000000000009 2.5000000000000004 5.5000000000000009 3.5000000000000004
decision_type=1 1 2 1 2 2 2 2
left_child=2 5 -1 4 7 -2 -6 -4
right_child=1 -3 3 -5 6 -7 -8 -9
leaf_value=0.0056074591752673895 -0.00045677646528929472 0.0016089811082929371 0.00037059608580810682 0.0049207524731755253 -0.00010287211941821234 -0.0037084982877310648 -0.0016471924679353834 0.0013471732189458225
leaf_weight=10.999999999999998 5.9999999999999991 5.9999999999999991 18 9.9999999999999982 3.9999999999999991 29 7.9999999999999991 21
leaf_count=11 6 6 18 10 4 29 8 21
internal_value=0.000902642 -0.00247443 0.00289294 0.0016826 0.000345072 -0.00337644 -0.00141317 0.00106406
internal_weight=113 41 72 61 51 35 12 39
internal_count=113 41 72 61 51 35 12 39
cat_boundaries=0 1 2 3
cat_threshold=1 2 2
is_linear=0
shrinkage=0.03


Tree=27
num_leaves=16
num_cat=0
split_feature=11 9 11 10 11 9 10 11 9 11 11 11 10 11 11
split_gain=0.963503 0.430928 0.193492 0.254535 0.140026 0.0935564 0.0487721 0.0441707 0.0441314 0.0220863 0.0188072 0.0464227 0.0178862 0.0013807 0.000799207
threshold=8210.0000000000018 2.5000000000000004 5523.8333333333348 30455.000000000004 6281.5178571428578 3.5000000000000004 21832.000000000004 12909.875000000002 3.5000000000000004 8906.2916666666697 6935.3333333333348 7346.8000000000011 28138.000000000004 7279.0000000000009 7530.6833333333343
decision_type=2 2 2 2 2 2 2 2 2 2 2 2 2 2 2
left_child=1 -1 5 4 -4 -3 7 -2 -6 -8 -5 13 -10 -12 -13
right_child=6 2 3 10 8 -7 9 -9 12 -11 11 14 -14 -15 -16
leaf_value=0.002727440372109413 -0.0011896219734962169 -0.00031891137361526482 0.0027458018126587064 -0.0040186600474750285 -0.0021017203967158607 -0.0054394087779589678 0.00035022074729204177 0.0012845592430004707 0.0010876552230463577 0.0033561980932091291 0.00065147751798996561 -0.00022729730376830468 -0.00050841815503580229 -1.5080273151397705e-05 -0.0020670362451346591
leaf_weight=4.9999999999999991 2.9999999999999991 5.0000000000000027 8.0000000000000018 7.0000000000000027 2.9999999999999982 23 4.9999999999999991 3 3 29 2.9999999999999991 2.9999999999999982 4 3 6
leaf_count=5 3 5 8 7 3 23 5 3 3 29 3 3 4 3 6
internal_value=-0.000593017 -0.00253398 -0.00322092 -0.00133896 0.00104013 -0.00484958 0.00274758 7.71365e-05 -0.00101504 0.00309421 -0.00300223 -0.00111017 0.000413039 0.000517073 -0.00189618
internal_weight=113 73 68 40 18 28 40 6 10 34 22 15 7 6 9
internal_count=113 73 68 40 18 28 40 6 10 34 22 15 7 6 9
is_linear=0
shrinkage=0.03


Tree=28
num_leaves=13
num_cat=1
split_feature=5 11 9 11 10 10 10 9 9 11 11 11
split_gain=0.976012 0.585512 0.635754 0.100597 0.0528825 0.0345633 0.015267 0.0184808 0.0150788 0.00670677 0.00237365 0.00153436
threshold=0 6758.8333333333348 2.5000000000000004 8906.2916666666697 28138.000000000004 34622.500000000007 20169.000000000004 2.5000000000000004 3.5000000000000004 7530.6833333333343 7279.0000000000009 7346.8000000000011
decision_type=1 2 2 2 2 2 2 2 2 2 2 2
left_child=1 2 -1 4 -3 6 -5 -8 -4 10 -6 -12
right_child=-2 3 8 5 9 -7 7 -9 -10 -11 11 -13
leaf_value=0.0027001656591892241 0.0045609240896171991 0.00097449063988668547 -0.00112363841603784 0.00086105313897132845 -0.00061251468383348884 0.0022633882271210575 -0.0010951360601133533 0.00047510085999965667 -0.005431055633972089 -0.0018086933655043443 0.00021999746188521382 -0.00022572371105735118
leaf_weight=4.9999999999999991 17 4.0000000000000027 6.9999999999999991 5.0000000000000027 3.0000000000000027 11.999999999999998 3.9999999999999982 5 35 7.9999999999999991 5 3
leaf_count=5 17 4 7 5 3 12 4 5 35 8 5 3
internal_value=-0.000584209 -0.00183965 -0.00391223 0.000474478 -0.000803356 0.00151403 0.000196267 -0.000431863 -0.0050673 -0.00138461 -0.000361768 2.03085e-05
internal_weight=113 96 47 49 23 26 14 9 42 19 11 8
internal_count=113 96 47 49 23 26 14 9 42 19 11 8
cat_boundaries=0 1
cat_threshold=2
is_linear=0
shrinkage=0.03


Tree=29
num_leaves=13
num_cat=1
split_feature=5 11 9 11 10 10 10 9 9 11 11 11
split_gain=0.935862 0.557669 0.614728 0.097557 0.0518104 0.0334181 0.0149935 0.018145 0.01259 0.00639718 0.00233234 0.00150872
threshold=0 6758.8333333333348 2.5000000000000004 8906.2916666666697 28138.000000000004 34622.500000000007 20169.000000000004 2.5000000000000004 3.5000000000000004 7530.6833333333343 7279.0000000000009 7346.8000000000011
decision_type=1 2 2 2 2 2 2 2 2 2 2 2
left_child=1 2 -1 4 -3 6 -5 -8 -4 10 -6 -12
right_child=-2 3 8 5 9 -7 7 -9 -10 -11 11 -13
leaf_value=0.002673163890838623 0.0044747733945647867 0.00096613789376403581 -0.0011097583525321063 0.00085244262218475318 -0.00060827414576823874 0.0022263509982307864 -0.0010857491408075603 0.0004703498929738998 -0.005304331008344888 -0.0017845774356586236 0.00021779749169945715 -0.0002241610105221088
leaf_weight=4.9999999999999991 17 4.0000000000000027 6.9999999999999991 5.0000000000000027 3.0000000000000027 11.999999999999998 3.9999999999999982 5 35 7.9999999999999991 5 3
leaf_count=5 17 4 7 5 3 12 4 5 35 8 5 3
internal_value=-0.000562394 -0.00179239 -0.00381515 0.000465593 -0.000792459 0.00148948 0.000193392 -0.000428697 -0.00495309 -0.00136818 -0.000359747 1.96038e-05
internal_weight=113 96 47 49 23 26 14 9 42 19 11 8
internal_count=113 96 47 49 23 26 14 9 42 19 11 8
cat_boundaries=0 1
cat_threshold=2
is_linear=0
shrinkage=0.03


Tree=30
num_leaves=12
num_cat=2
split_feature=6 5 9 10 12 9 10 10 10 10 10
split_gain=1.25193 0.357701 0.315393 0.118116 0.0948422 0.0590281 0.0303475 0.565135 0.0242902 0.0921145 0.0299727
threshold=0 1 5.5000000000000009 46222.500000000007 1.5000000000000002 2.5000000000000004 16383.500000000002 21832.000000000004 31231.000000000004 36454.000000000007 36371.500000000007
decision_type=1 1 2 2 2 2 2 2 2 2 2
left_child=2 5 4 -4 6 -2 -1 -8 -7 10 -10
right_child=1 -3 3 -5 -6 8 7 -9 9 -11 -12
leaf_value=0.0058306797700268878 -0.00029314920306205749 0.0017637983663007617 -0.0025348812143784014 0.0012892915792763234 -0.00039190198223178202 -0.0056974884969266974 -0.0026062355811397237 0.0039574641005310695 -0.00068337970878928889 -0.0030664668267709203 0.0012767670131646669
leaf_weight=10.999999999999998 4.9999999999999991 5.9999999999999991 5.9999999999999982 5 2.9999999999999991 12.000000000000002 7.9999999999999991 38 6.0000000000000018 9.9999999999999982 3
leaf_count=11 5 6 6 5 3 12 8 38 6 10 3
internal_value=0.000666587 -0.00302282 0.0029528 -0.00101042 0.00371994 -0.0040306 0.00396254 0.00255439 -0.00441488 -0.0019195 0.0002981
internal_weight=113 42 71 11 60 36 57 46 31 19 9
internal_count=113 42 71 11 60 36 57 46 31 19 9
cat_boundaries=0 1 2
cat_threshold=1 2
is_linear=0
shrinkage=0.03


Tree=31
num_leaves=11
num_cat=2
split_feature=6 11 9 10 12 5 10 10 10 10
split_gain=1.20224 0.486115 0.303349 0.115595 0.0914181 0.0764147 0.0507175 0.0618557 0.0344555 0.544091
threshold=0 7130.1750000000011 5.5000000000000009 46222.500000000007 1.5000000000000002 1 36809.500000000007 33030.500000000007 16383.500000000002 21832.000000000004
decision_type=1 2 2 2 2 1 2 2 2 2
left_child=2 -2 4 -4 8 -3 7 -7 -1 -10
right_child=1 5 3 -5 -6 6 -8 -9 9 -11
leaf_value=0.0057390547330890386 -0.0056568062332059653 0.0017439556075260043 -0.0025063638563733548 0.0012763986550271512 -0.00038918882035292112 -0.0011342200404033059 -0.002066744532901794 0.001479702675167252 -0.0025714858000477152 0.0038634743192233149
leaf_weight=10.999999999999998 18 6 5.9999999999999982 5 2.9999999999999991 6.0000000000000053 4.9999999999999991 7 7.9999999999999991 38
leaf_count=11 18 6 6 5 3 6 5 7 8 38
internal_value=0.000643771 -0.00297079 0.00288475 -0.000997897 0.00363744 0.000114987 -0.000856919 0.000304671 0.00387582 0.002485
internal_weight=113 42 71 11 60 24 18 13 57 46
internal_count=113 42 71 11 60 24 18 13 57 46
cat_boundaries=0 1 2
cat_threshold=1 1
is_linear=0
shrinkage=0.03


Tree=32
num_leaves=11
num_cat=2
split_feature=6 11 9 10 12 5 10 10 10 10
split_gain=1.1523 0.46731 0.291776 0.113129 0.0881245 0.0748471 0.0496149 0.0604002 0.0382581 0.523852
threshold=0 7130.1750000000011 5.5000000000000009 46222.500000000007 1.5000000000000002 1 36809.500000000007 33030.500000000007 16383.500000000002 21832.000000000004
decision_type=1 2 2 2 2 1 2 2 2 2
left_child=2 -2 4 -4 8 -3 7 -7 -1 -10
right_child=1 5 3 -5 -6 6 -8 -9 9 -11
leaf_value=0.0056488696485757824 -0.0055477106624415946 0.0017243361216969788 -0.0024781672423705458 0.0012636346966028215 -0.00038649443393716444 -0.0011214600806124504 -0.0020460770800709723 0.0014614239466540953 -0.0025371991842985152 0.0037717168475501239
leaf_weight=10.999999999999998 18 6 5.9999999999999982 5 2.9999999999999991 6.0000000000000053 4.9999999999999991 7 7.9999999999999991 38
leaf_count=11 18 6 6 5 3 6 5 7 8 38
internal_value=0.000623916 -0.00291417 0.00281825 -0.000985531 0.00355678 0.000111737 -0.000849654 0.000300037 0.00379103 0.00241737
internal_weight=113 42 71 11 60 24 18 13 57 46
internal_count=113 42 71 11 60 24 18 13 57 46
cat_boundaries=0 1 2
cat_threshold=1 1
is_linear=0
shrinkage=0.03


Tree=33
num_leaves=11
num_cat=2
split_feature=6 9 5 10 10 10 10 10 10 10
split_gain=1.29085 0.675756 0.379351 0.0546171 0.0462113 0.0715365 0.0347721 0.0170864 0.305631 0.00778586
threshold=0 4.5000000000000009 1 46222.500000000007 31231.000000000004 36809.500000000007 36371.500000000007 28138.000000000004 34622.500000000007 31231.000000000004
decision_type=1 2 1 2 2 2 2 2 2 2
left_child=1 7 4 -3 -2 6 -6 -1 9 -9
right_child=2 3 -4 -5 5 -7 -8 8 -10 -11
leaf_value=0.0052888807605486355 -0.0051128136246864284 -0.0027023773914889287 0.0016290294751524924 0.00047821150519526917 -0.00088620792143046835 -0.0027447781039934074 0.0011280341297388076 -0.0017468556668609376 0.0041421154579147695 -6.8532408082059451e-05
leaf_weight=30 18 8.9999999999999982 7.9999999999999991 2.9999999999999991 6.0000000000000018 10.999999999999998 5 5.0000000000000018 9.9999999999999982 4
leaf_count=30 18 9 8 3 6 11 5 5 10 4
internal_value=0.000448499 0.00312827 -0.00290923 -0.00205129 -0.00396116 -0.0017156 0.000130533 0.00452941 0.00192 -0.00142959
internal_weight=109 61 48 12 40 22 11 49 19 9
internal_count=109 61 48 12 40 22 11 49 19 9
cat_boundaries=0 1 2
cat_threshold=1 2
is_linear=0
shrinkage=0.03


Tree=34
num_leaves=11
num_cat=2
split_feature=6 9 11 11 5 11 10 10 10 11
split_gain=1.237 0.650249 0.4463 0.136151 0.0952096 0.0208608 0.0147382 0.297537 0.00762682 0.00022226
threshold=0 4.5000000000000009 7130.1750000000011 7530.6833333333343 1 7346.8000000000011 28138.000000000004 34622.500000000007 31231.000000000004 7530.6833333333343
decision_type=1 2 2 2 1 2 2 2 2 2
left_child=1 6 -2 -3 5 -4 -1 8 -8 -7
right_child=2 3 4 -5 -6 9 7 -9 -10 -11
leaf_value=0.0051698810085654256 -0.0054857059028641927 -0.0033019698038697243 0.00029825889638492026 0.0010709740926644633 0.0016073091141879554 -0.00017911965457292699 -0.0017293870206922289 0.0040799836800433694 -6.794499233365058e-05 -0.0015484385599847882
leaf_weight=30 19 7.9999999999999982 4.0000000000000027 4 8.0000000000000018 3.0000000000000027 5.0000000000000018 9.9999999999999982 4 13.999999999999998
leaf_count=30 19 8 4 4 8 3 5 10 4 14
internal_value=0.000433544 0.0030572 -0.00285292 -0.00202008 -0.00016369 -0.00113921 0.00443225 0.00188647 -0.00141537 -0.00146263
internal_weight=109 61 48 12 29 21 49 19 9 17
internal_count=109 61 48 12 29 21 49 19 9 17
cat_boundaries=0 1 2
cat_threshold=1 2
is_linear=0
shrinkage=0.03


Tree=35
num_leaves=8
num_cat=2
split_feature=6 11 12 5 11 11 11
split_gain=1.18412 0.429628 0.0982328 0.092346 0.0797698 0.0202716 0.000145557
threshold=0 7130.1750000000011 1.5000000000000002 1 4176.791666666667 7346.8000000000011 7530.6833333333343
decision_type=1 2 2 1 2 2 2
left_child=2 -2 4 5 -1 -3 -7
right_child=1 3 -4 -5 -6 6 -8
leaf_value=-0.00011693066358566284 -0.0053778834358371537 0.00029570249574525009 -0.00038999317213892935 0.0015858782827854153 0.0036019598370509555 -0.00017787959713202249 -0.001521340882172808
leaf_weight=4.9999999999999991 19 4.0000000000000027 4.9999999999999991 8.0000000000000018 51 3.0000000000000027 13.999999999999998
leaf_count=5 19 4 5 8 51 3 14
internal_value=0.00042032 -0.00279479 0.00298754 -0.00015741 0.00330251 -0.00111886 -0.00143795
internal_weight=109 48 61 29 56 21 17
internal_count=109 48 61 29 56 21 17
cat_boundaries=0 1 2
cat_threshold=1 2
is_linear=0
shrinkage=0.03


Tree=36
num_leaves=7
num_cat=2
split_feature=6 5 9 9 9 9
split_gain=0.590908 0.318806 0.27143 0.101096 0.0415569 0.0127029
threshold=0 1 5.5000000000000009 2.5000000000000004 3.5000000000000004 2.5000000000000004
decision_type=1 1 2 2 2 2
left_child=2 5 3 -1 -5 -2
right_child=1 -3 -4 4 -6 -7
leaf_value=0.0046903637875067555 -0.00062715715728700161 0.0017841404457302654 -0.001713388410249823 0.00022388520091772078 0.0020501250329716886 -0.0037330039771827491
leaf_weight=8.9999999999999982 5.9999999999999991 6.9999999999999991 8.9999999999999982 20 27 27
leaf_count=9 6 7 9 20 27 27
internal_value=0.000185291 -0.00235651 0.00185512 0.00260133 0.00144862 -0.00344548
internal_weight=105 40 65 56 47 33
internal_count=105 40 65 56 47 33
cat_boundaries=0 1 2
cat_threshold=1 2
is_linear=0
shrinkage=0.03


Tree=37
num_leaves=15
num_cat=2
split_feature=6 11 9 9 10 10 12 5 10 10 9 11 10 11
split_gain=0.565933 0.3568 0.262756 0.0998139 0.328672 0.30312 0.0662681 0.052516 0.0445436 0.0323712 0.0255172 0.0188351 0.0136994 0.0129538
threshold=0 8092.2500000000009 5.5000000000000009 2.5000000000000004 21832.000000000004 11827.500000000002 1.5000000000000002 1 46222.500000000007 36371.500000000007 3.5000000000000004 5523.8333333333348 39521.000000000007 9058.5000000000018
decision_type=1 2 2 2 2 2 2 1 2 2 2 2 2 2
left_child=2 9 3 5 11 -1 10 -3 -4 -2 -6 -5 -11 -9
right_child=1 7 8 4 6 -7 -8 13 -10 12 -12 -13 -14 -15
leaf_value=0.0069349668866821694 -0.0050514699858815763 0.0017621010300867697 -0.002389914561063051 -0.0020072163753211501 0.00071922631836251192 -0.00061593481898307803 -0.00037899568032186766 0.00042493224717103504 0.00047283604454535707 0.00025088021388420693 0.0037307499971939249 1.731486618518829e-05 -0.0013669800162315368 -0.00090084698737451902
leaf_weight=3.9999999999999982 13.000000000000002 7 5.9999999999999982 9.9999999999999982 9.0000000000000018 5 2.9999999999999991 3.0000000000000027 3 3 20 4.9999999999999991 5 8.9999999999999982
leaf_count=4 13 7 6 10 9 5 3 3 3 3 20 5 5 9
internal_value=0.00018671 -0.00230127 0.00182047 0.00255495 0.00141713 0.00462371 0.00287288 0.000633233 -0.00168904 -0.0043041 0.0032202 -0.00159538 -0.000957959 -0.000526908
internal_weight=105 40 65 56 47 9 32 19 9 21 29 15 8 12
internal_count=105 40 65 56 47 9 32 19 9 21 29 15 8 12
cat_boundaries=0 1 2
cat_threshold=1 1
is_linear=0
shrinkage=0.03


Tree=38
num_leaves=7
num_cat=2
split_feature=6 5 9 9 9 9
split_gain=0.547291 0.298973 0.255637 0.100948 0.0369608 0.011134
threshold=0 1 5.5000000000000009 2.5000000000000004 3.5000000000000004 2.5000000000000004
decision_type=1 1 2 2 2 2
left_child=2 5 3 -1 -5 -2
right_child=1 -3 -4 4 -6 -7
leaf_value=0.0045847740328233489 -0.00060996710322797293 0.0017403338915284942 -0.0016686387144421275 0.0002232628837227821 0.0019534971541095825 -0.0035919470460833726
leaf_weight=8.9999999999999982 5.9999999999999991 6.9999999999999991 8.9999999999999982 20 27 27
leaf_count=9 6 7 9 20 27 27
internal_value=0.000185287 -0.00226152 0.00179178 0.00251648 0.00138557 -0.00331771
internal_weight=105 40 65 56 47 33
internal_count=105 40 65 56 47 33
cat_boundaries=0 1 2
cat_threshold=1 2
is_linear=0
shrinkage=0.03


Tree=39
num_leaves=13
num_cat=3
split_feature=6 11 11 5 11 11 11 11 5 11 11 11
split_gain=0.559289 0.31157 0.278554 0.100095 0.133866 0.299856 0.134045 0.157335 0.0187343 0.00144982 0.00124869 0.0138784
threshold=0 4176.791666666667 7636.7380952380963 1 5258.3000000000011 6484.416666666667 7279.0000000000009 8906.2916666666697 2 9058.5000000000018 4626.2261904761917 4495.5000000000009
decision_type=1 2 2 1 2 2 2 2 1 2 2 2
left_child=1 -1 -2 4 10 -6 -7 -8 -4 -10 11 -3
right_child=2 3 8 -5 5 6 7 -9 9 -11 -12 -13
leaf_value=-0.0033509353867598943 -0.0049004125886131077 0.0011405385457552396 0.00066067132353782657 0.0036169513190786044 -0.0033797256400187811 0.003516822427511215 -0.0018756525921211997 0.001488965312340136 -4.6038441359996783e-05 -0.00080177705202783857 0.0033183421088116508 -0.00037275594014387866
leaf_weight=3.9999999999999991 22 2.9999999999999982 5 7.9999999999999991 7.9999999999999991 4.9999999999999991 12.000000000000002 19 4.0000000000000027 10.999999999999998 4 3
leaf_count=4 22 3 5 8 8 5 12 19 4 11 4 3
internal_value=-0.000812899 0.000900828 -0.00316125 0.00160244 0.000785482 -0.000114205 0.00118843 4.67229e-05 -0.000252393 -0.000699274 0.0028219 0.000623823
internal_weight=108 66 42 62 54 44 36 31 20 15 10 6
internal_count=108 66 42 62 54 44 36 31 20 15 10 6
cat_boundaries=0 1 2 3
cat_threshold=1 2 1
is_linear=0
shrinkage=0.03


Tree=40
num_leaves=11
num_cat=1
split_feature=6 11 9 11 12 10 9 10 10 10
split_gain=0.538579 0.305887 0.298824 0.267276 0.0522405 0.0258827 0.021158 0.0379147 0.00809453 0.363989
threshold=0 4176.791666666667 5.5000000000000009 7636.7380952380963 1.5000000000000002 38404.500000000007 1.5000000000000002 36809.500000000007 17192.000000000004 22900.500000000004
decision_type=1 2 2 2 2 2 2 2 2 2
left_child=1 -1 4 -2 8 -4 -5 -8 -3 -10
right_child=3 2 5 6 -6 -7 7 -9 9 -11
leaf_value=-0.0033222130952136855 -0.004799341633915901 0.0039585996170838668 -1.8373645842075348e-05 -0.0010401201713830233 -0.00038068243517325472 -0.0025480211675167081 0.0011754779537257395 -0.00087286228686571106 -0.0024467518158695274 0.0029076259854164989
leaf_weight=3.9999999999999991 22 7.9999999999999991 4.9999999999999982 6.0000000000000009 2.9999999999999991 5 8.9999999999999982 5.0000000000000009 6.9999999999999991 34
leaf_count=4 22 8 5 6 3 5 9 5 7 34
internal_value=-0.000791016 0.000889997 0.00158543 -0.00309576 0.00246204 -0.0019248 -0.000246693 0.000385048 0.00267111 0.00169296
internal_weight=108 66 62 42 52 10 20 14 49 41
internal_count=108 66 62 42 52 10 20 14 49 41
cat_boundaries=0 1
cat_threshold=1
is_linear=0
shrinkage=0.03


Tree=41
num_leaves=13
num_cat=1
split_feature=6 11 9 11 11 11 10 10 10 9 10 10
split_gain=0.513007 0.297598 0.289335 0.255423 0.0416985 0.26095 0.0709044 0.0253676 0.023427 0.0205702 0.0369968 0.0163682
threshold=0 4176.791666666667 5.5000000000000009 7636.7380952380963 7279.0000000000009 8906.2916666666697 34622.500000000007 38404.500000000007 32487.500000000004 1.5000000000000002 36809.500000000007 22900.500000000004
decision_type=1 2 2 2 2 2 2 2 2 2 2 2
left_child=1 -1 4 -2 -3 -6 8 -4 11 -5 -11 -7
right_child=3 2 7 9 5 6 -8 -9 -10 10 -12 -13
leaf_value=-0.0032937370400343618 -0.0047003551537636665 0.0034152948907737071 -1.8189892172813415e-05 -0.001028418825007975 -0.0019337301720914089 -0.00021988251379558013 0.003742940565571189 -0.0025225409083068366 -0.00062416576381240578 0.0011587737912410185 -0.00086413370445370663 0.0014958816807484254
leaf_weight=3.9999999999999991 22 19 4.9999999999999982 6.0000000000000009 8.9999999999999982 4.0000000000000018 9.9999999999999982 5 3.9999999999999991 8.9999999999999982 5.0000000000000009 6
leaf_count=4 22 19 5 6 9 4 10 5 4 9 5 6
internal_value=-0.000786066 0.000855995 0.001544 -0.00303483 0.00240772 0.00116826 0.00255812 -0.00190555 0.000504893 -0.000246667 0.000377279 0.00104279
internal_weight=108 66 62 42 52 33 24 10 14 20 14 10
internal_count=108 66 62 42 52 33 24 10 14 20 14 10
cat_boundaries=0 1
cat_threshold=1
is_linear=0
shrinkage=0.03


Tree=42
num_leaves=15
num_cat=1
split_feature=11 5 11 10 10 10 10 11 10 10 11 10 11 10
split_gain=1.04392 0.200907 0.144404 0.154149 0.084189 0.0364703 0.247941 0.195614 0.0317145 0.0253197 0.0249045 0.0146864 0.0136113 0.0024823
threshold=6484.416666666667 0 7130.1750000000011 33030.500000000007 16124.500000000002 23573.000000000004 35872.000000000007 5523.8333333333348 44481.000000000007 30455.000000000004 8210.0000000000018 36242.000000000007 11086.250000000002 31231.000000000004
decision_type=2 1 2 2 2 2 2 2 2 2 2 2 2 2
left_child=5 2 -2 4 -4 7 9 -1 11 -7 -3 12 -5 -6
right_child=1 10 3 8 13 6 -8 -9 -10 -11 -12 -13 -14 -15
leaf_value=-0.0060597810392769473 0.0031968687016230364 0.00023809384841185351 0.00075769159197807291 -0.00065646902299844258 -0.0025410984209380469 0.0017032066237879912 -0.0038606704026460646 0.00014364759624004364 -0.00056963971739885607 -0.00029208597564138472 0.004101051772859964 0.0017822247097053778 0.00071719371068936118 -0.00026392179326369212
leaf_weight=16.000000000000004 2.9999999999999991 2.9999999999999991 5.0000000000000027 3.0000000000000062 16.000000000000004 6.0000000000000018 8.9999999999999982 4.9999999999999991 2.9999999999999991 5 11.999999999999998 15.999999999999998 3 2.9999999999999991
leaf_count=16 3 3 5 3 16 6 9 5 3 5 12 16 3 3
internal_value=-0.00075777 0.00151254 0.00037334 -0.000312072 -0.00170983 -0.00403691 -0.00168276 -0.00501289 0.00113491 0.00108905 0.00373273 0.00147273 4.93388e-05 -0.00239654
internal_weight=108 67 52 49 24 41 20 21 25 11 15 22 6 19
internal_count=108 67 52 49 24 41 20 21 25 11 15 22 6 19
cat_boundaries=0 1
cat_threshold=2
is_linear=0
shrinkage=0.03


Tree=43
num_leaves=19
num_cat=0
split_feature=11 11 11 10 10 10 10 10 11 10 11 10 10 11 10 10 10 10
split_gain=1.01009 0.145553 0.214989 0.089861 0.068916 0.0604193 0.0343154 0.241322 0.188664 0.0247699 0.0243894 0.00633858 0.00313696 0.00266575 0.00214167 0.0225738 8.20305e-05 4.57318e-05
threshold=6484.416666666667 10565.250000000002 7130.1750000000011 31231.000000000004 43252.500000000007 36454.000000000007 23573.000000000004 35872.000000000007 5523.8333333333348 30455.000000000004 8092.2500000000009 21832.000000000004 15906.000000000002 8561.9250000000011 27660.500000000004 33030.500000000007 34622.500000000007 36242.000000000007
decision_type=2 2 2 2 2 2 2 2 2 2 2 2 2 2 2 2 2 2
left_child=6 2 -2 10 11 17 8 9 -1 -8 -4 12 -3 -7 -13 -16 -17 -5
right_child=1 4 3 5 -6 13 7 -9 -10 -11 -12 14 -14 -15 15 16 -18 -19
leaf_value=-0.0059479081301161861 0.0031041157841682435 0.00041270579283054045 -0.0028684151622777178 0.00028326572477817529 0.0043498590194127138 -0.00011899246904067695 0.0016840455861529332 -0.0038058081347691381 0.00014221112430095673 -0.00028916509856935588 -0.00015396743267774582 0.0017835273088089053 -0.0002439016875411783 -0.0012412946441998848 -0.00067415426270319866 0.00012212294512070144 0.0010583869352315863 0.0016649966367653438
leaf_weight=16.000000000000004 4.9999999999999991 3.0000000000000027 8.0000000000000018 5.0000000000000018 6.9999999999999991 5 6.0000000000000018 8.9999999999999982 4.9999999999999991 5 4.9999999999999991 4.0000000000000027 4 3 2.9999999999999991 2.9999999999999991 7.9999999999999991 4
leaf_count=16 5 3 8 5 7 5 6 9 5 5 5 4 4 3 3 3 8 4
internal_value=-0.000739114 0.00149351 5.01772e-05 -0.00110759 0.00268434 0.000356934 -0.00396501 -0.00165677 -0.00491976 0.00107654 -0.00234526 0.00110841 0.000114738 -0.000995651 0.00131586 0.000494773 0.000982789 0.00145047
internal_weight=108 67 35 30 32 17 41 20 21 11 13 25 7 8 18 14 11 9
internal_count=108 67 35 30 32 17 41 20 21 11 13 25 7 8 18 14 11 9
is_linear=0
shrinkage=0.03


Tree=44
num_leaves=15
num_cat=1
split_feature=11 5 11 10 10 10 10 11 10 10 11 10 11 10
split_gain=0.978532 0.190167 0.140478 0.14447 0.0806945 0.0322688 0.234881 0.181961 0.0309689 0.024232 0.0240202 0.0140124 0.013398 0.00218461
threshold=6484.416666666667 0 7130.1750000000011 33030.500000000007 16124.500000000002 23573.000000000004 35872.000000000007 5523.8333333333348 44481.000000000007 30455.000000000004 8210.0000000000018 36242.000000000007 11086.250000000002 31231.000000000004
decision_type=2 1 2 2 2 2 2 2 2 2 2 2 2 2
left_child=5 2 -2 4 -4 7 9 -1 11 -7 -3 12 -5 -6
right_child=1 10 3 8 13 6 -8 -9 -10 -11 -12 -13 -14 -15
leaf_value=-0.0058381005949698951 0.0031532466296966257 0.00022873823459331806 0.00074861405789852125 -0.0006535134349878013 -0.0024730823011710665 0.0016651000716956328 -0.0037517255191740232 0.00014078897237777707 -0.00057518497566119416 -0.00028627349602902539 0.0039991081810810351 0.001732567584213729 0.00070922244340181344 -0.00025963685260369228
leaf_weight=16.000000000000004 2.9999999999999991 2.9999999999999991 5.0000000000000027 3.0000000000000062 16.000000000000004 6.0000000000000018 8.9999999999999982 4.9999999999999991 2.9999999999999991 5 11.999999999999998 15.999999999999998 3 2.9999999999999991
leaf_count=16 3 3 5 3 16 6 9 5 3 5 12 16 3 3
internal_value=-0.000718818 0.00147784 0.00036838 -0.000307672 -0.00166018 -0.00389439 -0.00163118 -0.00482835 0.0010941 0.00106417 0.00363816 0.00143034 4.52636e-05 -0.00233364
internal_weight=108 67 52 49 24 41 20 21 25 11 15 22 6 19
internal_count=108 67 52 49 24 41 20 21 25 11 15 22 6 19
cat_boundaries=0 1
cat_threshold=2
is_linear=0
shrinkage=0.03


Tree=45
num_leaves=18
num_cat=1
split_feature=6 11 9 11 10 10 11 10 10 11 11 11 10 10 10 9 10
split_gain=0.495791 0.395357 0.169676 0.296956 0.187891 0.0881136 0.257067 0.0669032 0.0582957 0.0448132 0.0354984 0.0338692 0.0173618 0.0165101 0.0132537 0.00805347 0.00675417
threshold=0 7130.1750000000011 2.5000000000000004 4176.791666666667 11827.500000000002 43252.500000000007 7130.1750000000011 33030.500000000007 22900.500000000004 5523.8333333333348 8906.2916666666697 4806.2500000000009 32487.500000000004 27660.500000000004 44481.000000000007 6.5000000000000009 16124.500000000002
decision_type=1 2 2 2 2 2 2 2 2 2 2 2 2 2 2 2 2
left_child=2 15 4 -4 -1 6 9 13 -6 11 -8 -5 -12 16 -9 -2 -3
right_child=1 7 3 5 8 -7 10 14 -10 -11 12 -13 -14 -15 -16 -17 -18
leaf_value=0.0055529827028512951 -0.005633749874308704 -0.00040822713994062852 -0.0035798515485865726 0.0010885187834501263 -0.001555826927606876 0.0032280817860737441 -0.0025510844682637406 0.0017725643391410509 0.0012388592406309077 0.0028047457558568567 0.00077616746609027567 -0.00096788304990955761 -0.00074649774070296971 -0.0015649199060031344 -4.0316263745938024e-05 -0.0011694994523628233 0.00056693167640612676
leaf_weight=4.9999999999999982 10.000000000000002 3.0000000000000018 3.9999999999999991 5.0000000000000018 3 5.9999999999999991 8.9999999999999982 7.9999999999999982 4 13.999999999999998 2.9999999999999991 4 4 4 4 6.9999999999999991 3
leaf_count=5 10 3 4 5 3 6 9 8 4 14 3 4 4 4 4 7 3
internal_value=-0.000162329 -0.00247062 0.00145358 0.000386293 0.00365514 0.00132562 0.000433876 0.00035925 -0.000169513 0.00212398 -0.00187813 0.00014618 -2.1223e-05 -0.000992286 0.00142462 -0.0049095 0.000128947
internal_weight=100 39 61 49 12 45 39 22 7 23 16 9 7 10 12 17 6
internal_count=100 39 61 49 12 45 39 22 7 23 16 9 7 10 12 17 6
cat_boundaries=0 1
cat_threshold=1
is_linear=0
shrinkage=0.03


Tree=46
num_leaves=16
num_cat=2
split_feature=5 6 9 10 10 11 11 10 11 9 11 10 11 11 11
split_gain=0.544724 0.363319 0.251331 0.292837 0.215894 0.164438 0.0892778 0.123997 0.0641953 0.0595918 0.0187263 0.0165364 0.015352 0.0332426 0.00519494
threshold=0 1 2.5000000000000004 11827.500000000002 31231.000000000004 4176.791666666667 7130.1750000000011 43252.500000000007 8210.0000000000018 5.5000000000000009 8906.2916666666697 25282.000000000004 5523.8333333333348 4806.2500000000009 10934.875000000002
decision_type=1 1 2 2 2 2 2 2 2 2 2 2 2 2 2
left_child=1 2 3 -1 8 -4 12 10 -3 -6 -8 -5 13 -7 -12
right_child=-2 4 5 11 9 6 7 -9 -10 -11 14 -13 -14 -15 -16
leaf_value=0.0054974531084299085 0.0037937732577323908 -0.0058601759561570351 -0.0035491670934217315 -0.0015450557263997884 0.0010925779097220477 0.0010776334851980206 -0.0025148322339947817 0.0016980484885593446 -0.00084554495399489116 -0.0013655375143954234 0.00031214059545443606 0.00027216971708604923 0.0018187107061967253 -0.00095958686566778595 -0.00055795428844598622
leaf_weight=4.9999999999999982 14.999999999999998 10.000000000000002 3.9999999999999991 3 6.9999999999999991 5.0000000000000018 9.0000000000000018 2.9999999999999991 6.9999999999999991 8.9999999999999982 2.9999999999999991 3 9.9999999999999982 4 3
leaf_count=5 15 10 4 3 7 5 9 3 7 9 3 3 10 4 3
internal_value=-0.000160701 -0.00118444 0.000426253 0.00313878 -0.00323138 -0.000774247 0.000217058 -0.00103224 -0.00487325 -0.000283515 -0.0020391 -0.00103422 0.00134843 0.000143699 -0.000199724
internal_weight=100 85 52 11 33 41 37 18 17 16 15 6 19 9 6
internal_count=100 85 52 11 33 41 37 18 17 16 15 6 19 9 6
cat_boundaries=0 1 2
cat_threshold=2 1
is_linear=0
shrinkage=0.03


Tree=47
num_leaves=18
num_cat=1
split_feature=6 11 9 11 10 10 11 10 10 11 11 11 10 10 10 9 10
split_gain=0.470055 0.370954 0.164405 0.285249 0.181031 0.0855198 0.242098 0.0636972 0.0565509 0.0419749 0.0331939 0.0326277 0.0167975 0.0161267 0.0127329 0.00728007 0.00651061
threshold=0 7130.1750000000011 2.5000000000000004 4176.791666666667 11827.500000000002 43252.500000000007 7130.1750000000011 33030.500000000007 22900.500000000004 5523.8333333333348 8906.2916666666697 4806.2500000000009 32487.500000000004 27660.500000000004 44481.000000000007 6.5000000000000009 16124.500000000002
decision_type=1 2 2 2 2 2 2 2 2 2 2 2 2 2 2 2 2
left_child=2 15 4 -4 -1 6 9 13 -6 11 -8 -5 -12 16 -9 -2 -3
right_child=1 7 3 5 8 -7 10 14 -10 -11 12 -13 -14 -15 -16 -17 -18
leaf_value=0.0054424785524606707 -0.0054717701469780868 -0.00039954718488913307 -0.0035187457022922376 0.0010668572634458539 -0.0015343593175594623 0.0031608743593096733 -0.0024790951624316603 0.0017208565026521684 0.0012183612764679959 0.0027139599621295927 0.0007605984978950941 -0.00095136191163744236 -0.00073718116751738945 -0.0015434545544641357 -4.4589110517076084e-05 -0.001138184369158219 0.00055815441390642752
leaf_weight=4.9999999999999982 10.000000000000002 3.0000000000000018 3.9999999999999991 5.0000000000000018 3 5.9999999999999991 8.9999999999999982 7.9999999999999982 4 13.999999999999998 2.9999999999999991 4 4 4 4 6.9999999999999991 3
leaf_count=5 10 3 4 5 3 6 9 8 4 14 3 4 4 4 4 7 3
internal_value=-0.000160341 -0.00240775 0.00141327 0.000366014 0.00357943 0.00128831 0.000413944 0.000337647 -0.000169977 0.00205512 -0.00182829 0.000141252 -2.54562e-05 -0.000977323 0.0013796 -0.0047698 0.000128868
internal_weight=100 39 61 49 12 45 39 22 7 23 16 9 7 10 12 17 6
internal_count=100 39 61 49 12 45 39 22 7 23 16 9 7 10 12 17 6
cat_boundaries=0 1
cat_threshold=1
is_linear=0
shrinkage=0.03


Tree=48
num_leaves=13
num_cat=2
split_feature=6 11 10 11 11 5 10 10 10 10 10 10
split_gain=0.372258 0.384994 0.343384 0.274026 0.162876 0.100119 0.0766998 0.019734 0.0507879 0.0318811 0.0134343 0.000111095
threshold=0 7130.1750000000011 16124.500000000002 8906.2916666666697 6129.8750000000009 1 34622.500000000007 36809.500000000007 44109.000000000007 21832.000000000004 32487.500000000004 25919.000000000004
decision_type=1 2 2 2 2 1 2 2 2 2 2 2
left_child=2 -2 4 5 -1 -4 10 9 -9 -3 11 -5
right_child=1 7 3 6 -6 -7 -8 8 -10 -11 -12 -13
leaf_value=0.006324980584904551 -0.0041316705715975588 -0.00049505002530557743 0.0013407506449864459 0.00010335424449294802 -0.0003255769839653602 -0.0019709346302457754 0.0033381446340883317 -0.0015858062829535741 0.00095304838148877022 0.0015643821517005562 -0.00059882036543318199 0.00075533280578943393
leaf_weight=5.9999999999999982 18 4.0000000000000062 3 4.0000000000000018 3 27.000000000000004 11.999999999999998 2.9999999999999982 6 13.999999999999998 4 3
leaf_count=6 18 4 3 4 3 27 12 3 6 14 4 3
internal_value=0.000233806 -0.00164435 0.00163603 0.00033059 0.00510354 -0.00138737 0.00231279 0.000682372 -0.000282458 0.00109337 0.000137276 0.000662723
internal_weight=107 45 62 53 9 30 23 27 9 18 11 7
internal_count=107 45 62 53 9 30 23 27 9 18 11 7
cat_boundaries=0 1 2
cat_threshold=1 1
is_linear=0
shrinkage=0.03


Tree=49
num_leaves=14
num_cat=3
split_feature=6 11 11 11 5 11 11 5 11 11 11 11 11
split_gain=0.36299 0.369581 0.18876 0.359162 0.115356 0.0192365 0.049107 0.0148413 0.0347606 0.00660628 0.00568022 0.00180616 0.000788186
threshold=0 7130.1750000000011 5458.0000000000009 8906.2916666666697 1 6281.5178571428578 7279.0000000000009 2 7346.8000000000011 11086.250000000002 15536.16666666667 8092.2500000000009 5876.4000000000005
decision_type=1 2 2 2 1 2 2 1 2 2 2 2 2
left_child=2 -2 -1 4 -4 12 -7 8 -3 11 -11 -10 -6
right_child=1 7 3 -5 5 6 -8 -9 9 10 -12 -13 -14
leaf_value=0.0040412978189332139 -0.0040519884242010964 0.0013058724884803476 0.0013314685168174596 0.0026238070811544145 -0.00041890329466416263 0.00075851269811391805 -0.0016083747969770973 0.0012837024250378208 -5.6972487901265805e-05 0.00045458956488541192 -0.00038611965999007223 -0.001092392796916621 -0.0036620465837992151
leaf_weight=10.999999999999998 18 3.0000000000000027 3 25 3.0000000000000062 5.0000000000000027 11.999999999999998 8.0000000000000018 2.9999999999999991 3.9999999999999982 5 4 3
leaf_count=11 18 3 3 25 3 5 12 8 3 4 5 4 3
internal_value=0.00024031 -0.00161517 0.00162432 0.000525958 -0.00165972 -0.00233512 -0.000889132 0.000665441 5.22297e-05 -0.00059468 3.01294e-05 -0.000943185 -0.00331577
internal_weight=107 45 62 51 26 23 17 27 19 16 9 7 6
internal_count=107 45 62 51 26 23 17 27 19 16 9 7 6
cat_boundaries=0 1 2 3
cat_threshold=1 1 2
is_linear=0
shrinkage=0.03


Tree=50
num_leaves=13
num_cat=1
split_feature=9 11 11 9 5 11 10 11 11 10 10 11
split_gain=0.29902 0.334032 0.472675 0.278972 0.13379 0.104445 0.0408748 0.030545 0.0295281 0.0126072 0.0723658 0.000223185
threshold=4.5000000000000009 5458.0000000000009 7807.7500000000009 3.5000000000000004 0 6935.3333333333348 21832.000000000004 12909.875000000002 7636.7380952380963 43252.500000000007 36809.500000000007 8906.2916666666697
decision_type=2 2 2 2 1 2 2 2 2 2 2 2
left_child=1 3 4 -1 -3 -2 7 -4 -7 10 11 -8
right_child=5 2 6 -5 -6 8 9 -9 -10 -11 -12 -13
leaf_value=0.0064532866235822439 -0.0029727387448979748 -0.0035314320071068192 -0.0011282359407498285 -0.0010031333451087658 0.00096048469153734329 0.00082051745988428592 0.00036795462481677518 0.00089489239134958815 -0.00094225209346041072 0.003230504429734805 -0.0010341699181922843 0.0018519352322384232
leaf_weight=5.9999999999999982 17 18 2.9999999999999991 3 3.0000000000000027 9.9999999999999982 6.0000000000000062 4 4.9999999999999991 6.9999999999999991 3.9999999999999991 21
leaf_count=6 17 18 3 3 3 10 6 4 5 7 4 21
internal_value=0.000234441 0.0012402 0.000200067 0.00474799 -0.0027869 -0.00185684 0.00184725 -0.000125798 9.10627e-05 0.0021612 0.0011907 0.00171074
internal_weight=107 75 66 9 21 32 45 7 15 38 31 27
internal_count=107 75 66 9 21 32 45 7 15 38 31 27
cat_boundaries=0 1
cat_threshold=2
is_linear=0
shrinkage=0.03


Tree=51
num_leaves=12
num_cat=1
split_feature=11 9 11 10 5 10 11 11 11 11 11
split_gain=0.622847 0.650515 0.15949 0.135211 0.107759 0.0961572 0.0330739 0.00635068 0.0233581 0.00252347 0.000385888
threshold=7807.7500000000009 2.5000000000000004 5258.3000000000011 43252.500000000007 0 36809.500000000007 16124.500000000002 6758.8333333333348 7130.1750000000011 8906.2916666666697 19036.000000000004
decision_type=2 2 2 2 1 2 2 2 2 2 2
left_child=1 2 -1 5 7 6 9 -3 -9 -2 -8
right_child=3 4 -4 -5 -6 -7 10 8 -10 -11 -12
leaf_value=0.0051867393576181852 0.00033031540224328618 -0.0041305301885338538 -0.00070065379142761233 0.0042609369447317849 0.00047100024563925607 -0.0016263449271874768 2.0421196061831252e-06 0.00018252243154815261 -0.0018978219866752624 0.0019081299462252194 -0.00036871660214204049
leaf_weight=2.9999999999999991 6.0000000000000062 37 3 6.9999999999999991 3.9999999999999991 3.9999999999999991 2.9999999999999991 4.0000000000000027 14.999999999999998 17 3
leaf_count=3 6 37 3 7 4 4 3 4 15 17 3
internal_value=-0.0006242 -0.00229095 0.00364494 0.0020341 -0.00332045 0.000680673 0.0013343 -0.00362159 -0.00154794 0.00172135 -0.000297923
internal_weight=106 66 6 40 60 33 29 56 19 23 6
internal_count=106 66 6 40 60 33 29 56 19 23 6
cat_boundaries=0 1
cat_threshold=2
is_linear=0
shrinkage=0.03


Tree=52
num_leaves=17
num_cat=1
split_feature=5 9 10 10 9 10 9 10 10 10 10 10 10 10 10 10
split_gain=0.451947 0.478433 0.326279 0.181979 0.10653 0.0987735 0.070219 0.0388186 0.034041 0.031654 0.0466777 0.0265273 0.0194036 0.00370029 0.00281731 0.00240098
threshold=0 2.5000000000000004 11827.500000000002 23573.000000000004 5.5000000000000009 35872.000000000007 3.5000000000000004 28138.000000000004 14391.000000000002 36454.000000000007 41220.000000000007 35872.000000000007 16124.500000000002 33030.500000000007 26998.500000000004 25919.000000000004
decision_type=1 2 2 2 2 2 2 2 2 2 2 2 2 2 2 2
left_child=1 2 -1 6 5 7 -3 14 -4 -7 -11 -6 -10 -9 -5 -14
right_child=-2 3 8 4 11 9 -8 13 12 10 -12 -13 15 -15 -16 -17
leaf_value=0.0052402175068855276 0.0031700887531042098 -0.0010948803919282825 -0.0018134226707311775 -9.8970662802457785e-05 -0.00019051480665802954 0.0021046780546506243 -0.0052937833041600563 -0.0018854448376223443 0.0010786409160265555 -0.001376130460546567 0.001171278629738551 -0.0030828280509204455 -0.00068679897616115903 -0.00024885648488998411 0.00067311441669097311 4.843496318374361e-05
leaf_weight=5.0000000000000027 13.999999999999998 12.000000000000002 2.9999999999999991 3.0000000000000027 4.9999999999999991 7.9999999999999982 12.999999999999998 9.9999999999999982 2.9999999999999982 3 3 8.9999999999999982 3 4.9999999999999991 3 4
leaf_count=5 14 12 3 3 5 8 13 10 3 3 3 9 3 5 3 4
internal_value=-0.000596118 -0.00142384 0.00217146 -0.00245277 -0.00102014 2.76279e-05 -0.00416698 -0.00109606 -0.00077402 0.00146755 -0.000166442 -0.00255964 0.000288602 -0.00165767 0.000466492 -0.000485312
internal_weight=106 92 18 74 49 35 25 21 13 14 6 14 10 15 6 7
internal_count=106 92 18 74 49 35 25 21 13 14 6 14 10 15 6 7
cat_boundaries=0 1
cat_threshold=2
is_linear=0
shrinkage=0.03


Tree=53
num_leaves=16
num_cat=1
split_feature=11 9 11 10 5 10 11 9 11 11 11 11 11 11 11
split_gain=0.580991 0.616711 0.158166 0.132707 0.0983596 0.0928903 0.0318773 0.0136754 0.0645556 0.057104 0.0226889 0.00365988 0.00251012 0.000404429 8.54413e-05
threshold=7807.7500000000009 2.5000000000000004 5258.3000000000011 43252.500000000007 0 36809.500000000007 16124.500000000002 3.5000000000000004 6758.8333333333348 6484.416666666667 7296.1250000000009 5458.0000000000009 8906.2916666666697 19036.000000000004 7279.0000000000009
decision_type=2 2 2 2 1 2 2 2 2 2 2 2 2 2 2
left_child=1 2 -1 5 7 6 12 9 -9 11 14 -3 -2 -8 -10
right_child=3 4 -4 -5 -6 -7 13 8 10 -11 -12 -13 -14 -15 -16
leaf_value=0.0051145525505909553 0.00031936551444232446 0.00067598944902420041 -0.00071580373323880712 0.0041837037076680531 0.00043979088376675332 -0.0016115269197949341 3.3893536489743455e-06 -0.0046645327913653533 7.6350435614585852e-05 -0.0022848561459353988 -0.001819791393354535 -0.00014192847105172965 0.0018587325120137796 -0.00037200643466069148 -3.5000523695578944e-05
leaf_weight=2.9999999999999991 6.0000000000000062 4.9999999999999982 3 6.9999999999999991 3.9999999999999991 3.9999999999999991 2.9999999999999991 27 5.0000000000000018 4 8.9999999999999982 3 17 3 3
leaf_count=3 6 5 3 7 4 4 3 27 5 4 9 3 17 3 3
internal_value=-0.000584144 -0.00219508 0.00357398 0.0019813 -0.00320014 0.000649819 0.00129496 -0.00348737 -0.00382358 -0.00107696 -0.00125503 0.000460821 0.00167563 -0.000299501 3.83472e-05
internal_weight=106 66 6 40 60 33 29 56 44 12 17 8 23 6 8
internal_count=106 66 6 40 60 33 29 56 44 12 17 8 23 6 8
cat_boundaries=0 1
cat_threshold=2
is_linear=0
shrinkage=0.03


Tree=54
num_leaves=13
num_cat=1
split_feature=5 11 9 11 11 9 10 9 10 10 10 10
split_gain=0.481313 0.410665 0.142526 0.141715 0.0825454 0.0636205 0.0320865 0.0242493 0.0105372 0.0314951 0.00341199 0.00168253
threshold=0 6758.8333333333348 2.5000000000000004 6935.3333333333348 8906.2916666666697 2.5000000000000004 16124.500000000002 3.5000000000000004 31231.000000000004 36809.500000000007 25282.000000000004 36371.500000000007
decision_type=1 2 2 2 2 2 2 2 2 2 2 2
left_child=1 2 -1 -3 7 6 -6 -5 -9 11 -8 -10
right_child=-2 3 -4 4 5 -7 10 8 9 -11 -12 -13
leaf_value=0.00093956533532876232 0.0030930944318450721 0.0032948614714237356 -0.0035950033848776534 0.00037452765955374776 0.00073130201834898702 0.001703282954916358 -0.0016107003333476874 -0.0022483186125755302 -1.4143021633991829e-05 -0.0012978855706751347 -0.00014251546202493566 0.00072384474532944808
leaf_weight=2.9999999999999991 18 2.9999999999999991 41 3.0000000000000027 3.0000000000000018 14.999999999999998 3 5.0000000000000027 2.9999999999999982 7 4 4
leaf_count=3 18 3 41 3 3 15 3 5 3 7 4 4
internal_value=-0.000438576 -0.00134724 -0.00316909 0.000516965 -0.000207286 0.000832991 -0.00067137 -0.00128031 -0.00158065 -0.000504754 -0.00134908 0.000585292
internal_weight=112 94 44 50 47 25 10 22 19 14 7 7
internal_count=112 94 44 50 47 25 10 22 19 14 7 7
cat_boundaries=0 1
cat_threshold=2
is_linear=0
shrinkage=0.03


Tree=55
num_leaves=13
num_cat=4
split_feature=5 11 11 9 11 9 6 9 6 11 11 6
split_gain=0.460634 0.391364 0.140178 0.137609 0.0798484 0.0618288 0.0513565 0.0237777 0.00501243 0.00855204 0.00526567 0.00021437
threshold=0 6758.8333333333348 6935.3333333333348 2.5000000000000004 8906.2916666666697 2.5000000000000004 1 3.5000000000000004 2 7530.6833333333343 7279.0000000000009 3
decision_type=1 2 2 2 2 2 1 2 1 2 2 1
left_child=1 3 -3 -1 7 11 -7 -4 -9 10 -10 -6
right_child=-2 2 4 -5 5 6 -8 8 9 -11 -12 -13
leaf_value=0.0009330606002074021 0.0030334419348426829 0.0032720510031168273 0.00037193477153778064 -0.0035083003407892057 -0.00076866170857101655 0.002251960682598027 -0.00059442600593543964 -0.0019440865310791288 -0.00032223158157788782 -0.0009009123822817435 0.00053741883752601491 -0.0001200813576579094
leaf_weight=2.9999999999999991 18 2.9999999999999991 3.0000000000000027 41 5.0000000000000018 11.999999999999998 2.9999999999999991 8.9999999999999964 3.0000000000000036 3 4 5
leaf_count=3 18 3 3 41 5 12 3 9 3 3 4 5
internal_value=-0.000420619 -0.00131011 0.000509027 -0.00308877 -0.000210439 0.000813841 0.00167262 -0.00126498 -0.00156257 -0.00041885 0.000196168 -0.000666557
internal_weight=112 94 50 44 47 25 15 22 19 10 7 10
internal_count=112 94 50 44 47 25 15 22 19 10 7 10
cat_boundaries=0 1 2 3 4
cat_threshold=2 1 1 1
is_linear=0
shrinkage=0.03


Tree=56
num_leaves=11
num_cat=1
split_feature=5 11 11 9 11 11 10 10 11 10
split_gain=0.440671 0.373311 0.138513 0.132873 0.0777896 0.0527398 0.0360471 0.118944 0.0312384 0.0146778
threshold=0 6758.8333333333348 6935.3333333333348 2.5000000000000004 10565.250000000002 16124.500000000002 36809.500000000007 35872.000000000007 7807.7500000000009 26998.500000000004
decision_type=1 2 2 2 2 2 2 2 2 2
left_child=1 3 -3 -1 6 -6 7 8 -4 -10
right_child=-2 2 4 -5 5 -7 -8 -9 9 -11
leaf_value=0.00092660084366798397 0.0029749398415775171 0.0032493983037196672 -0.0021135787315228398 -0.0034236883991466396 0.0017324675234925485 -0.00073494081944227218 -0.0019869754693814011 0.0019255627971142529 -0.00065523833609544319 0.00074913587687270981
leaf_weight=2.9999999999999991 18 2.9999999999999991 7.0000000000000053 41 13.000000000000002 4.9999999999999991 8.9999999999999982 5.9999999999999991 3 4
leaf_count=3 18 3 7 41 13 5 9 6 3 4
internal_value=-0.00040249 -0.0012731 0.000502671 -0.00301041 -0.000211964 0.00102938 -0.00104883 -0.000105068 -0.00141504 0.000115871
internal_weight=112 94 50 44 47 18 29 20 14 7
internal_count=112 94 50 44 47 18 29 20 14 7
cat_boundaries=0 1
cat_threshold=2
is_linear=0
shrinkage=0.03


Tree=57
num_leaves=14
num_cat=1
split_feature=10 6 9 11 10 12 10 11 10 11 9 11 9
split_gain=0.477739 0.207605 0.225293 0.131774 0.11566 0.0467186 0.03348 0.0300816 0.0394211 0.0187446 0.0163922 0.0246281 0.0105463
threshold=21832.000000000004 0 5.5000000000000009 7279.0000000000009 6106.0000000000009 1.5000000000000002 36809.500000000007 7807.7500000000009 38404.500000000007 10934.875000000002 3.5000000000000004 11086.250000000002 1.5000000000000002
decision_type=2 1 2 2 2 2 2 2 2 2 2 2 2
left_child=4 2 5 -3 -1 10 12 8 -4 -8 11 -2 -5
right_child=1 3 7 6 -6 -7 9 -9 -10 -11 -12 -13 -14
leaf_value=0.00072324349330021788 -0.00046982839171375544 -0.0029222342617025495 0.00015103076398372648 -0.00012680940903150113 -0.003605569423176348 -0.00026969887172946565 -0.001315635574551729 0.000429192351607176 -0.0027114702818485407 0.00039709019956977239 0.003255205676651786 0.0013777512079104781 0.0014410174762209257
leaf_weight=2.9999999999999991 3.9999999999999991 9.0000000000000018 4.9999999999999982 3.0000000000000027 30 2.9999999999999991 2.9999999999999991 3 3 4 27 7.9999999999999991 7.9999999999999991
leaf_count=3 4 9 5 3 30 3 3 3 3 4 27 8 8
internal_value=-0.000567829 0.000721974 0.00171039 -0.00115613 -0.00313536 0.0025992 0.000455207 -0.00130496 -0.00183243 -0.000679059 0.00282989 0.000828269 0.00115666
internal_weight=113 80 53 27 33 42 18 11 8 7 39 12 11
internal_count=113 80 53 27 33 42 18 11 8 7 39 12 11
cat_boundaries=0 1
cat_threshold=1
is_linear=0
shrinkage=0.03


Tree=58
num_leaves=16
num_cat=1
split_feature=5 11 11 11 9 11 9 11 11 9 9 11 11 11 11
split_gain=0.561938 0.232058 0.186288 0.120286 0.267472 0.11796 0.108251 0.0722006 0.0388649 0.0702193 0.00774124 0.026698 0.0484889 0.0193921 0.00218616
threshold=0 6758.8333333333348 6935.3333333333348 5944.8333333333348 3.5000000000000004 5523.8333333333348 6.5000000000000009 5258.3000000000011 10565.250000000002 1.5000000000000002 4.5000000000000009 7807.7500000000009 9058.5000000000018 7636.7380952380963 7346.8000000000011
decision_type=1 2 2 2 2 2 2 2 2 2 2 2 2 2 2
left_child=1 3 -3 4 7 6 -6 -1 10 -10 11 -4 -13 14 -12
right_child=-2 2 8 -5 5 -7 -8 -9 9 -11 13 12 -14 -15 -16
leaf_value=0.0028760241270065308 0.0034496043518615458 0.0032043663355020378 -0.0023172126958767563 -0.0048885768113541414 -0.0042356235712766631 0.00057715544849634172 0.00033966166632516041 -0.00050977528095245365 -0.0013291187014649894 0.001196830169938039 -4.8990031847586997e-05 0.0010896323919296264 -0.0013284645080566405 -0.00099045192450284954 0.00070959012955427168
leaf_weight=4.9999999999999982 15.999999999999998 2.9999999999999991 8.0000000000000053 9.9999999999999982 15.000000000000005 4.9999999999999991 3.9999999999999991 5 7.0000000000000009 14 2.9999999999999982 4.9999999999999982 5 5 3
leaf_count=5 16 3 8 10 15 5 4 5 7 14 3 5 5 5 3
internal_value=-0.000559689 -0.0014816 -5.99305e-05 -0.00286585 -0.0012951 -0.00271994 -0.00348743 0.00177469 -0.000757206 0.000197707 -0.00132208 -0.00161758 -0.000179124 -0.000298523 0.000536738
internal_weight=113 97 53 44 34 24 19 10 50 21 29 18 10 11 6
internal_count=113 97 53 44 34 24 19 10 50 21 29 18 10 11 6
cat_boundaries=0 1
cat_threshold=2
is_linear=0
shrinkage=0.03


Tree=59
num_leaves=17
num_cat=1
split_feature=5 10 10 11 11 10 10 11 10 11 10 10 10 10 10 11
split_gain=0.541115 0.234706 0.161947 0.116359 0.136512 0.108098 0.0615036 0.0505778 0.0394686 0.036264 0.012314 0.00355481 0.39844 0.0398834 0.00318684 0.00302569
threshold=0 24561.000000000004 27660.500000000004 8906.2916666666697 5944.8333333333348 6106.0000000000009 34622.500000000007 7279.0000000000009 27395.000000000004 7636.7380952380963 36371.500000000007 12575.500000000002 16124.500000000002 19040.500000000004 33030.500000000007 9058.5000000000018
decision_type=1 2 2 2 2 2 2 2 2 2 2 2 2 2 2 2
left_child=1 5 8 4 -4 -1 14 -6 15 10 -9 -7 -13 -14 -5 -3
right_child=-2 2 3 6 7 11 -8 9 -10 -11 -12 12 13 -15 -16 -17
leaf_value=0.00071473693618407611 0.0033859193178180317 -0.00024313041582130467 0.00096570660305373801 -0.00099141792926405142 -0.0039746068155064292 -0.0047194965928792952 0.0017538789751706644 -0.00043558854077543516 0.0031821823177429344 -0.0016695500368644532 0.00084449383616447445 0.0025223657023161644 -0.00055068436571780366 -0.0041627015080302953 2.0656069883933435e-05 0.00040897673536424657
leaf_weight=2.9999999999999991 15.999999999999998 2.9999999999999982 6.9999999999999991 4.0000000000000027 7.0000000000000027 7.9999999999999991 9.9999999999999982 4.0000000000000018 3 8.9999999999999982 5 6.0000000000000027 7.0000000000000027 13.999999999999998 3 4
leaf_count=3 16 3 7 4 7 8 10 4 3 9 5 6 7 14 3 4
internal_value=-0.000548277 -0.00145301 -0.000158029 -0.000929446 -0.00181675 -0.00301183 0.000795047 -0.00264916 0.00219667 -0.000898296 0.000345746 -0.0034191 -0.0018624 -0.00352472 -0.000800666 0.000150881
internal_weight=113 97 59 49 32 38 17 25 10 18 9 35 27 21 7 7
internal_count=113 97 59 49 32 38 17 25 10 18 9 35 27 21 7 7
cat_boundaries=0 1
cat_threshold=2
is_linear=0
shrinkage=0.03


Tree=60
num_leaves=15
num_cat=1
split_feature=9 6 11 11 11 11 10 11 11 11 11 11 11 11
split_gain=0.628435 0.318175 0.185581 0.338745 0.121964 0.0849484 0.0567417 0.0427484 0.0973483 0.0244829 0.0145074 0.00819852 0.0055768 0.0225938
threshold=4.5000000000000009 0 5523.8333333333348 5258.3000000000011 4176.791666666667 10934.875000000002 46222.500000000007 6935.3333333333348 8906.2916666666697 7530.6833333333343 15536.16666666667 8092.2500000000009 7130.1750000000011 7530.6833333333343
decision_type=2 1 2 2 2 2 2 2 2 2 2 2 2 2
left_child=1 2 3 4 -1 11 12 -4 9 -9 -7 -3 -2 -14
right_child=6 5 7 -5 -6 10 -8 8 -10 -11 -12 -13 13 -15
leaf_value=-0.0008574223059874314 -0.0031621913305100273 -0.0026404780745506277 0.0051460043411782905 -0.0036695005212511334 0.0038111211061477657 0.0011887722462415695 0.00018431583594065161 0.00054566040061987343 0.0025760971504496409 -0.0014213804270212468 -0.00027909746021032332 -0.00032244474440813064 0.00040091565996408464 -0.0014366456522391393
leaf_weight=2.9999999999999982 24 5.0000000000000018 12.999999999999998 4 5 4.9999999999999982 4.9999999999999991 3.0000000000000027 22 3 5 5 5 3
leaf_count=3 24 5 13 4 5 5 5 3 22 3 5 5 5 3
internal_value=0.000298709 0.00184648 0.00292153 -0.000243304 0.00255668 -0.00102662 -0.00249814 0.0037139 0.00186976 -0.000711523 0.000682256 -0.00222219 -0.00286136 -0.000703481
internal_weight=110 73 53 12 8 20 37 41 28 6 10 10 32 8
internal_count=110 73 53 12 8 20 37 41 28 6 10 10 32 8
cat_boundaries=0 1
cat_threshold=1
is_linear=0
shrinkage=0.03


Tree=61
num_leaves=15
num_cat=1
split_feature=6 11 10 11 11 11 11 10 10 10 11 11 11 11
split_gain=0.4648 0.206354 0.221781 0.245835 0.155972 0.147236 0.421201 0.0943202 0.0461495 0.0362021 0.0250359 0.0150871 0.0129322 0.0100179
threshold=0 4176.791666666667 29303.000000000004 8906.2916666666697 7130.1750000000011 5523.8333333333348 5258.3000000000011 34622.500000000007 36454.000000000007 46222.500000000007 10934.875000000002 15536.16666666667 12133.333333333334 7530.6833333333343
decision_type=1 2 2 2 2 2 2 2 2 2 2 2 2 2
left_child=1 -1 5 9 -2 6 -3 -5 11 -4 13 -6 -7 -10
right_child=4 2 3 7 8 12 -8 -9 10 -11 -12 -13 -14 -15
leaf_value=-0.0018903313577175141 -0.0033949053544422673 0.0033097585042317704 -0.0026919719586639022 -0.00073248316267771378 0.0012008575592190025 0.0050006146547093514 -0.0036380476611001149 0.0029706403613090513 -2.8517237649514124e-05 0.00013704509817346532 0.00039681539503642568 -0.00029493522431169234 0.00064621520378360794 -0.0020505859301640436
leaf_weight=4.9999999999999991 19 7.9999999999999982 9.0000000000000018 3.9999999999999991 10.000000000000002 18.000000000000004 4 11.999999999999998 2.9999999999999982 3.9999999999999991 3 3.9999999999999991 3.9999999999999991 3
leaf_count=5 19 8 9 4 10 18 4 12 3 4 3 4 4 3
internal_value=0.000289907 0.00173362 0.00224079 0.000150525 -0.00193142 0.00358425 0.000392863 0.0021192 -6.0051e-05 -0.00214038 -0.00115104 0.000828669 0.00465826 -0.00168927
internal_weight=110 68 63 29 42 34 12 16 23 13 9 14 22 6
internal_count=110 68 63 29 42 34 12 16 23 13 9 14 22 6
cat_boundaries=0 1
cat_threshold=1
is_linear=0
shrinkage=0.03


Tree=62
num_leaves=17
num_cat=1
split_feature=9 12 11 11 10 10 11 5 10 10 11 11 11 11 10 10
split_gain=0.582251 0.178999 0.156697 0.33777 0.158069 0.129643 0.117158 0.0894301 0.0421005 0.0695787 0.0318698 0.0172809 0.022314 0.00655137 0.00966198 0.00635109
threshold=4.5000000000000009 1.5000000000000002 5523.8333333333348 5258.3000000000011 27660.500000000004 33030.500000000007 4176.791666666667 0 43252.500000000007 36454.000000000007 15536.16666666667 7130.1750000000011 7530.6833333333343 8906.2916666666697 34622.500000000007 30455.000000000004
decision_type=2 2 2 2 2 2 2 1 2 2 2 2 2 2 2 2
left_child=1 2 3 6 10 15 -1 11 9 13 -4 -2 -13 -7 -15 -6
right_child=7 -3 4 -5 5 8 -8 -9 -10 -11 -12 12 -14 14 -16 -17
leaf_value=-0.00083839932313332195 -0.0032550650394775646 -0.0019578925907038727 0.0044436416351659727 -0.0034933757968246934 -0.00012492295886789046 6.7655768777642893e-05 0.0037399124503135679 0.00077269658446311952 0.0029857148926239457 -0.0013587234754647527 0.00038814934768847053 0.00039227414876222608 -0.0013694454585038329 6.4895359369424675e-06 0.0018836003076285123 -0.0018680525628420022
leaf_weight=2.9999999999999982 23 2.9999999999999991 23.000000000000004 6 4.0000000000000027 4.0000000000000062 5 2.9999999999999991 4.9999999999999991 3.9999999999999991 3.9999999999999991 4.9999999999999982 6 2.9999999999999982 6 3
leaf_count=3 23 3 23 6 4 4 5 3 5 4 4 5 6 3 6 3
internal_value=0.00027856 0.00176899 0.00215349 -0.000445605 0.00277232 0.000792286 0.00251108 -0.00241275 0.00177915 0.00044989 0.00411012 -0.00280555 -0.000763191 0.00135518 0.00159063 -0.00153139
internal_weight=110 73 70 14 56 29 8 37 22 17 27 34 11 13 9 7
internal_count=110 73 70 14 56 29 8 37 22 17 27 34 11 13 9 7
cat_boundaries=0 1
cat_threshold=2
is_linear=0
shrinkage=0.03


Tree=63
num_leaves=19
num_cat=1
split_feature=11 9 11 11 10 11 10 9 10 6 9 10 10 11 10 10 10 10
split_gain=0.20228 0.140885 0.12802 0.1121 0.0675014 0.0482279 0.132242 0.175868 0.0440634 0.0374598 0.0286109 0.02137 0.0283935 0.0201985 0.0186112 0.0157606 0.00381854 0.00329649
threshold=6758.8333333333348 2.5000000000000004 7279.0000000000009 7807.7500000000009 22900.500000000004 6129.8750000000009 23573.000000000004 3.5000000000000004 16383.500000000002 0 4.5000000000000009 33498.500000000007 27660.500000000004 4626.2261904761917 36809.500000000007 16124.500000000002 33030.500000000007 38404.500000000007
decision_type=2 2 2 2 2 2 2 2 2 1 2 2 2 2 2 2 2 2
left_child=1 -1 -2 14 15 6 7 8 -3 13 11 12 -6 -8 -4 -5 -14 -11
right_child=2 5 3 4 10 -7 9 -9 -10 17 -12 -13 16 -15 -16 -17 -18 -19
leaf_value=0.0013172463476657868 0.0029511082062826438 0.0016051732855183734 -0.0022149091586470605 0.00019415283309561865 0.001153112156590556 -0.0038634837259921961 -0.00022309973262823546 -0.0040980906157117138 -0.00084203666874340603 -0.00080292311630078713 -0.00033885076036676762 0.002113067175261676 -0.00079599259421229366 0.0018703921465203165 -4.7272309660911561e-05 -0.0015718175700077642 0.00010511016616454491 7.8820580473312965e-05
leaf_weight=4.9999999999999991 6.9999999999999991 4.0000000000000018 7.9999999999999982 3.9999999999999991 7.0000000000000027 6.9999999999999991 2.9999999999999982 8.9999999999999982 4 3.9999999999999991 4.9999999999999991 14.999999999999998 5 6 5 3 3 3
leaf_count=5 7 4 8 4 7 7 3 9 4 4 5 15 5 6 5 3 3 3
internal_value=-0.000407191 -0.00175074 0.000675684 -2.3378e-05 0.000751113 -0.00232099 -0.0011714 -0.00248814 0.000593551 0.000646528 0.00126163 0.0015464 0.000361178 0.00142242 -0.00176424 -0.00104209 -0.000587414 -0.000600956
internal_weight=107 45 62 55 42 40 33 17 8 16 35 30 15 9 13 7 8 7
internal_count=107 45 62 55 42 40 33 17 8 16 35 30 15 9 13 7 8 7
cat_boundaries=0 1
cat_threshold=1
is_linear=0
shrinkage=0.03


Tree=64
num_leaves=16
num_cat=2
split_feature=5 11 11 11 9 10 10 10 10 6 10 10 11 11 10
split_gain=0.409405 0.138693 0.22775 0.215226 0.191576 0.129095 0.103917 0.0247215 0.056689 0.0236303 0.0234731 0.0123194 0.0091139 0.0073974 0.00239718
threshold=0 6758.8333333333348 5121.232142857144 7279.0000000000009 3.5000000000000004 17192.000000000004 20169.000000000004 33030.500000000007 36371.500000000007 1 16124.500000000002 15906.000000000002 15536.16666666667 4626.2261904761917 34622.500000000007
decision_type=1 2 2 2 2 2 2 2 2 1 2 2 2 2 2
left_child=1 2 4 -3 -1 11 -6 10 14 -2 -5 -4 -10 -8 -9
right_child=9 3 5 7 6 -7 13 8 12 -11 -12 -13 -14 -15 -16
leaf_value=0.0028401211500167839 0.0036222648836280167 0.0029842643137089906 -0.00070038728989087597 0.00019248863416058672 -0.0030600075125694274 -0.0047074760915711521 -0.00022155519288319806 0.00010438249661372255 -0.0011924144604405307 0.00052766074700390589 -0.0018632379670937857 0.00058323817593710758 0.00015574745690593352 0.0009144678860902786 0.0014909834070847585
leaf_weight=5.0000000000000027 8.9999999999999982 5.9999999999999991 3.0000000000000027 4.0000000000000027 4.9999999999999991 17 3 3.0000000000000027 12.999999999999998 6.9999999999999991 17 4 2.9999999999999991 5 3
leaf_count=5 9 6 3 4 5 17 3 3 13 7 17 4 3 5 3
internal_value=-0.00040372 -0.00123791 -0.00231737 -7.67019e-05 0.000269232 -0.00376593 -0.00152449 -0.000986295 -0.000145658 0.00299205 -0.00153589 -5.52765e-05 -0.000976954 0.000602044 0.00129623
internal_weight=107 91 42 49 18 24 13 43 22 16 21 7 16 8 6
internal_count=107 91 42 49 18 24 13 43 22 16 21 7 16 8 6
cat_boundaries=0 1 2
cat_threshold=2 1
is_linear=0
shrinkage=0.03


Tree=65
num_leaves=19
num_cat=1
split_feature=11 9 11 11 10 11 10 9 10 6 9 11 10 10 10 10 10 10
split_gain=0.189819 0.134208 0.12139 0.106746 0.0652365 0.046888 0.12816 0.167073 0.0424264 0.0345332 0.0275733 0.0194848 0.0191584 0.0272848 0.0184681 0.0152731 0.00376771 0.00360754
threshold=6758.8333333333348 2.5000000000000004 7279.0000000000009 7807.7500000000009 22900.500000000004 6129.8750000000009 23573.000000000004 3.5000000000000004 16383.500000000002 0 4.5000000000000009 4626.2261904761917 33498.500000000007 27660.500000000004 36809.500000000007 16124.500000000002 38404.500000000007 33030.500000000007
decision_type=2 2 2 2 2 2 2 2 2 1 2 2 2 2 2 2 2 2
left_child=1 -1 -2 14 15 6 7 8 -3 11 12 -8 13 -6 -4 -5 -11 -15
right_child=2 5 3 4 10 -7 9 -9 -10 16 -12 -13 -14 17 -16 -17 -18 -19
leaf_value=0.0012969156801700592 0.0028766628968365051 0.0015719071882111682 -0.0021678728299836317 0.00019083872437477111 0.0011425236894694317 -0.0037576072485021807 -0.00022002131319963012 -0.0039948420736350505 -0.00082848110369273587 -0.00077978518392358509 -0.00033316748868674037 0.0018343722587451337 0.0020580420423299073 -0.00076940029487013813 -3.4875437617301941e-05 -0.0015480363569580591 0.00011086512285356337 0.0001036598476079794
leaf_weight=4.9999999999999991 6.9999999999999991 4.0000000000000018 7.9999999999999982 3.9999999999999991 7.0000000000000027 6.9999999999999991 2.9999999999999982 8.9999999999999982 4 3.9999999999999991 4.9999999999999991 6 14.999999999999998 5 5 3 3 3
leaf_count=5 7 4 8 4 7 7 3 9 4 4 5 6 15 5 5 3 3 3
internal_value=-0.000387325 -0.00168919 0.000660954 -2.0224e-05 0.000735198 -0.00224719 -0.00112744 -0.0024257 0.00057822 0.000654382 0.0012374 0.00139419 0.00151701 0.000369179 -0.00171934 -0.00102663 -0.000557397 -0.000566301
internal_weight=107 45 62 55 42 40 33 17 8 16 35 9 30 15 13 7 7 8
internal_count=107 45 62 55 42 40 33 17 8 16 35 9 30 15 13 7 7 8
cat_boundaries=0 1
cat_threshold=1
is_linear=0
shrinkage=0.03


Tree=66
num_leaves=18
num_cat=3
split_feature=6 11 9 5 11 11 11 11 11 11 11 9 5 9 11 11 11
split_gain=0.562648 0.237555 0.22752 0.20617 0.116965 0.146478 0.110484 0.0861105 0.113548 0.0508045 0.0369854 0.0237873 0.0434652 0.0209638 0.00144 0.0102268 0.00102695
threshold=0 7130.1750000000011 2.5000000000000004 1 6758.8333333333348 5258.3000000000011 4176.791666666667 7130.1750000000011 8906.2916666666697 10934.875000000002 9587.1250000000018 4.5000000000000009 2 4.5000000000000009 11086.250000000002 15536.16666666667 10934.875000000002
decision_type=1 2 2 1 2 2 2 2 2 2 2 2 1 2 2 2 2
left_child=2 -2 10 4 5 6 -4 -6 13 -10 -1 12 14 -9 -3 -16 -14
right_child=1 11 3 -5 7 -7 -8 8 9 -11 -12 -13 16 -15 15 -17 -18
leaf_value=0.0058022265136241907 -0.004228510500490665 -0.0016912823256391744 -0.0015049065649509424 0.0036206328061719733 0.0029981358922444848 -0.0030552096494939176 0.0021616384474670187 -0.0019659102956453953 0.0022860635537654164 -0.00045111133158206939 0.00057355971009071384 0.00091453518136404451 4.9785349804621459e-05 8.039227500557899e-05 0.00038023689495665685 -0.00082865566588365114 0.0008619390148669481
leaf_weight=4 14.999999999999998 3 4.0000000000000018 7.9999999999999991 3.0000000000000027 9.9999999999999982 7 8.0000000000000018 7.9999999999999982 5 4 5.9999999999999991 3.0000000000000044 4.9999999999999991 4 3 4
leaf_count=4 15 3 4 8 3 10 7 8 8 5 4 6 3 5 4 3 4
internal_value=0.000371784 -0.0022042 0.0019498 0.000866531 -0.000104122 -0.00146532 0.000746627 0.00100456 5.61036e-06 0.00149489 0.00495894 -2.69572e-06 -0.000545242 -0.00148611 -0.00137179 -0.000320542 0.000747903
internal_weight=104 38 66 58 50 21 11 29 26 13 8 23 17 13 10 7 7
internal_count=104 38 66 58 50 21 11 29 26 13 8 23 17 13 10 7 7
cat_boundaries=0 1 2 3
cat_threshold=1 2 2
is_linear=0
shrinkage=0.03


Tree=67
num_leaves=14
num_cat=1
split_feature=6 10 10 10 9 9 10 10 12 9 10 10 10
split_gain=0.54788 0.604166 0.777879 0.12358 0.109748 0.0903013 0.0590953 0.0504312 0.0428787 0.0301649 0.0228902 0.0204139 0.0101627
threshold=0 16124.500000000002 21832.000000000004 33030.500000000007 5.5000000000000009 2.5000000000000004 46222.500000000007 36454.000000000007 1.5000000000000002 3.5000000000000004 34622.500000000007 32487.500000000004 44109.000000000007
decision_type=1 2 2 2 2 2 2 2 2 2 2 2 2
left_child=1 -1 -3 5 8 -2 10 -5 9 11 -6 -4 -9
right_child=3 2 4 7 6 -7 -8 12 -10 -11 -12 -13 -14
leaf_value=0.0065712607063745203 -0.00020143834107062391 -0.0049854728579521177 0.001231370818402086 0.0010656389133895142 0.00021711928340104909 -0.0044474801155073296 0.001109158458188176 -0.0014322887842232982 -0.00020768757909536361 0.0033389983464564591 -0.0021070683174408398 -0.00044660025089979168 3.3107694238424303e-05
leaf_weight=8.9999999999999982 7.0000000000000027 8.9999999999999982 3.9999999999999982 7.0000000000000027 2.9999999999999982 10.999999999999998 5 7.9999999999999982 2.9999999999999991 25 3 5 5
leaf_count=9 7 9 4 7 3 11 5 8 3 25 3 5 5
internal_value=0.000376429 0.00193294 0.000329093 -0.00216646 0.00201333 -0.00345791 -0.000377712 -0.000238957 0.0026533 0.00289557 -0.00153558 0.000554747 -0.00109933
internal_weight=104 66 57 38 48 18 11 20 37 34 6 9 13
internal_count=104 66 57 38 48 18 11 20 37 34 6 9 13
cat_boundaries=0 1
cat_threshold=1
is_linear=0
shrinkage=0.03


Tree=68
num_leaves=17
num_cat=1
split_feature=10 10 11 5 11 10 10 11 10 11 10 11 11 11 11 10
split_gain=0.349189 0.789649 0.518979 0.256403 0.116066 0.116309 0.164065 0.080264 0.0726969 0.0601499 0.0572492 0.0407536 0.0356469 0.0181825 0.0122149 0.000473483
threshold=15906.000000000002 21832.000000000004 2332.9500000000003 0 6758.8333333333348 27660.500000000004 35872.000000000007 5944.8333333333348 36454.000000000007 11866.500000000002 43252.500000000007 5523.8333333333348 8092.2500000000009 11086.250000000002 4806.2500000000009 26998.500000000004
decision_type=2 2 2 1 2 2 2 2 2 2 2 2 2 2 2 2
left_child=2 -2 -1 4 7 15 13 11 -8 -4 12 14 -10 -7 -3 -6
right_child=1 3 9 -5 5 6 8 -9 10 -11 -12 -13 -14 -15 -16 -17
leaf_value=-0.0026145786963976342 -0.0053556229886801343 0.00021561611157197214 0.0064122148106495538 0.0033985937483465441 0.00033598815234234697 -0.0022393074479292734 0.0028427480161190024 -0.0029816955102004985 0.00052096195805531272 0.00036567659332202026 0.001280030663125217 0.0012395890671759843 -0.0019302388131618501 -7.4950113892555237e-05 -0.0013757743113316022 0.002914434090256691
leaf_weight=2.9999999999999991 12.999999999999998 3.0000000000000018 7.9999999999999982 15.999999999999998 3 12.000000000000002 5.0000000000000027 6.9999999999999991 2.9999999999999982 3 5 5 5 4.9999999999999991 3 5
leaf_count=3 13 3 8 16 3 12 5 7 3 3 5 5 5 5 3 5
internal_value=0.000364449 -0.00044637 0.00359101 0.000902785 -0.000138325 0.000704829 -0.000238409 -0.00168489 0.00141645 0.00572256 -0.000129592 0.000167228 -0.00123228 -0.00186626 -0.000942629 0.00267135
internal_weight=104 90 14 77 61 43 35 18 18 11 13 11 8 17 6 8
internal_count=104 90 14 77 61 43 35 18 18 11 13 11 8 17 6 8
cat_boundaries=0 1
cat_threshold=2
is_linear=0
shrinkage=0.03


Tree=69
num_leaves=19
num_cat=1
split_feature=11 10 11 9 11 11 10 10 9 10 10 10 6 11 11 10 10 11
split_gain=0.248304 0.184245 0.185588 0.0977947 0.0829768 0.0532611 0.0455886 0.0875934 0.0417919 0.033242 0.0998869 0.0734115 0.0172685 0.0174215 0.0144605 0.0139827 0.00774073 0.00538767
threshold=5523.8333333333348 27660.500000000004 11086.250000000002 2.5000000000000004 12133.333333333334 5944.8333333333348 12575.500000000002 16124.500000000002 2.5000000000000004 36454.000000000007 35872.000000000007 44109.000000000007 0 8906.2916666666697 7807.7500000000009 25282.000000000004 34622.500000000007 12909.875000000002
decision_type=2 2 2 2 2 2 2 2 2 2 2 2 1 2 2 2 2 2
left_child=3 4 5 -1 12 -3 -5 -8 -4 10 -7 -11 13 -2 -13 -9 -17 -6
right_child=1 2 8 6 17 9 7 15 -10 11 -12 14 -14 -15 -16 16 -18 -19
leaf_value=0.00093603382890041029 0.003650580697652438 0.0007536299480125308 -0.00024256557226181029 -0.0041794011890888202 -0.00064416796327210386 -0.0015049902610480782 0.0012201856715338567 -0.0024402620862512023 0.0023949155929897516 -0.0033192731821909539 0.0016171832382678984 -0.00070919086726812218 0.00027447452768683414 0.00044980193674564362 0.00065827661228831853 0.00022047908976674079 -0.00083077739637631642 0.00024847150115030154
leaf_weight=3.0000000000000027 13.000000000000002 3.9999999999999991 4.9999999999999991 5.0000000000000027 2.9999999999999991 15.000000000000002 4.0000000000000027 6.9999999999999991 10.999999999999998 10.000000000000002 4.9999999999999991 3 4.0000000000000062 4.9999999999999991 5 5.9999999999999982 3 4
leaf_count=3 13 4 5 5 3 15 4 7 11 10 5 3 4 5 5 6 3 4
internal_value=-0.000115453 0.00069861 -0.000321945 -0.00216308 0.00229891 -0.00131821 -0.00269615 -0.00105581 0.00179441 -0.00164787 -0.000445567 -0.00234753 0.00295478 0.00323966 3.63704e-05 -0.00187527 -0.00038276 -0.000287975
internal_weight=115 87 58 28 29 42 25 20 16 38 20 18 22 18 8 16 9 7
internal_count=115 87 58 28 29 42 25 20 16 38 20 18 22 18 8 16 9 7
cat_boundaries=0 1
cat_threshold=1
is_linear=0
shrinkage=0.03


Tree=70
num_leaves=19
num_cat=1
split_feature=11 10 11 9 11 11 10 10 9 10 10 10 6 11 11 10 10 11
split_gain=0.242336 0.177734 0.179209 0.0960048 0.0806105 0.0518317 0.0449859 0.0858643 0.0405814 0.032908 0.0971983 0.0710948 0.0165283 0.0165497 0.0142193 0.0134601 0.00761361 0.00530655
threshold=5523.8333333333348 27660.500000000004 11086.250000000002 2.5000000000000004 12133.333333333334 5944.8333333333348 12575.500000000002 16124.500000000002 2.5000000000000004 36454.000000000007 35872.000000000007 44109.000000000007 0 8906.2916666666697 7807.7500000000009 25282.000000000004 34622.500000000007 12909.875000000002
decision_type=2 2 2 2 2 2 2 2 2 2 2 2 1 2 2 2 2 2
left_child=3 4 5 -1 12 -3 -5 -8 -4 10 -7 -11 13 -2 -13 -9 -17 -6
right_child=1 2 8 6 17 9 7 15 -10 11 -12 14 -14 -15 -16 16 -18 -19
leaf_value=0.00092955361192042986 0.0035886796645860624 0.00074717030261776279 -0.0002401398941874504 -0.004137607216835021 -0.00063970834804842104 -0.0014779004350304601 0.0012097268125840592 -0.0024101178172756645 0.0023572812056435006 -0.0032694841492921108 0.0016010113954544067 -0.00070428113524730388 0.0002721218871218816 0.00044530387967824933 0.0006516938546337769 0.00021799870301038025 -0.0008250258289850675 0.00024634174736482754
leaf_weight=3.0000000000000027 13.000000000000002 3.9999999999999991 4.9999999999999991 5.0000000000000027 2.9999999999999991 15.000000000000002 4.0000000000000027 6.9999999999999991 10.999999999999998 10.000000000000002 4.9999999999999991 3 4.0000000000000062 4.9999999999999991 5 5.9999999999999982 3 4
leaf_count=3 13 4 5 5 3 15 4 7 11 10 5 3 4 5 5 6 3 4
internal_value=-0.000115462 0.00068887 -0.000313839 -0.00213824 0.00226055 -0.00129311 -0.00266678 -0.00104244 0.00176542 -0.0016188 -0.000431078 -0.00231321 0.00290715 0.0031864 3.44307e-05 -0.00185421 -0.000380914 -0.000286319
internal_weight=115 87 58 28 29 42 25 20 16 38 20 18 22 18 8 16 9 7
internal_count=115 87 58 28 29 42 25 20 16 38 20 18 22 18 8 16 9 7
cat_boundaries=0 1
cat_threshold=1
is_linear=0
shrinkage=0.03


Tree=71
num_leaves=18
num_cat=2
split_feature=5 9 10 9 10 10 10 10 10 10 6 10 10 10 10 10 10
split_gain=0.39406 0.126289 0.14605 0.133703 0.0917622 0.189533 0.042384 0.032037 0.0597706 0.0397106 0.0287283 0.0122345 0.00425794 0.00352438 0.00220735 0.00124219 0.00950623
threshold=0 3.5000000000000004 9509.5000000000018 2.5000000000000004 21832.000000000004 36454.000000000007 36454.000000000007 28138.000000000004 27395.000000000004 29303.000000000004 1 32487.500000000004 25282.000000000004 34622.500000000007 23573.000000000004 35181.500000000007 36371.500000000007
decision_type=1 2 2 2 2 2 2 2 2 2 1 2 2 2 2 2 2
left_child=1 2 -1 6 -3 7 12 8 14 -9 -2 -5 -4 -13 -6 -11 -17
right_child=10 4 3 11 5 -7 -8 9 -10 15 -12 13 -14 -15 -16 16 -18
leaf_value=0.002962145645703588 0.0036043130195784296 -0.0035186515264213083 -0.0028470818574229876 0.0013242814104471885 9.717187629296226e-05 -0.0026601901369738491 0.00035690708515735773 -0.0014564687930620629 0.0027249744992989757 0.0007048571658761876 0.00040277495747432113 -0.00031881241500377654 -0.00043173292092978951 0.0003430270523365055 -0.00057032711177061384 -0.00045543076097965239 0.00063650713435241149
leaf_weight=3.9999999999999991 12 9.9999999999999982 7.9999999999999982 11.000000000000002 3.0000000000000018 17 2.9999999999999991 3.0000000000000027 3 9.0000000000000018 6.0000000000000009 4.9999999999999982 5 4 3 4.9999999999999982 4
leaf_count=4 12 10 8 11 3 17 3 3 3 9 6 5 5 4 3 5 4
internal_value=-0.000115447 -0.00093617 0.000324329 -0.000548991 -0.00173711 -0.000807257 -0.00204168 0.000645287 0.00154072 -0.000111683 0.00306212 0.00092767 -0.00250972 1.06276e-06 -0.000384439 0.000552569 0.000109455
internal_weight=115 97 40 36 57 47 16 30 9 21 18 20 13 9 6 18 9
internal_count=115 97 40 36 57 47 16 30 9 21 18 20 13 9 6 18 9
cat_boundaries=0 1 2
cat_threshold=2 1
is_linear=0
shrinkage=0.03


Tree=72
num_leaves=19
num_cat=3
split_feature=6 10 10 5 10 10 10 10 10 10 5 10 10 10 10 10 10 10
split_gain=0.271234 0.225028 0.412177 0.0901708 0.0683723 0.0348124 0.0379124 0.0302852 0.0275849 0.0302412 0.0260339 0.0162571 0.00901573 0.0100898 0.00273901 0.00231018 0.00332143 0.000600788
threshold=0 16124.500000000002 21832.000000000004 1 24561.000000000004 28138.000000000004 27395.000000000004 36809.500000000007 33030.500000000007 38404.500000000007 2 30455.000000000004 36371.500000000007 33498.500000000007 31231.000000000004 35872.000000000007 36371.500000000007 25282.000000000004
decision_type=1 2 2 1 2 2 2 2 2 2 1 2 2 2 2 2 2 2
left_child=1 -1 -3 5 -2 6 17 12 11 15 -9 -7 13 14 -6 -10 -17 -4
right_child=4 2 3 -5 7 8 -8 10 9 -11 -12 -13 -14 -15 -16 16 -18 -19
leaf_value=0.0044919881224632268 -0.0023554319143295286 -0.0031273520607501266 0.00017329558157003842 0.0036031056088395418 -5.0420336425304385e-05 0.00025982728600502003 0.0027061092165800238 -0.0013597669126465916 0.00018270379304885859 -0.00061077377386391165 0.00049853593909314703 -0.0013280703462660312 0.0011157495453953743 -0.00064223090329995516 0.00068764570527351816 0.0016506091079541614 0.0001068624911399988 -0.00010743883531540632
leaf_weight=10.999999999999998 10.999999999999998 9.9999999999999982 2.9999999999999982 9.9999999999999982 5.0000000000000053 5.0000000000000018 3 9.9999999999999982 5.0000000000000018 4.9999999999999991 3.9999999999999991 5 4.9999999999999991 2.9999999999999991 3 4 3 5
leaf_count=11 11 10 3 10 5 5 3 10 5 5 4 5 5 3 3 4 3 5
internal_value=0.000738425 0.00179393 0.000696894 0.00189545 -0.00104136 0.000789036 0.00170575 -9.11376e-05 5.54877e-05 0.000669507 -0.000842326 -0.000801182 0.00063732 -7.9006e-06 0.000454616 0.0012381 0.00144104 3.56256e-05
internal_weight=110 69 58 48 41 38 11 30 27 17 14 10 16 11 8 12 7 8
internal_count=110 69 58 48 41 38 11 30 27 17 14 10 16 11 8 12 7 8
cat_boundaries=0 1 2 3
cat_threshold=1 2 2
is_linear=0
shrinkage=0.03


Tree=73
num_leaves=20
num_cat=2
split_feature=9 10 10 5 10 10 10 11 11 9 6 11 11 10 10 11 10 11 11
split_gain=0.276248 0.406449 0.148333 0.0834849 0.0888823 0.0411154 0.252558 0.0230351 0.0689161 0.0474248 0.0206272 0.0168169 0.0150955 0.00823708 0.00823198 0.00295098 0.00969609 0.00155949 0.000961661
threshold=2.5000000000000004 23573.000000000004 16124.500000000002 0 36454.000000000007 16124.500000000002 12575.500000000002 7279.0000000000009 7807.7500000000009 5.5000000000000009 1 8092.2500000000009 7346.8000000000011 22900.500000000004 27660.500000000004 8906.2916666666697 33030.500000000007 7296.1250000000009 4626.2261904761917
decision_type=2 2 2 1 2 2 2 2 2 2 1 2 2 2 2 2 2 2 2
left_child=2 5 -1 4 7 6 -2 9 17 -3 -5 12 -6 -4 -15 -10 -17 -9 -11
right_child=1 3 13 10 11 -7 -8 8 15 18 -12 -13 -14 14 -16 16 -18 -19 -20
leaf_value=0.005115602594964643 -0.0030898766538926523 0.0027452968060970306 -0.00042019629994264013 0.0031198230975822204 -0.00069388486631214602 -0.0033811226243583054 0.0026193012510027204 -0.00010578185319900509 0.00016607331484556198 -0.00024902577583606422 0.00034956931136548519 -0.0016137375326498464 0.00065234220586717127 0.0009629452228546142 -0.00023969664883155087 2.7429857956511633e-05 0.0017401074092177782 -0.0013275100067257882 0.00012006396959934915
leaf_weight=7.0000000000000027 4.0000000000000018 5.9999999999999982 2.9999999999999982 8.9999999999999982 5.0000000000000018 15.999999999999998 4 3.0000000000000018 4.9999999999999991 3 5.9999999999999991 6.9999999999999991 5 4 3 3.9999999999999982 7 5 4
leaf_count=7 4 6 3 9 5 16 4 3 5 3 6 7 5 4 3 4 7 5 4
internal_value=0.000731009 -4.02596e-05 0.00340251 0.00114368 0.000398137 -0.00277933 -0.000366003 0.00113909 0.000328504 0.0018421 0.00259479 -0.00103914 -3.1157e-05 0.000245131 0.000609716 0.00124834 0.00142694 -0.00118266 -9.15553e-05
internal_weight=110 93 17 69 54 24 8 37 24 13 15 17 10 10 7 16 11 8 7
internal_count=110 93 17 69 54 24 8 37 24 13 15 17 10 10 7 16 11 8 7
cat_boundaries=0 1 2
cat_threshold=2 1
is_linear=0
shrinkage=0.03


Tree=74
num_leaves=18
num_cat=3
split_feature=9 10 10 5 10 10 10 6 10 10 10 9 10 10 6 9 10
split_gain=0.26882 0.393098 0.145585 0.0811227 0.0866887 0.0392685 0.248247 0.0199636 0.0163872 0.0426781 0.0297928 0.0259217 0.0106578 0.0130079 0.00989332 0.00491101 1.89849e-05
threshold=2.5000000000000004 23573.000000000004 11827.500000000002 0 36454.000000000007 16124.500000000002 12575.500000000002 1 28138.000000000004 33030.500000000007 27395.000000000004 4.5000000000000009 21832.000000000004 27660.500000000004 2 6.5000000000000009 26998.500000000004
decision_type=2 2 2 1 2 2 2 1 2 2 2 2 2 2 1 2 2
left_child=2 5 -1 4 8 6 -2 -5 10 11 16 -10 -4 -14 -6 -11 -3
right_child=1 3 12 7 14 -7 -8 -9 9 15 -12 -13 13 -15 -16 -17 -18
leaf_value=0.0055308565071650901 -0.0030633920750447676 6.0410267458512232e-05 -0.00025530117005109786 0.0030754887517296563 1.8196909659309311e-05 -0.0033187019509764814 0.0025968501397541587 0.00034563667606562375 -0.0012407620468487339 0.0013110043783672151 0.0026752788745439968 0.00062955552282241672 0.0013486291337758303 -0.00023803721253688517 -0.0013334624868418486 5.3988397121429444e-06 -6.3416533745252166e-06
leaf_weight=4.0000000000000027 4.0000000000000018 2.9999999999999982 4.9999999999999991 8.9999999999999982 6 15.999999999999998 4 5.9999999999999991 8.0000000000000018 14.000000000000002 3 2.9999999999999991 5 3 11.000000000000002 2.9999999999999991 3
leaf_count=4 4 3 5 9 6 16 4 6 8 14 3 3 5 3 11 3 3
internal_value=0.000725323 -3.59089e-05 0.00336065 0.00112809 0.000393043 -0.00272994 -0.000362866 0.00255858 0.00112482 0.000457495 0.00186745 -0.000673785 0.000578497 0.000951942 -0.00102635 0.00116794 4.39307e-05
internal_weight=110 93 17 69 54 24 8 15 37 28 9 11 13 8 17 17 6
internal_count=110 93 17 69 54 24 8 15 37 28 9 11 13 8 17 17 6
cat_boundaries=0 1 2 3
cat_threshold=2 1 1
is_linear=0
shrinkage=0.03


Tree=75
num_leaves=14
num_cat=1
split_feature=5 9 11 11 11 9 11 10 11 10 10 10 10
split_gain=0.287668 0.202551 0.38453 0.106267 0.189534 0.0949915 0.159079 0.0837748 0.0217249 0.0117739 0.0381707 0.0064425 0.00289178
threshold=0 3.5000000000000004 5258.3000000000011 6758.8333333333348 7130.1750000000011 1.5000000000000002 11086.250000000002 16124.500000000002 6129.8750000000009 31231.000000000004 36454.000000000007 44481.000000000007 36242.000000000007
decision_type=1 2 2 2 2 2 2 2 2 2 2 2 2
left_child=1 2 -1 -3 -5 7 8 -4 -7 -6 12 -12 -11
right_child=-2 3 5 4 9 6 -8 -9 -10 10 11 -13 -14
leaf_value=0.0045767392683774234 0.0026324324840162365 -0.0028581171609694134 0.0021976759331300854 0.0028677485195490022 -0.0021581465005874631 -0.00036185470223426807 0.00089831342920660968 -0.0011121201648243836 -0.0035084012635052206 -5.0566053161254292e-05 -0.0016616896406880445 -7.7676871858005015e-05 0.00082268702983856197
leaf_weight=5.9999999999999991 17 30 5.9999999999999982 3.0000000000000027 5.0000000000000027 5.0000000000000027 8.9999999999999982 4 9.9999999999999982 3 4 4 5
leaf_count=6 17 30 6 3 5 5 9 4 10 3 4 4 5
internal_value=-0.000138145 -0.000844147 0.000685861 -0.00190757 -0.000228225 -0.000884881 -0.00172141 0.000979657 -0.00302383 -0.00145292 -0.000487238 -0.00135284 0.000649053
internal_weight=111 94 40 54 24 34 24 10 15 21 16 8 8
internal_count=111 94 40 54 24 34 24 10 15 21 16 8 8
cat_boundaries=0 1
cat_threshold=2
is_linear=0
shrinkage=0.03


Tree=76
num_leaves=14
num_cat=1
split_feature=5 9 11 11 11 9 11 10 11 10 10 10 10
split_gain=0.2756 0.195414 0.37536 0.101469 0.186644 0.0923178 0.154497 0.0820922 0.0209199 0.0114614 0.0374723 0.00633253 0.00283735
threshold=0 3.5000000000000004 5258.3000000000011 6758.8333333333348 7130.1750000000011 1.5000000000000002 11086.250000000002 16124.500000000002 6129.8750000000009 31231.000000000004 36454.000000000007 44481.000000000007 36242.000000000007
decision_type=1 2 2 2 2 2 2 2 2 2 2 2 2
left_child=1 2 -1 -3 -5 7 8 -4 -7 -6 12 -12 -11
right_child=-2 3 5 4 9 6 -8 -9 -10 10 11 -13 -14
leaf_value=0.0045252508018165825 0.0025827087151507533 -0.002793809433962451 0.002172952014952898 0.0028478947396461769 -0.0021365651562809938 -0.00035823631286621086 0.00088554793478626953 -0.0011025877217096941 -0.0034557751715183259 -5.0215956110220692e-05 -0.0016474465919392449 -7.7011073340794875e-05 0.00081446012854576098
leaf_weight=5.9999999999999991 17 30 5.9999999999999982 3.0000000000000027 5.0000000000000027 5.0000000000000027 8.9999999999999982 4 9.9999999999999982 3 4 4 5
leaf_count=6 17 30 6 3 5 5 9 4 10 3 4 4 5
internal_value=-0.000128529 -0.00082005 0.000681428 -0.00186495 -0.000223652 -0.000871196 -0.00169599 0.00096655 -0.00297956 -0.00143957 -0.000483781 -0.00134124 0.00064245
internal_weight=111 94 40 54 24 34 24 10 15 21 16 8 8
internal_count=111 94 40 54 24 34 24 10 15 21 16 8 8
cat_boundaries=0 1
cat_threshold=2
is_linear=0
shrinkage=0.03


Tree=77
num_leaves=5
num_cat=2
split_feature=5 9 6 9
split_gain=0.264028 0.188539 0.0802336 0.0364227
threshold=0 3.5000000000000004 1 2.5000000000000004
decision_type=1 2 1 2
left_child=1 2 3 -1
right_child=-2 -3 -4 -5
leaf_value=0.0022353637408973142 0.0025339242412398258 -0.0018232601692761818 -0.00086359439944119548 0.00018136233910918235
leaf_weight=12 17 54 12.999999999999998 15
leaf_count=12 17 54 13 15
internal_value=-0.000119201 -0.000796531 0.000676988 0.00145168
internal_weight=111 94 40 27
internal_count=111 94 40 27
cat_boundaries=0 1 2
cat_threshold=2 1
is_linear=0
shrinkage=0.03


Tree=78
num_leaves=18
num_cat=2
split_feature=9 11 11 11 5 11 9 9 9 11 11 9 5 9 11 11 11
split_gain=0.280008 0.197954 0.177854 0.11038 0.0933101 0.0348691 0.0809417 0.0243447 0.0154179 0.00927038 0.0295361 0.015219 0.0133567 0.00638027 0.00337556 0.0026474 0.00100871
threshold=2.5000000000000004 6758.8333333333348 9587.1250000000018 6935.3333333333348 0 7807.7500000000009 4.5000000000000009 5.5000000000000009 3.5000000000000004 9058.5000000000018 11086.250000000002 4.5000000000000009 1 1.5000000000000002 16124.500000000002 12909.875000000002 8906.2916666666697
decision_type=2 2 2 2 1 2 2 2 2 2 2 2 1 2 2 2 2
left_child=2 4 -1 -3 8 6 -5 -8 -2 11 12 16 -11 14 -4 -15 -7
right_child=1 3 13 5 -6 9 7 -9 -10 10 -12 -13 -14 15 -16 -17 -18
leaf_value=0.0046731591820716846 -0.00066653667390346527 0.0027818944820990925 0.00014773773295538765 -0.0023324863923092679 0.00086709192739083216 0.000232875442598015 0.0011256919149309397 -0.00065801357993712788 -0.003033465603932839 -0.0012973158387467264 0.00081331482047543801 -0.00033393589846257647 0.00026348657691134856 -9.194130221238502e-05 -0.00058016189932823172 0.00066355868600882014 0.0013782399276701305
leaf_weight=5.0000000000000027 9.9999999999999982 2.9999999999999991 3.9999999999999982 8.0000000000000018 2.9999999999999991 6.0000000000000018 7.9999999999999982 3 27 5.9999999999999991 6.9999999999999991 3.9999999999999991 2.9999999999999991 2.9999999999999991 5 3 3
leaf_count=5 10 3 4 8 3 6 8 3 27 6 7 4 3 3 5 3 3
internal_value=-0.000198774 -0.000940059 0.00236314 0.000317226 -0.00228594 -0.000289894 -0.00104402 0.000557537 -0.00267168 0.000345196 -0.000134822 0.00073774 -0.000912196 3.1877e-05 -0.000349163 0.000464439 0.00113911
internal_weight=111 91 20 51 40 48 19 11 37 29 16 13 9 15 9 6 9
internal_count=111 91 20 51 40 48 19 11 37 29 16 13 9 15 9 6 9
cat_boundaries=0 1 2
cat_threshold=2 2
is_linear=0
shrinkage=0.03


Tree=79
num_leaves=19
num_cat=3
split_feature=6 11 11 11 11 11 11 11 11 5 5 11 11 11 11 11 11 11
split_gain=0.145157 0.102025 0.0625791 0.10516 0.0526812 0.0478635 0.0302205 0.280201 0.0246003 0.0185558 0.0184465 0.0166433 0.00965317 0.0714483 0.00208912 0.00195264 0.00195103 0.00649061
threshold=0 7130.1750000000011 4176.791666666667 6935.3333333333348 11325.250000000002 3060.666666666667 5523.8333333333348 5258.3000000000011 4806.2500000000009 1 2 7530.6833333333343 8906.2916666666697 9587.1250000000018 7636.7380952380963 10934.875000000002 11086.250000000002 15536.16666666667
decision_type=1 2 2 2 2 2 2 2 2 1 1 2 2 2 2 2 2 2
left_child=2 -2 5 6 9 -1 7 8 -4 12 11 -3 14 -14 -5 -12 -13 -18
right_child=1 10 3 4 -6 -7 -8 -9 -10 -11 15 16 13 -15 -16 -17 17 -19
leaf_value=0.00070002023990337666 -0.0027025738222381242 0.00038024115787052044 0.00024883555620908729 -0.00030155157437548034 0.0011127565663896109 -0.0021031421308334059 0.0027421719197183846 -0.0031035235638801864 0.0032987039483019284 0.00037089389083640905 -1.9526309691942651e-06 -0.0011662702099420131 0.001551206547480363 -0.0014896555393934248 -0.0018063966892659664 0.00082999930530786514 0.00033164484692471371 -0.00059105944633483889
leaf_weight=2.9999999999999991 15.999999999999998 7.0000000000000027 5.0000000000000018 6.0000000000000018 8.9999999999999982 3 14.999999999999998 2.9999999999999991 4 4.0000000000000027 3.0000000000000018 5.9999999999999991 3 5 5 5 3.9999999999999982 5
leaf_count=3 16 7 5 6 9 3 15 3 4 4 3 6 3 5 5 5 4 5
internal_value=-0.000183009 -0.0013261 0.000694897 0.00101968 -0.000184882 -0.00114004 0.00211143 0.000434936 0.00262707 -0.000875982 -9.98621e-05 -0.000513096 -0.00117586 -0.000121064 -0.00152004 0.000690256 -0.000915327 -0.000222256
internal_weight=111 46 65 59 32 6 27 12 9 23 30 22 19 8 11 8 15 9
internal_count=111 46 65 59 32 6 27 12 9 23 30 22 19 8 11 8 15 9
cat_boundaries=0 1 2 3
cat_threshold=1 2 2
is_linear=0
shrinkage=0.03


Tree=80
num_leaves=20
num_cat=1
split_feature=9 10 10 10 10 10 5 10 10 11 10 11 11 10 10 9 12 10 11
split_gain=0.270081 0.192411 0.173974 0.17141 0.0640698 0.186431 0.0484898 0.0497491 0.0468316 0.0652241 0.0355487 0.0295872 0.015181 0.012968 0.0117007 0.00306181 0.00189041 0.00150902 0.00103794
threshold=2.5000000000000004 23573.000000000004 11827.500000000002 28138.000000000004 17192.000000000004 12575.500000000002 0 38404.500000000007 35872.000000000007 5944.8333333333348 21832.000000000004 9058.5000000000018 7279.0000000000009 27660.500000000004 16124.500000000002 3.5000000000000004 1.5000000000000002 34622.500000000007 6758.8333333333348
decision_type=2 2 2 2 2 2 1 2 2 2 2 2 2 2 2 2 2 2 2
left_child=2 4 -1 18 5 -2 7 8 9 -5 14 12 -10 -12 -4 -11 -9 -8 -3
right_child=1 3 10 6 -6 -7 17 16 11 15 13 -13 -14 -15 -16 -17 -18 -19 -20
leaf_value=0.0046177529692649827 -0.0029734542540141508 0.00041595097165554758 0.00014393215732915062 0.00089039161056280109 -0.0038327769402946741 0.0016686132177710534 -1.9390995685870831e-06 -0.0024836708330794382 -0.00015281748313170212 -0.00028759418427944187 0.0014006704783865382 -0.0006388066594417279 0.00174793327198131 -0.00017924588173627852 -0.00141450243930404 -0.0020070009268820287 -0.00026264874336238091 0.00071838485077023505 0.0024989225032428898
leaf_weight=5.0000000000000027 4.0000000000000027 4.9999999999999991 3.9999999999999991 5.0000000000000027 10.999999999999998 7.9999999999999991 2.9999999999999991 8.9999999999999982 2.9999999999999982 4.9999999999999991 4 2.9999999999999991 6 4 3 9.9999999999999982 2.9999999999999991 7.9999999999999991 7.9999999999999991
leaf_count=5 4 5 4 5 11 8 3 9 3 5 4 3 6 4 3 10 3 8 8
internal_value=-0.000181733 -0.000910717 0.00233309 1.27142e-06 -0.00279035 -0.000526969 -0.000786472 -0.00118567 -0.000319577 -0.0010366 2.90585e-05 0.000803446 0.00136738 0.000949997 -0.000963146 -0.00177816 -0.00230019 0.000614558 0.00222695
internal_weight=111 91 20 68 23 12 55 44 32 20 15 12 9 8 7 15 12 11 13
internal_count=111 91 20 68 23 12 55 44 32 20 15 12 9 8 7 15 12 11 13
cat_boundaries=0 1
cat_threshold=2
is_linear=0
shrinkage=0.03


Tree=81
num_leaves=18
num_cat=2
split_feature=10 5 10 11 6 10 11 11 11 10 10 10 11 11 10 10 11
split_gain=0.360204 0.132762 0.116813 0.147513 0.0467291 0.0382168 0.0370081 0.0242621 0.0241921 0.0186616 0.040221 0.0216534 0.0116708 0.00656873 0.00428614 0.00205051 0.000947766
threshold=21832.000000000004 0 9509.5000000000018 12909.875000000002 1 35872.000000000007 5944.8333333333348 3526.9250000000006 7130.1750000000011 33030.500000000007 36809.500000000007 27660.500000000004 4626.2261904761917 11325.250000000002 28138.000000000004 26998.500000000004 11866.500000000002
decision_type=2 1 2 2 1 2 2 2 2 2 2 2 2 2 2 2 2
left_child=2 4 -1 7 5 6 12 -4 -6 11 -11 -10 -2 -3 15 -8 -7
right_child=1 13 3 -5 8 16 14 -9 9 10 -12 -13 -14 -15 -16 -17 -18
leaf_value=0.00069532722234725934 -0.00018785870419098775 0.00087622151843139097 -0.00038683453840868793 0.00094842451696212481 -0.0013400401281458989 0.0019032031944131152 -0.0002879981427187366 -0.0041291495515354748 0.00050532919283096593 0.0015491250855848193 -0.00070412312727421522 -0.001350690103494204 0.0013798495531082153 0.0034731208086013791 -0.0010172994031260409 0.00023795303243857163 0.00020381412540490808
leaf_weight=5.0000000000000027 3.0000000000000018 10.999999999999998 4.0000000000000062 2.9999999999999991 11.000000000000002 6.9999999999999982 3.9999999999999991 19 3.0000000000000027 5.9999999999999982 5 3 5 4.9999999999999991 7.9999999999999991 3 3
leaf_count=5 3 11 4 3 11 7 4 19 3 6 5 3 5 5 8 3 3
internal_value=-0.000193228 0.000914951 -0.0024976 -0.00313421 0.000128215 0.000790922 -3.01331e-05 -0.00379276 -0.000655431 0.000119795 0.000677341 -0.000686856 0.0010142 0.00271144 -0.000769999 -5.52109e-05 0.0017502
internal_weight=108 77 31 26 61 33 23 23 28 17 11 6 8 16 15 7 10
internal_count=108 77 31 26 61 33 23 23 28 17 11 6 8 16 15 7 10
cat_boundaries=0 1 2
cat_threshold=2 1
is_linear=0
shrinkage=0.03


Tree=82
num_leaves=17
num_cat=2
split_feature=10 9 5 6 10 10 11 11 10 10 10 11 11 10 10 9
split_gain=0.346998 0.399611 0.129558 0.0456183 0.0430394 0.0372097 0.036149 0.0233593 0.0183122 0.0393611 0.0213546 0.0114585 0.00686266 0.00417359 0.00201881 0.000875672
threshold=21832.000000000004 2.5000000000000004 0 1 15906.000000000002 35872.000000000007 5944.8333333333348 7130.1750000000011 33030.500000000007 36809.500000000007 27660.500000000004 4626.2261904761917 11325.250000000002 28138.000000000004 26998.500000000004 3.5000000000000004
decision_type=2 2 1 1 2 2 2 2 2 2 2 2 2 2 2 2
left_child=1 4 3 5 -1 6 11 -5 10 -10 -9 -2 -4 14 -8 -7
right_child=2 -3 12 7 -6 15 13 8 9 -11 -12 -13 -14 -15 -16 -17
leaf_value=0.0023890378419309851 -0.00018655814230442042 -0.0041430673515424135 0.00086245230798210422 -0.0013189823180437086 -0.00044905087695671964 0.00020240312012342304 -0.00028552959689737432 0.0005018307583836407 0.0015316974325105548 -0.00069708188716322179 -0.0013413391663477971 0.0013660509884357453 0.0034383895993232725 -0.001003735385214289 0.00023630564029400165 0.0018796929610235724
leaf_weight=6.0000000000000018 3.0000000000000018 22 10.999999999999998 11.000000000000002 3 2.9999999999999982 3.9999999999999991 3.0000000000000027 5.9999999999999982 5 3 5 4.9999999999999991 7.9999999999999991 3 7
leaf_count=6 3 22 11 11 3 3 4 3 6 5 3 5 5 8 3 7
internal_value=-0.00018141 -0.00244369 0.000905573 0.000128134 0.00170458 0.000782764 -2.8096e-05 -0.00064635 0.000116197 0.000669092 -0.000682101 0.00100364 0.00268028 -0.000759707 -5.44377e-05 0.0017293
internal_weight=108 31 77 61 9 33 23 28 17 11 6 8 16 15 7 10
internal_count=108 31 77 61 9 33 23 28 17 11 6 8 16 15 7 10
cat_boundaries=0 1 2
cat_threshold=2 1
is_linear=0
shrinkage=0.03


Tree=83
num_leaves=17
num_cat=2
split_feature=10 9 11 9 10 6 10 11 11 11 10 10 10 5 10 10
split_gain=0.333394 0.385813 0.126882 0.0738724 0.042196 0.0343249 0.0271008 0.0260056 0.0204464 0.0156178 0.0126469 0.0113662 0.0383011 0.00626725 0.00187074 0.00106726
threshold=21832.000000000004 2.5000000000000004 8906.2916666666697 3.5000000000000004 15906.000000000002 0 27660.500000000004 6281.5178571428578 8210.0000000000018 4626.2261904761917 34622.500000000007 36371.500000000007 36809.500000000007 1 28138.000000000004 43252.500000000007
decision_type=2 2 2 2 2 1 2 2 2 2 2 2 2 1 2 2
left_child=1 4 5 6 -1 7 -4 9 11 -2 -8 -7 -13 14 -9 -14
right_child=2 -3 3 -5 -6 8 10 13 -10 -11 -12 12 15 -15 -16 -17
leaf_value=0.0023621609620749946 -0.00018526656409868821 -0.004057616551872343 0.0012613559464978816 0.0034071197879633735 -0.00044594211074022142 -0.0014977670721709722 -0.00092723613977432244 3.9158928243873205e-05 0.00047409963394914358 0.0016660717874765396 0.00034214953455375508 0.0011460191584550417 -0.00012822412353541169 0.00034834406840113491 -0.00065875568112139314 -0.0011514293349214962
leaf_weight=6.0000000000000018 3.0000000000000018 22 7.0000000000000062 10.999999999999998 3 10.000000000000005 4.9999999999999982 2.9999999999999982 3.9999999999999991 7 6 2.9999999999999991 4 2.9999999999999991 7 4
leaf_count=6 3 22 7 11 3 10 5 3 4 7 6 3 4 3 7 4
internal_value=-0.000168385 -0.0023865 0.000896288 0.00216816 0.00168407 -0.000113472 0.000464604 0.000598589 -0.000752424 0.00129574 -0.000401626 -0.00106362 -0.000143662 -0.000267883 -0.000534489 -0.000995286
internal_weight=108 31 77 29 9 48 18 23 25 10 11 21 11 13 10 8
internal_count=108 31 77 29 9 48 18 23 25 10 11 21 11 13 10 8
cat_boundaries=0 1 2
cat_threshold=1 2
is_linear=0
shrinkage=0.03


Tree=84
num_leaves=15
num_cat=1
split_feature=9 10 10 11 10 10 11 11 10 10 10 10 11 5
split_gain=0.219981 0.300038 0.327073 0.172929 0.072307 0.175766 0.100617 0.0303956 0.0187283 0.044503 0.0140676 0.00843981 0.00470671 0.00443331
threshold=4.5000000000000009 16124.500000000002 21832.000000000004 7130.1750000000011 27660.500000000004 33498.500000000007 5944.8333333333348 12133.333333333334 43252.500000000007 36809.500000000007 17192.000000000004 31231.000000000004 8210.0000000000018 0
decision_type=2 2 2 2 2 2 2 2 2 2 2 2 2 1
left_child=1 7 10 -2 6 11 -4 -1 9 -7 -3 -6 -8 -5
right_child=3 2 4 13 5 8 12 -9 -10 -11 -12 -13 -14 -15
leaf_value=0.0044302994119269504 -0.0025833102745716186 -0.00041269729286432265 -0.0006328395966972623 0.000217582532869918 -0.0019718431740214952 0.0013039987254887815 0.0039470450463704758 0.00037885242807013646 0.0025051162846605568 -0.00098808264625923964 -0.003356906281490075 -0.00021698132855817675 0.00071468547539552672 0.0013216598761769441
leaf_weight=10.999999999999998 24 4.9999999999999991 3.9999999999999991 10.999999999999998 8.9999999999999982 8.0000000000000018 4.9999999999999982 3.9999999999999991 6.9999999999999991 3.9999999999999991 8.9999999999999982 5.9999999999999991 6 2.9999999999999991
leaf_count=11 24 5 4 11 9 8 5 4 7 4 9 6 6 3
internal_value=0.000280609 0.00115271 4.24423e-05 -0.0013767 0.00123847 0.00025657 0.00247124 0.00393361 0.00180089 0.000438128 -0.00291549 -0.00163747 0.00336384 0.000906284
internal_weight=116 78 63 38 49 34 15 15 19 12 14 15 11 14
internal_count=116 78 63 38 49 34 15 15 19 12 14 15 11 14
cat_boundaries=0 1
cat_threshold=2
is_linear=0
shrinkage=0.03


Tree=85
num_leaves=20
num_cat=1
split_feature=6 10 10 9 9 9 11 11 10 10 10 12 10 10 10 10 11 10 10
split_gain=0.357464 0.291587 0.324042 0.157031 0.122192 0.104997 0.0852939 0.0707624 0.0530318 0.0200362 0.038759 0.0174613 0.0165414 0.0118072 0.00669772 0.00470364 0.0120101 0.00459923 0.00295103
threshold=0 16124.500000000002 21832.000000000004 3.5000000000000004 4.5000000000000009 3.5000000000000004 7130.1750000000011 7530.6833333333343 36371.500000000007 33030.500000000007 36809.500000000007 1.5000000000000002 44109.000000000007 27660.500000000004 16124.500000000002 34622.500000000007 10934.875000000002 17192.000000000004 33498.500000000007
decision_type=1 2 2 2 2 2 2 2 2 2 2 2 2 2 2 2 2 2 2
left_child=1 3 17 -1 5 15 -2 8 18 13 -11 -9 -12 14 -8 16 -4 -3 -6
right_child=6 2 4 -5 7 -7 9 11 -10 10 12 -13 -14 -15 -16 -17 -18 -19 -20
leaf_value=0.0055069541460589354 -0.002809395082627556 -0.00037881470152309959 0.00046760129010570888 -0.0004968729959084438 -0.00016609949847826586 0.0034477861209390019 -0.00043910460976453916 0.0015263056494295598 -0.0026911139144347265 0.0013002312972265131 -0.0013328016047867443 -0.0002899183443962381 0.00028630283661186691 -0.0014115682616829871 0.0005263669401980363 0.00046747337281703944 -0.00079941208075199807 -0.0029909811874753549 0.00053724887279363775
leaf_weight=8.9999999999999982 18 3.9999999999999991 4.0000000000000018 2.9999999999999991 3.0000000000000018 18 3.0000000000000018 5 3 6.9999999999999991 3 3 5 4 3 4.9999999999999991 4 8.9999999999999982 3
leaf_count=9 18 4 4 3 3 18 3 5 3 7 3 3 5 4 3 5 4 9 3
internal_value=0.000283278 0.00149291 0.000362519 0.0044624 0.00151501 0.00241231 -0.0016645 -0.000408663 -0.00158734 -0.000273014 0.000362882 0.00106254 -0.000723993 -0.000931377 7.09006e-05 0.000102902 -0.000258075 -0.00270139 0.000301559
internal_weight=116 73 61 12 48 31 43 17 9 25 15 8 8 10 6 13 8 13 6
internal_count=116 73 61 12 48 31 43 17 9 25 15 8 8 10 6 13 8 13 6
cat_boundaries=0 1
cat_threshold=1
is_linear=0
shrinkage=0.03


Tree=86
num_leaves=20
num_cat=2
split_feature=6 10 10 9 9 9 5 11 10 10 10 11 12 11 11 10 11 10 11
split_gain=0.344513 0.284705 0.31349 0.153111 0.118422 0.100909 0.0830744 0.0695573 0.0523001 0.024883 0.040387 0.0314154 0.0171483 0.00564958 0.0763597 0.00461531 0.0118051 0.00291031 0.0017363
threshold=0 16124.500000000002 21832.000000000004 3.5000000000000004 4.5000000000000009 3.5000000000000004 1 7530.6833333333343 36371.500000000007 31231.000000000004 36809.500000000007 7130.1750000000011 1.5000000000000002 5523.8333333333348 7130.1750000000011 34622.500000000007 10934.875000000002 33498.500000000007 10934.875000000002
decision_type=1 2 2 2 2 2 1 2 2 2 2 2 2 2 2 2 2 2 2
left_child=1 3 13 -1 5 15 9 8 17 -2 11 -11 -9 -3 -15 16 -4 -6 -8
right_child=6 2 4 -5 7 -7 18 12 -10 10 -12 -13 -14 14 -16 -17 -18 -19 -20
leaf_value=0.0054286974276366983 -0.0028008277208677358 -0.0031823233142495152 0.00046359329750495279 -0.00049343313162143407 -0.00016494959592819208 0.0033812931213261822 -1.6906053687517458e-05 0.0015110425055027007 -0.0026724831530681023 -0.00069548046588897687 -0.0016375135602977346 0.0012913139313459397 -0.0002879112208477006 0.0011795456068856376 -0.0020673456444190099 0.00046279864013195037 -0.00079255998666797364 0.0005335294140072969 0.00072047967463731758
leaf_weight=8.9999999999999982 18 5.9999999999999982 4.0000000000000018 2.9999999999999991 3.0000000000000018 18 3 5 3 5.0000000000000018 6.9999999999999991 5 3 4 3 4.9999999999999991 4 3 5
leaf_count=9 18 6 4 3 3 18 3 5 3 5 7 5 3 4 3 5 4 3 5
internal_value=0.000275399 0.00146309 0.000347967 0.00439685 0.00148249 0.00236616 -0.00163653 -0.000408443 -0.00157635 -0.00216274 -0.000700008 0.000446875 0.00105127 -0.00266431 -0.000609521 0.000101585 -0.000255863 0.000299471 0.00058819
internal_weight=116 73 61 12 48 31 43 17 9 35 17 10 8 13 7 13 8 6 8
internal_count=116 73 61 12 48 31 43 17 9 35 17 10 8 13 7 13 8 6 8
cat_boundaries=0 1 2
cat_threshold=1 2
is_linear=0
shrinkage=0.03


Tree=87
num_leaves=16
num_cat=3
split_feature=5 10 10 10 6 10 10 10 10 10 10 10 6 12 10
split_gain=0.132045 0.161727 0.222795 0.107776 0.075229 0.0426674 0.0250715 0.0234405 0.0430551 0.00829768 0.0493115 0.00721144 0.00585533 0.00432357 0.00121973
threshold=0 16124.500000000002 21832.000000000004 27660.500000000004 1 25919.000000000004 17192.000000000004 36242.000000000007 38404.500000000007 11827.500000000002 14391.000000000002 16383.500000000002 2 1.5000000000000002 23573.000000000004
decision_type=1 2 2 2 1 2 2 2 2 2 2 2 1 2 2
left_child=1 4 6 5 9 14 11 -5 -9 -1 -11 -3 -2 -10 -4
right_child=12 2 3 7 -6 -7 -8 8 13 10 -12 -13 -14 -15 -16
leaf_value=0.0031017921119928359 0.0026642504093858104 -0.00085353293527777379 0.00021542435082105488 -0.0010843737295695712 -0.00053946828469634059 0.0026928480248898266 -0.0038197365873738343 0.0011011397583642973 -0.00096726354584097853 -0.00089946985244750968 0.0016857865665640148 0.00025282839169869054 0.00043275205185636876 6.5229314271933748e-05 -0.00018161806371062993
leaf_weight=6.0000000000000009 7.9999999999999982 2.9999999999999991 2.9999999999999982 25 6.0000000000000009 6 8.9999999999999982 10.000000000000002 9.9999999999999982 4 4 3 6 2.9999999999999991 5
leaf_count=6 8 3 3 25 6 6 9 10 10 4 4 3 6 3 5
internal_value=0.000291209 -0.000183592 -0.000823562 0.000121309 0.00173352 0.00179841 -0.00321537 -0.000593579 0.000106833 0.00252655 0.00061158 -0.000488072 0.00228669 -0.00080423 4.23587e-06
internal_weight=111 97 77 62 20 14 15 48 23 14 8 6 14 13 8
internal_count=111 97 77 62 20 14 15 48 23 14 8 6 14 13 8
cat_boundaries=0 1 2 3
cat_threshold=2 1 1
is_linear=0
shrinkage=0.03


Tree=88
num_leaves=20
num_cat=2
split_feature=5 10 10 11 10 11 11 11 10 11 10 10 10 10 12 10 6 10 10
split_gain=0.128029 0.157432 0.217666 0.13663 0.104801 0.0822509 0.0639776 0.0580388 0.0574376 0.0554079 0.0454402 0.0323497 0.0279684 0.024024 0.0227692 0.00711193 0.0056416 0.0038745 0.00184627
threshold=0 16124.500000000002 21832.000000000004 2332.9500000000003 27660.500000000004 5258.3000000000011 9058.5000000000018 5944.8333333333348 14391.000000000002 6758.8333333333348 34622.500000000007 35872.000000000007 25919.000000000004 17192.000000000004 1.5000000000000002 16383.500000000002 1 23573.000000000004 33030.500000000007
decision_type=1 2 2 2 2 2 2 2 2 2 2 2 2 2 2 2 1 2 2
left_child=1 3 13 -1 9 -5 7 11 -7 17 18 -6 -11 15 -9 -3 -2 -4 -8
right_child=16 2 4 5 6 8 10 14 -10 12 -12 -13 -14 -15 -16 -17 -18 -19 -20
leaf_value=-0.001457871691538737 0.0026287271194936086 -0.00084762390416402082 0.0002139329738341845 0.0037808715055386221 0.0012462432193569839 -0.0012101745754480363 -0.00077969436400703019 -0.0021300464457479013 0.0014642358624509402 -3.4597014578489157e-06 0.0016294771207806965 -0.00082164707521979621 0.0031581474542617797 -0.0037654561823920194 2.0901270676404239e-05 0.000251078147154588 0.00042788359103724361 -0.0005710316273885278 9.5501427467052745e-06
leaf_weight=3.0000000000000027 7.9999999999999982 2.9999999999999991 2.9999999999999991 8.0000000000000018 5.9999999999999982 4.9999999999999982 3.9999999999999991 19.000000000000004 4 3 7.9999999999999991 3 5 8.9999999999999982 4.9999999999999991 3 6 3 3
leaf_count=3 8 3 3 8 6 5 4 19 4 3 8 3 5 9 5 3 6 3 3
internal_value=0.000292059 -0.000175926 -0.000807749 0.001715 0.000125342 0.0026075 -0.000580351 -0.00121394 0.00012351 0.00177854 0.000741561 0.000487288 0.00262929 -0.00317195 -0.00180758 -0.000484693 0.0022568 -0.000290143 -0.000634798
internal_weight=111 97 77 20 62 17 48 33 9 14 15 9 8 15 24 6 14 6 7
internal_count=111 97 77 20 62 17 48 33 9 14 15 9 8 15 24 6 14 6 7
cat_boundaries=0 1 2
cat_threshold=2 1
is_linear=0
shrinkage=0.03


Tree=89
num_leaves=20
num_cat=1
split_feature=6 10 11 11 11 10 11 11 10 10 10 11 11 11 11 10 11 11 11
split_gain=0.110607 0.0970432 0.182499 0.133323 0.0794889 0.208276 0.0822728 0.0730279 0.0966364 0.0792337 0.0648038 0.0310526 0.0245651 0.0201023 0.0150716 0.0124275 0.007012 0.00568746 0.00425625
threshold=0 11827.500000000002 6484.416666666667 6129.8750000000009 7130.1750000000011 36809.500000000007 11086.250000000002 5523.8333333333348 16124.500000000002 25282.000000000004 32487.500000000004 7130.1750000000011 5876.4000000000005 5683.9464285714294 8092.2500000000009 36454.000000000007 10565.250000000002 10934.875000000002 15536.16666666667
decision_type=1 2 2 2 2 2 2 2 2 2 2 2 2 2 2 2 2 2 2
left_child=1 -1 3 7 -4 6 -6 8 -3 -10 13 -12 -9 -2 -15 -13 -7 -17 -16
right_child=10 2 4 -5 5 16 -8 12 9 -11 11 15 -14 14 18 17 -18 -19 -20
leaf_value=0.0030529012251645326 -4.721650481224059e-05 0.0012598396241664878 0.0036236495238084056 -0.0035635321387755018 -0.0018073293741326776 0.00057921369312680321 0.00092467695474624629 0.0021609188190528325 -0.0031025554239749909 0.00039638618705794214 -0.00090270661935210202 0.0013450718822423369 -0.00022513821147955381 -0.0029441732008542334 0.0001334340072103909 -0.00044261585804633796 0.0034313669055700299 0.00038536041160114109 -0.0007294652943632432
leaf_weight=5.9999999999999991 5.0000000000000027 5.0000000000000098 2.9999999999999991 3.9999999999999991 17.000000000000004 5.9999999999999982 7.9999999999999991 3.9999999999999991 5.9999999999999982 6 5.0000000000000027 5.9999999999999991 3 3.9999999999999991 4 3.9999999999999982 5 6 4
leaf_count=6 5 5 3 4 17 6 8 4 6 6 5 6 3 4 4 4 5 6 4
internal_value=0.00029134 0.000934621 0.00037308 -0.00123591 0.00154473 0.000621396 -0.000918677 8.6028e-05 -0.000903745 -0.00196812 -0.000881696 0.000256442 0.00160742 -0.00186189 -0.00225286 0.00082655 0.00289228 -1.54277e-06 -0.00046358
internal_weight=111 73 67 28 39 36 25 24 17 12 38 21 7 17 12 16 11 10 8
internal_count=111 73 67 28 39 36 25 24 17 12 38 21 7 17 12 16 11 10 8
cat_boundaries=0 1
cat_threshold=1
is_linear=0
shrinkage=0.03


Tree=90
num_leaves=17
num_cat=3
split_feature=9 5 11 11 6 11 11 11 11 11 11 9 11 6 11 11
split_gain=0.230297 0.305501 0.142302 0.0804798 0.0217643 0.0167075 0.145353 0.0344986 0.0721181 0.0200745 0.0133065 0.0257431 0.0244074 0.0030961 0.00660263 0.00174605
threshold=2.5000000000000004 0 9587.1250000000018 7807.7500000000009 1 5683.9464285714294 4176.791666666667 5523.8333333333348 5121.232142857144 6758.8333333333348 9058.5000000000018 4.5000000000000009 11086.250000000002 2 15536.16666666667 7130.1750000000011
decision_type=2 1 2 2 1 2 2 2 2 2 2 2 2 1 2 2
left_child=2 3 -1 5 -3 6 -2 8 -8 -7 11 -5 -12 14 -4 -11
right_child=1 4 13 10 -6 9 7 -9 -10 15 12 -13 -14 -15 -16 -17
leaf_value=0.0043138344883918755 -0.0027218412529481078 0.0025724468689544925 -0.00032987801787944947 0.001163611462449326 0.00023671945118728806 -0.0035019244742579753 0.0011347773360709348 0.0019227344227524903 -0.0017410157408033098 -0.00011447559509958536 -0.0011334646369020142 -0.00068393084954900235 0.00057232078909873966 -0.00032172690262086687 0.00066157241566823077 -0.0011679533304646611
leaf_weight=5.0000000000000027 9.0000000000000018 11 2.9999999999999973 7.0000000000000018 7.0000000000000009 11.000000000000002 7.9999999999999982 2.9999999999999991 4 4.0000000000000027 7.9999999999999982 3 5 6.0000000000000009 3 14.999999999999998
leaf_count=5 9 11 3 7 7 11 8 3 4 4 8 3 5 6 3 15
internal_value=-0.000114912 -0.000741821 0.00236563 -0.00156249 0.00207306 -0.00210952 -0.00090199 0.000841893 -0.000179465 -0.00260855 -2.80987e-05 0.000544515 -0.000513807 -3.7982e-05 0.000269502 -0.00106212
internal_weight=112 95 17 77 18 54 24 15 12 30 23 10 13 12 6 19
internal_count=112 95 17 77 18 54 24 15 12 30 23 10 13 12 6 19
cat_boundaries=0 1 2 3
cat_threshold=2 1 1
is_linear=0
shrinkage=0.03


Tree=91
num_leaves=16
num_cat=0
split_feature=9 10 10 10 10 10 10 9 10 10 10 10 10 10 10
split_gain=0.225106 0.194618 0.180771 0.073101 0.1011 0.0302609 0.090136 0.0114512 0.0271706 0.00963634 0.00706883 0.00664668 0.00367233 0.00144504 0.00113285
threshold=2.5000000000000004 16124.500000000002 21832.000000000004 46222.500000000007 28138.000000000004 31231.000000000004 36809.500000000007 6.5000000000000009 35872.000000000007 36454.000000000007 35181.500000000007 44109.000000000007 33498.500000000007 33030.500000000007 38404.500000000007
decision_type=2 2 2 2 2 2 2 2 2 2 2 2 2 2 2
left_child=1 -1 -2 4 -4 -6 7 8 10 -3 13 14 -9 -7 -8
right_child=2 9 3 -5 5 6 11 12 -10 -11 -12 -13 -14 -15 -16
leaf_value=0.0041873381411035851 -0.0027446548794877938 -0.00098152372869662928 0.0012556688715491104 0.001754702297427381 -0.0021157927635838004 -9.6626149920316795e-05 -0.00022265520188599245 0.00021520820947793813 0.0016049022289613883 0.00027578372508287426 -0.00062873812607274599 -0.0002001710459589958 -0.00054367912503389213 0.00039901241440983378 -0.0020668073203414681
leaf_weight=8.0000000000000018 19 5.9999999999999982 15.999999999999998 7.9999999999999991 6.9999999999999991 3.0000000000000053 3.0000000000000027 2.9999999999999991 7.9999999999999991 3 2.9999999999999991 4.9999999999999991 3 7 9.9999999999999982
leaf_count=8 19 6 16 8 7 3 3 3 8 3 3 5 3 7 10
internal_value=-0.000109346 0.0023427 -0.000729458 3.4906e-05 -0.000366445 -0.000987582 -0.000459302 0.000593827 0.000846507 -0.000637852 -0.000115066 -0.0016869 -0.000266883 0.000276354 -0.00192307
internal_weight=112 17 95 76 68 52 45 27 21 9 13 18 6 10 13
internal_count=112 17 95 76 68 52 45 27 21 9 13 18 6 10 13
is_linear=0
shrinkage=0.03


Tree=92
num_leaves=16
num_cat=1
split_feature=9 5 10 11 10 10 10 11 10 11 11 10 11 10 11
split_gain=0.218738 0.290596 0.189526 0.0749057 0.0714629 0.0189798 0.0516246 0.0412057 0.0192688 0.0176642 0.159679 0.0175165 0.0127342 0.00945189 0.00292108
threshold=2.5000000000000004 0 16124.500000000002 7807.7500000000009 36809.500000000007 31231.000000000004 38404.500000000007 6129.8750000000009 36371.500000000007 5683.9464285714294 4176.791666666667 35181.500000000007 10934.875000000002 36454.000000000007 8906.2916666666697
decision_type=2 1 2 2 2 2 2 2 2 2 2 2 2 2 2
left_child=2 3 -1 5 12 9 8 -8 11 10 -2 -7 14 -4 -5
right_child=1 -3 13 4 -6 6 7 -9 -10 -11 -12 -13 -14 -15 -16
leaf_value=0.0041315069546302152 -0.0026441595801397367 0.002027138648471529 -0.00097048156487289817 0.00019339364767074577 -0.001539052939384847 0.00048296940379909087 0.00038596629666594356 -0.0024789594719186424 0.0010473169800752657 -0.0032050770187284799 0.0013857977092266082 -0.0011065577772947457 -9.8736353684216732e-05 0.00027387445649275415 0.0015803147107362745
leaf_weight=8.0000000000000018 9.0000000000000018 18 5.9999999999999982 5.0000000000000053 6.9999999999999991 4.0000000000000018 2.9999999999999982 6 6 14.999999999999998 7.9999999999999991 3 5.9999999999999991 3 5
leaf_count=8 9 18 6 5 7 4 3 6 6 15 8 3 6 3 5
internal_value=-0.000105839 -0.000717259 0.0023111 -0.00151807 -3.44866e-05 -0.00204584 -0.000797262 -0.00182346 0.000397104 -0.00251004 -0.00093684 -0.000448452 0.000962532 -0.00062986 0.00133028
internal_weight=112 95 17 77 23 54 22 9 13 32 17 7 16 9 10
internal_count=112 95 17 77 23 54 22 9 13 32 17 7 16 9 10
cat_boundaries=0 1
cat_threshold=2
is_linear=0
shrinkage=0.03


Tree=93
num_leaves=18
num_cat=1
split_feature=5 12 9 10 10 10 10 10 10 10 10 10 10 10 10 10 10
split_gain=0.174433 0.107375 0.122355 0.0979891 0.0917774 0.116582 0.0483921 0.0234767 0.0122085 0.0469904 0.00519117 0.019733 0.00151349 0.00694201 0.00148393 0.000941748 0.000496468
threshold=0 1.5000000000000002 3.5000000000000004 20169.000000000004 24561.000000000004 28138.000000000004 29303.000000000004 24561.000000000004 31231.000000000004 36371.500000000007 39521.000000000007 44481.000000000007 34622.500000000007 27660.500000000004 25919.000000000004 38404.500000000007 36809.500000000007
decision_type=1 2 2 2 2 2 2 2 2 2 2 2 2 2 2 2 2
left_child=1 2 3 -1 -4 -6 -3 -5 -7 -10 16 -12 13 14 -9 -8 -11
right_child=-2 6 4 7 5 8 15 12 9 10 11 -13 -14 -15 -16 -17 -18
leaf_value=0.002301083131294165 0.0024069961867644453 -0.0034996834626564613 -0.0023238653130829333 -0.0013012592265239124 0.0024159815360326321 -0.0013813465307740604 0.00013137742590445739 -4.1830463764759198e-05 0.00087345923696245458 -0.0001642363346540011 0.00069007325917482378 -0.00091126408427953719 0.00046367597999051212 -0.00046134962141513821 0.00057966742378014787 -0.00023975126445293426 -0.0015203712401645523
leaf_weight=18 13.999999999999998 2.9999999999999982 13.999999999999998 3.0000000000000027 3.9999999999999991 6.9999999999999991 3 3.0000000000000018 11.000000000000002 2.9999999999999991 4 4 5.9999999999999991 5 3 3 4
leaf_count=18 14 3 14 3 4 7 3 3 11 3 4 4 6 5 3 3 4
internal_value=0.000100503 -0.000421357 1.41232e-05 0.00114593 -0.00087879 4.60969e-05 -0.00246867 -0.000314197 -0.000736214 -0.000227064 -0.00106068 -0.000172037 0.000277424 3.41125e-06 0.000436993 -8.80537e-05 -0.00137766
internal_weight=112 98 89 38 51 37 9 20 33 26 15 8 17 11 6 6 7
internal_count=112 98 89 38 51 37 9 20 33 26 15 8 17 11 6 6 7
cat_boundaries=0 1
cat_threshold=2
is_linear=0
shrinkage=0.03


Tree=94
num_leaves=23
num_cat=1
split_feature=6 11 9 11 11 11 11 10 10 10 11 11 11 10 11 10 11 11 11 11 10 11
split_gain=0.235887 0.286541 0.117663 0.0947798 0.161084 0.125903 0.357165 0.0444136 0.040416 0.0315478 0.0155155 0.0350898 0.0211413 0.0119637 0.034057 0.0123071 0.0120895 0.0111237 0.00605362 0.00276918 0.00247182 0.000712047
threshold=0 4176.791666666667 5.5000000000000009 7130.1750000000011 8906.2916666666697 5523.8333333333348 5258.3000000000011 31231.000000000004 48553.500000000007 35181.500000000007 5458.0000000000009 3060.666666666667 8210.0000000000018 35872.000000000007 11086.250000000002 25282.000000000004 9587.1250000000018 11086.250000000002 7279.0000000000009 15536.16666666667 36371.500000000007 6281.5178571428578
decision_type=1 2 2 2 2 2 2 2 2 2 2 2 2 2 2 2 2 2 2 2 2 2
left_child=1 -1 3 5 20 6 -3 10 -4 -9 11 -2 -12 14 16 -16 -6 18 21 -14 -5 -11
right_child=7 2 8 4 13 -7 -8 9 -10 17 12 -13 19 -15 15 -17 -18 -19 -20 -21 -22 -23
leaf_value=-0.0027621320262551305 -0.0012968990894464342 0.0032505869166925541 -0.0016928707808256149 -0.0015935280174016952 0.00033391665094173863 0.0046182322373193602 -0.0033160489158970967 0.00082926368457265172 0.00074214280009842826 -0.00024772227383576903 -0.0033763695554807783 0.00092667069286108013 5.0692018121480941e-05 0.0025187013777238981 0.0018375370364922742 -1.8992975487240725e-05 -0.0010919338665329491 0.00022603319241450381 -0.0015134147554636001 -0.00073361716233193868 -0.00012334712422811065 9.009450674057006e-05
leaf_weight=5.9999999999999991 3.0000000000000027 6.0000000000000018 5 7.9999999999999982 3.0000000000000018 12.999999999999998 4 6.0000000000000027 3 2.9999999999999982 5.9999999999999991 3 4 10.999999999999998 3 4 3 2.9999999999999991 5 4 3 3
leaf_count=6 3 6 5 8 3 13 4 6 3 3 6 3 4 11 3 4 3 3 5 4 3 3
internal_value=9.26126e-05 0.00107608 0.00174253 0.00217908 0.000808302 0.003388 0.000279235 -0.00153879 -0.000874734 -0.000284791 -0.00227986 -0.000300811 -0.00264929 0.00196061 0.000598602 0.00138953 -0.000615889 -0.000908831 -0.00117859 -0.000531164 -0.00144224 -0.000128073
internal_weight=112 72 66 58 35 23 10 40 8 20 20 6 14 24 13 7 6 14 11 8 11 6
internal_count=112 72 66 58 35 23 10 40 8 20 20 6 14 24 13 7 6 14 11 8 11 6
cat_boundaries=0 1
cat_threshold=1
is_linear=0
shrinkage=0.03


Tree=95
num_leaves=23
num_cat=1
split_feature=6 11 9 11 11 11 11 10 10 10 11 11 11 10 11 10 11 11 11 11 10 11
split_gain=0.229043 0.278895 0.114155 0.0910967 0.156773 0.122298 0.350156 0.0434279 0.0397173 0.0308756 0.0150986 0.0346057 0.0205491 0.011229 0.0335879 0.0121359 0.0119227 0.0109287 0.00591858 0.00272191 0.00237663 0.000702222
threshold=0 4176.791666666667 5.5000000000000009 7130.1750000000011 8906.2916666666697 5523.8333333333348 5258.3000000000011 31231.000000000004 48553.500000000007 35181.500000000007 5458.0000000000009 3060.666666666667 8210.0000000000018 35872.000000000007 11086.250000000002 25282.000000000004 9587.1250000000018 11086.250000000002 7279.0000000000009 15536.16666666667 36371.500000000007 6281.5178571428578
decision_type=1 2 2 2 2 2 2 2 2 2 2 2 2 2 2 2 2 2 2 2 2 2
left_child=1 -1 3 5 20 6 -3 10 -4 -9 11 -2 -12 14 16 -16 -6 18 21 -14 -5 -11
right_child=7 2 8 4 13 -7 -8 9 -10 17 12 -13 19 -15 15 -17 -18 -19 -20 -21 -22 -23
leaf_value=-0.0027310580480843782 -0.0012879206354801467 0.0032140177208930245 -0.0016759420931339263 -0.0015722810104489328 0.00033160492204702808 0.0045399232097374995 -0.0032876256746905189 0.00081993446219712468 0.00073700491374788376 -0.00024600728056751764 -0.0033383854455314574 0.0009202552701418216 5.0257508243833267e-05 0.0024791217276028221 0.0018248155942329992 -1.8830176975045883e-05 -0.0010843743527164827 0.00022446833837490814 -0.0014982805997133255 -0.00072732900269329543 -0.00012249325330440815 8.947077278907482e-05
leaf_weight=5.9999999999999991 3.0000000000000027 6.0000000000000018 5 7.9999999999999982 3.0000000000000018 12.999999999999998 4 6.0000000000000027 3 2.9999999999999982 5.9999999999999991 3 4 10.999999999999998 3 4 3 2.9999999999999991 5 4 3 3
leaf_count=6 3 6 5 8 3 13 4 6 3 3 6 3 4 11 3 4 3 3 5 4 3 3
internal_value=8.40727e-05 0.00105368 0.00171183 0.00214201 0.000796468 0.00332775 0.000269876 -0.0015229 -0.000864337 -0.000282405 -0.00225576 -0.000298728 -0.00262055 0.00193337 0.000594477 0.00137994 -0.000611625 -0.000899629 -0.0011671 -0.000526611 -0.0014235 -0.000127186
internal_weight=112 72 66 58 35 23 10 40 8 20 20 6 14 24 13 7 6 14 11 8 11 6
internal_count=112 72 66 58 35 23 10 40 8 20 20 6 14 24 13 7 6 14 11 8 11 6
cat_boundaries=0 1
cat_threshold=1
is_linear=0
shrinkage=0.03


Tree=96
num_leaves=14
num_cat=3
split_feature=5 6 10 10 9 9 9 10 10 9 10 6 10
split_gain=0.193122 0.113221 0.067358 0.25177 0.0475356 0.046373 0.0453616 0.0446061 0.0606422 0.0448331 0.0172432 0.00870697 0.00365985
threshold=0 1 11827.500000000002 14391.000000000002 5.5000000000000009 3.5000000000000004 1.5000000000000002 26998.500000000004 20169.000000000004 3.5000000000000004 38404.500000000007 2 34622.500000000007
decision_type=1 1 2 2 2 2 2 2 2 2 2 1 2
left_child=1 2 -1 -4 7 6 -3 8 -5 12 -6 -2 -9
right_child=11 5 3 4 10 -7 -8 9 -10 -11 -12 -13 -14
leaf_value=0.0020346609108588274 0.0027533327278003775 -0.0011416247747838496 -0.0038887556241108817 0.0011246075232823689 0.00027084210515022276 -0.0021273339227561583 0.0011555436736671253 -0.00035027200728654848 -0.001341630616225302 0.0022959602706962164 -0.0014026365303792632 0.00053208864914874236 0.00031296098977327342
leaf_weight=6.9999999999999991 12 4.9999999999999982 2.9999999999999991 7.9999999999999991 5 23 6 5.0000000000000018 7.9999999999999991 17 3 8 5
leaf_count=7 12 5 3 8 5 23 6 5 8 17 3 8 5
internal_value=0.000229615 -0.000394753 0.000385755 -0.00011251 0.000710708 -0.00156449 6.4968e-05 0.00108537 -0.000150247 0.0016603 -0.000787314 0.00233836 -2.79833e-05
internal_weight=115 95 61 54 51 34 11 43 16 27 8 20 10
internal_count=115 95 61 54 51 34 11 43 16 27 8 20 10
cat_boundaries=0 1 2 3
cat_threshold=2 1 1
is_linear=0
shrinkage=0.03


Tree=97
num_leaves=15
num_cat=3
split_feature=11 6 11 11 9 5 11 5 9 9 11 9 9 11
split_gain=0.19995 0.172054 0.0385106 0.297349 0.0345503 0.0316325 0.0260968 0.0252633 0.0233701 0.0227207 0.0055164 0.00380299 0.0245924 0.00202275
threshold=4626.2261904761917 0 5121.232142857144 5523.8333333333348 4.5000000000000009 1 5944.8333333333348 2 5.5000000000000009 2.5000000000000004 4495.5000000000009 3.5000000000000004 1.5000000000000002 10934.875000000002
decision_type=2 1 2 2 2 1 2 1 2 2 2 2 2 2
left_child=10 2 -2 -4 9 6 -3 8 -6 -5 -1 12 -8 -7
right_child=1 5 3 4 7 13 11 -9 -10 -11 -12 -13 -14 -15
leaf_value=-0.0022753808228299019 0.0033286581720624649 0.00036029360070824614 -0.0029282336831092833 0.0003527368752187804 0.00048661284148693084 -4.725651672253242e-05 -0.0011302085295319553 0.0010639913406755243 -0.0013929258731122198 0.0025091336341574785 -0.00017192145666250814 -0.0017032929995912127 0.00062448950484395027 0.00067094860970973961
leaf_weight=14.000000000000002 3.9999999999999991 5.0000000000000027 4.9999999999999991 8.9999999999999982 3.9999999999999982 3 5.0000000000000018 4 3 32 2.9999999999999991 13.999999999999998 5 5
leaf_count=14 4 5 5 9 4 3 5 4 3 32 3 14 5 5
internal_value=0.000223273 0.000784752 0.00166709 0.00107108 0.0018659 -0.000715117 -0.00110411 0.000171449 -0.000664439 0.00219776 -0.00210534 -0.00142544 -0.000379289 0.000524994
internal_weight=115 98 61 57 52 37 29 11 7 41 17 24 10 8
internal_count=115 98 61 57 52 37 29 11 7 41 17 24 10 8
cat_boundaries=0 1 2 3
cat_threshold=1 2 2
is_linear=0
shrinkage=0.03


Tree=98
num_leaves=22
num_cat=1
split_feature=11 11 5 11 10 9 9 10 10 11 11 10 11 11 12 11 11 10 10 11 11
split_gain=0.192642 0.113126 0.172434 0.106913 0.0808291 0.114965 0.110749 0.0799416 0.101262 0.0710676 0.0595408 0.0367643 0.0132941 0.012114 0.00741073 0.0146623 0.00324089 0.00217299 0.00141231 0.00119981 0.000961808
threshold=4626.2261904761917 5121.232142857144 0 5523.8333333333348 27660.500000000004 2.5000000000000004 1.5000000000000002 14391.000000000002 6106.0000000000009 8906.2916666666697 5944.8333333333348 34622.500000000007 11325.250000000002 6484.416666666667 1.5000000000000002 7807.7500000000009 7807.7500000000009 26998.500000000004 33030.500000000007 8906.2916666666697 15536.16666666667
decision_type=2 2 1 2 2 2 2 2 2 2 2 2 2 2 2 2 2 2 2 2 2
left_child=7 -2 3 -3 5 6 -5 8 -1 10 -6 18 13 -4 15 -12 -15 -9 -11 -18 -13
right_child=1 2 12 4 9 -7 -8 17 -10 11 14 20 -14 16 -16 -17 19 -19 -20 -21 -22
leaf_value=0.00051501762408476595 0.0033001267643911498 -0.0025866085756570101 0.0014094174309418747 0.0013025496676564213 0.00088480168523696727 0.0025863283940336921 -0.002485295833487596 0.00039485700428485869 -0.0041419727168977259 -0.00073154102478708519 -0.0022094292690356568 0.0014904303072641291 0.0030936482758261263 -0.00034153170883655549 -0.00020821254793554542 3.0599534511566162e-07 0.00043613319070293354 -0.0001707312693962684 -3.2617982763510481e-06 -4.113674908876419e-05 0.00019312783210937465
leaf_weight=3.0000000000000018 3.9999999999999991 5.9999999999999991 3.0000000000000027 5.0000000000000018 3.0000000000000027 11.999999999999998 4 5 6 4.0000000000000027 17.000000000000007 7.9999999999999982 5.9999999999999991 2.9999999999999991 4.9999999999999991 2.9999999999999991 3 3 3 5 4
leaf_count=3 4 6 3 5 3 12 4 5 6 4 17 8 6 3 5 3 3 3 3 5 4
internal_value=0.000215969 0.000767307 0.000352571 -0.000378169 0.000123327 0.00134333 -0.000802942 -0.00206937 -0.0031356 -0.000561821 -0.00134925 0.000663709 0.00228112 0.000788966 -0.00179354 -0.00198835 2.91794e-05 0.000205742 -0.00060494 0.000280704 0.00134234
internal_weight=115 98 94 74 68 21 9 17 9 47 28 19 20 14 25 20 11 8 7 8 12
internal_count=115 98 94 74 68 21 9 17 9 47 28 19 20 14 25 20 11 8 7 8 12
cat_boundaries=0 1
cat_threshold=2
is_linear=0
shrinkage=0.03


Tree=99
num_leaves=20
num_cat=2
split_feature=5 11 11 11 11 10 10 10 10 10 10 9 10 11 11 11 11 11 6
split_gain=0.175796 0.123565 0.179918 0.208725 0.0904369 0.108402 0.0586096 0.0469649 0.0430554 0.0347541 0.0248601 0.0164765 0.0133731 0.00739779 0.0158238 0.00355865 0.00197051 0.000882439 0.000219028
threshold=0 6758.8333333333348 5121.232142857144 4176.791666666667 6935.3333333333348 33030.500000000007 17192.000000000004 20169.000000000004 14391.000000000002 15906.000000000002 44481.000000000007 5.5000000000000009 35872.000000000007 12909.875000000002 6484.416666666667 4626.2261904761917 8210.0000000000018 7807.7500000000009 1
decision_type=1 2 2 2 2 2 2 2 2 2 2 2 2 2 2 2 2 2 1
left_child=1 2 3 8 -3 7 9 -6 -1 -4 12 -5 -7 14 -2 -13 -16 -12 -18
right_child=13 4 6 11 5 10 -8 -9 -10 -11 17 15 -14 -15 16 -17 18 -19 -20
leaf_value=-0.0028334337472915639 0.0013996599499995889 0.002465587006165431 -0.0012733107805252071 0.0030575108528137205 0.00043020226061344134 -8.0637577921152076e-05 -0.0036874975390466195 -0.0020761799150043063 0.00014536848664283751 0.00089308268257549831 -0.00052749419441589938 -0.00016954924911260604 0.0014607796274746458 0.0026322031393647195 -0.00033916727066613162 0.00061622017278121068 0.0002006382383406162 1.0382667756997622e-05 -2.1800345812852564e-05
leaf_weight=4.0000000000000018 3.0000000000000027 2.9999999999999991 3.0000000000000027 3.9999999999999982 5.0000000000000027 5.0000000000000062 18 17 5 4 2.9999999999999991 3 17 3.9999999999999991 2.9999999999999991 3 5 3 3
leaf_count=4 3 3 3 4 5 5 18 17 5 4 3 3 17 4 3 3 5 3 3
internal_value=-0.000230834 -0.000768389 -0.00178103 0.000383598 0.000221553 -0.00030158 -0.00306571 -0.00155012 -0.00197303 -0.000238228 0.000829185 0.00243059 0.00119473 0.00190584 0.000688024 0.00036292 -8.01431e-05 -0.000420153 0.000151454
internal_weight=115 97 44 19 53 50 25 22 9 7 28 10 22 18 14 6 11 6 8
internal_count=115 97 44 19 53 50 25 22 9 7 28 10 22 18 14 6 11 6 8
cat_boundaries=0 1 2
cat_threshold=2 2
is_linear=0
shrinkage=0.03


Tree=100
num_leaves=20
num_cat=2
split_feature=5 11 11 11 11 10 10 10 10 10 10 9 10 11 11 11 11 11 6
split_gain=0.171353 0.11949 0.173836 0.205221 0.0889781 0.103965 0.0559354 0.0454552 0.0423059 0.0342231 0.0241406 0.0161517 0.0129025 0.00722333 0.0156212 0.00350955 0.00193858 0.000870263 0.000215002
threshold=0 6758.8333333333348 5121.232142857144 4176.791666666667 6935.3333333333348 33030.500000000007 17192.000000000004 20169.000000000004 14391.000000000002 15906.000000000002 44481.000000000007 5.5000000000000009 35872.000000000007 12909.875000000002 6484.416666666667 4626.2261904761917 8210.0000000000018 7807.7500000000009 1
decision_type=1 2 2 2 2 2 2 2 2 2 2 2 2 2 2 2 2 2 1
left_child=1 2 3 8 -3 7 9 -6 -1 -4 12 -5 -7 14 -2 -13 -16 -12 -18
right_child=13 4 6 11 5 10 -8 -9 -10 -11 17 15 -14 -15 16 -17 18 -19 -20
leaf_value=-0.0028091471110071446 0.0013899700057048061 0.0024485174967692445 -0.0012644955286612873 0.0030313032439776831 0.00042590029537677756 -7.983117178082462e-05 -0.0036163815240641789 -0.0020369632169604298 0.00014391478896141053 0.00088542778577123372 -0.00052384229806753295 -0.00016837546458611119 0.0014331871783360838 0.0026096414189253534 -0.00033681917290848037 0.00061195403337478639 0.00019863184913992881 1.0310785415080878e-05 -2.1649419974822265e-05
leaf_weight=4.0000000000000018 3.0000000000000027 2.9999999999999991 3.0000000000000027 3.9999999999999982 5.0000000000000027 5.0000000000000062 18 17 5 4 2.9999999999999991 3 17 3.9999999999999991 2.9999999999999991 3 5 3 3
leaf_count=4 3 3 3 4 5 5 18 17 5 4 3 3 17 4 3 3 5 3 3
internal_value=-0.000218383 -0.000749736 -0.00174566 0.000380532 0.000222919 -0.000296447 -0.0030086 -0.00151905 -0.00195628 -0.000237791 0.000811123 0.00241024 0.00117183 0.00189014 0.000682875 0.000360408 -8.00292e-05 -0.000417244 0.000149891
internal_weight=115 97 44 19 53 50 25 22 9 7 28 10 22 18 14 6 11 6 8
internal_count=115 97 44 19 53 50 25 22 9 7 28 10 22 18 14 6 11 6 8
cat_boundaries=0 1 2
cat_threshold=2 2
is_linear=0
shrinkage=0.03


Tree=101
num_leaves=18
num_cat=2
split_feature=5 10 10 10 10 9 10 9 10 10 10 10 10 10 9 6 10
split_gain=0.16703 0.0623963 0.210473 0.104991 0.0969172 0.0772791 0.0356027 0.111182 0.046629 0.0225377 0.0223153 0.0119918 0.00524925 0.00253533 0.00181345 0.00148518 0.00109874
threshold=0 19040.500000000004 24561.000000000004 12575.500000000002 27660.500000000004 1.5000000000000002 31231.000000000004 5.5000000000000009 35872.000000000007 27395.000000000004 35872.000000000007 17192.000000000004 46222.500000000007 28138.000000000004 3.5000000000000004 1 21832.000000000004
decision_type=1 2 2 2 2 2 2 2 2 2 2 2 2 2 2 1 2
left_child=1 3 16 5 9 -1 13 10 -9 -4 -8 -5 -10 -6 -12 -2 -3
right_child=15 2 4 11 6 -7 7 8 12 -11 14 -13 -14 -15 -16 -17 -18
leaf_value=0.00089127380400896047 0.0021843322589993473 -0.0040022211397687593 7.5186102767474944e-05 0.0018890002166683021 -0.00018285199999809265 -0.0023962617572396991 -0.00025798413245116955 0.00045033997190850123 -0.0024465414960133402 0.0024315664172172547 0.0002133855372667312 -3.1606841545838571e-05 -0.00020017533706357846 -0.0020075593516230583 0.001494541654727705 0.00048897472831110162 -0.00068236678093671797
leaf_weight=4.0000000000000018 10 7.9999999999999982 5.9999999999999982 11.999999999999998 2.9999999999999982 6 7.0000000000000027 3.9999999999999991 8.9999999999999982 3 5.0000000000000009 2.9999999999999991 2.9999999999999991 6 13 8 5
leaf_count=4 10 8 6 12 3 6 7 4 9 3 5 3 3 6 13 8 5
internal_value=-0.000206236 -0.000731474 -0.00114088 0.000436707 -0.000163435 -0.00129312 -0.000734839 -0.000188084 -0.00164545 0.00172702 0.000948272 0.00164588 -0.00223121 -0.00181569 0.00134197 0.00187458 -0.00357719
internal_weight=115 97 72 25 59 10 50 41 16 9 25 15 12 9 18 18 13
internal_count=115 97 72 25 59 10 50 41 16 9 25 15 12 9 18 18 13
cat_boundaries=0 1 2
cat_threshold=2 1
is_linear=0
shrinkage=0.03


Tree=102
num_leaves=18
num_cat=1
split_feature=12 11 11 11 10 11 11 6 11 10 10 10 10 10 11 10 10
split_gain=0.156781 0.100093 0.351679 0.119617 0.0739593 0.058906 0.208357 0.0577548 0.0297632 0.0205842 0.0197583 0.0378622 0.019316 0.0084275 0.00270351 0.00120618 0.000578879
threshold=1.5000000000000002 5121.232142857144 6484.416666666667 4176.791666666667 29303.000000000004 6129.8750000000009 5523.8333333333348 0 3060.666666666667 31231.000000000004 33030.500000000007 39521.000000000007 27660.500000000004 21832.000000000004 5944.8333333333348 41220.000000000007 16124.500000000002
decision_type=2 2 2 2 2 2 2 1 2 2 2 2 2 2 2 2 2
left_child=1 3 5 8 -2 6 -3 -4 -1 -5 12 -12 13 -9 -8 -6 -10
right_child=4 2 7 9 15 -7 14 10 16 -11 11 -13 -14 -15 -16 -17 -18
leaf_value=0.00089643074997833771 -0.0034019106168013354 -0.0028247729440530125 0.0021075832227837633 0.0043546556234359737 0.00032704688733377091 -0.0038187609016895291 0.0019076014123857021 -0.00033756116691690218 -0.00010944152107605567 0.0005482002794742584 0.001550730061443413 -0.00059179633331950753 -0.0012370652918304715 0.00080382423905225897 0.00016451167372556833 -0.00011182348172251994 -0.0011274480934326465
leaf_weight=4.0000000000000018 2.9999999999999982 8.0000000000000053 34 4.9999999999999982 4 4.9999999999999991 5.9999999999999982 3.0000000000000018 3 5 6.9999999999999982 6 4 3 3 3 3
leaf_count=4 3 8 34 5 4 5 6 3 3 5 7 6 4 3 3 3 3
internal_value=0.00043543 0.000852441 0.000257335 0.00233378 -0.00205499 -0.00235835 -0.000673542 0.00146821 -0.000176477 0.00367714 0.000170793 0.000734507 -0.000562875 0.000378839 0.00171896 0.000183821 -0.00100497
internal_weight=109 99 79 20 10 22 17 57 10 10 23 13 10 6 9 7 6
internal_count=109 99 79 20 10 22 17 57 10 10 23 13 10 6 9 7 6
cat_boundaries=0 1
cat_threshold=1
is_linear=0
shrinkage=0.03


Tree=103
num_leaves=18
num_cat=1
split_feature=12 11 11 9 10 11 11 6 9 9 10 10 10 9 10 11 10
split_gain=0.153319 0.099494 0.340492 0.122986 0.0729015 0.0582451 0.203243 0.0550574 0.051919 0.0270988 0.0193127 0.036963 0.019007 0.0113757 0.00831122 0.00261142 0.00118715
threshold=1.5000000000000002 5121.232142857144 6484.416666666667 3.5000000000000004 29303.000000000004 6129.8750000000009 5523.8333333333348 0 5.5000000000000009 3.5000000000000004 33030.500000000007 39521.000000000007 27660.500000000004 2.5000000000000004 21832.000000000004 5944.8333333333348 41220.000000000007
decision_type=2 2 2 2 2 2 2 1 2 2 2 2 2 2 2 2 2
left_child=1 3 5 -1 -2 6 -3 9 -5 13 12 -12 14 -4 -9 -8 -6
right_child=4 2 7 8 16 -7 15 10 -10 -11 11 -13 -14 -15 -16 -17 -18
leaf_value=0.0041091744974255549 -0.0033783588271874645 -0.0027871092781424512 0.0011841209214180706 -0.001141500303056091 0.00032424363577904708 -0.0037805733382701872 0.001886140750721097 -0.00033522421064285121 0.0012110463778177898 0.0027220747899264095 0.00153157399419476 -0.00058513864176347853 -0.0012264618809734072 -3.0632094395431603e-05 0.0007982593173017869 0.00016337276651309085 -0.00011104932699639063
leaf_weight=6.0000000000000027 2.9999999999999982 8.0000000000000053 5.0000000000000009 5.9999999999999991 4 4.9999999999999991 5.9999999999999982 3.0000000000000018 7.9999999999999991 17 6.9999999999999982 6 4 12 3 3 3
leaf_count=6 3 8 5 6 4 5 6 3 8 17 7 6 4 12 3 3 3
internal_value=0.000420098 0.000833162 0.000241944 0.00230939 -0.00204114 -0.00233045 -0.000661699 0.00143444 0.000147285 0.00205873 0.00016738 0.00072498 -0.00055755 0.000632885 0.000376216 0.00170011 0.000182104
internal_weight=109 99 79 20 10 22 17 57 14 34 23 13 10 17 6 9 7
internal_count=109 99 79 20 10 22 17 57 14 34 23 13 10 17 6 9 7
cat_boundaries=0 1
cat_threshold=1
is_linear=0
shrinkage=0.03


Tree=104
num_leaves=16
num_cat=2
split_feature=11 11 9 11 11 6 9 9 9 6 11 11 9 11 11
split_gain=0.131498 0.328666 0.198788 0.0980926 0.0721051 0.0356112 0.032518 0.0316587 0.0204607 0.0116057 0.00662998 0.0203434 0.00972081 0.00613655 7.58779e-05
threshold=6758.8333333333348 6129.8750000000009 3.5000000000000004 5258.3000000000011 5523.8333333333348 0 3.5000000000000004 6.5000000000000009 2.5000000000000004 1 7530.6833333333343 8210.0000000000018 1.5000000000000002 7279.0000000000009 21544.500000000004
decision_type=2 2 2 2 2 1 2 2 2 1 2 2 2 2 2
left_child=1 2 3 -1 7 6 8 -4 -2 -6 13 -12 14 -7 -13
right_child=5 -3 4 -5 9 10 -8 -9 -10 -11 11 12 -14 -15 -16
leaf_value=0.0040629464015364642 0.0011722796838730572 -0.0042301172281012812 -0.0020381286228075618 -0.00027011394500732418 0.0012991680949926377 -0.00014948516511000115 0.0023459273418411611 0.00016026543918997048 -0.00030930184589868242 -0.00017421911470592022 -0.0010504590146816692 -0.00033290344648636303 0.00076350418478250497 0.00098412044364242597 -2.8992753762465255e-05
leaf_weight=5.9999999999999982 5.0000000000000009 6.9999999999999991 14.000000000000005 5 4.9999999999999982 3.0000000000000027 20 5.9999999999999991 12 4 3.0000000000000027 2.9999999999999991 9.9999999999999982 3 3
leaf_count=6 5 7 14 5 5 3 20 6 12 4 3 3 10 3 3
internal_value=0.000408892 -0.000706297 0.000633061 0.00290264 -0.000751343 0.00123496 0.00172675 -0.00154503 0.000399243 0.000897287 0.000221706 -0.00010657 0.000406363 0.000678141 -0.000294041
internal_weight=109 47 40 11 29 62 37 20 17 9 25 19 16 6 6
internal_count=109 47 40 11 29 62 37 20 17 9 25 19 16 6 6
cat_boundaries=0 1 2
cat_threshold=1 1
is_linear=0
shrinkage=0.03


Tree=105
num_leaves=14
num_cat=2
split_feature=11 10 10 10 5 6 10 10 11 11 11 10 11
split_gain=0.397409 0.147442 0.125911 0.0920988 0.0922225 0.0594737 0.0529002 0.0664522 0.037649 0.0206499 0.0136003 0.00147434 0.000684717
threshold=5523.8333333333348 25282.000000000004 6106.0000000000009 27660.500000000004 0 1 36809.500000000007 29303.000000000004 6129.8750000000009 10934.875000000002 11325.250000000002 36242.000000000007 9587.1250000000018
decision_type=2 2 2 2 1 1 2 2 2 2 2 2 2
left_child=1 2 -1 5 6 -2 7 -5 -8 -9 12 -11 -6
right_child=3 -3 -4 4 10 -7 8 9 -10 11 -12 -13 -14
leaf_value=0.00053801423081984855 0.002410698218154721 0.00026611693791652981 -0.0044839995407632421 -0.0014712800383567806 0.00032539480222532383 -0.00042787714302539812 0.00043988496494980949 0.0014265391619309132 -0.0020751494443538832 -0.00035755899335656845 0.0022136192529329233 0.00012574208757052053 -4.1357076593807764e-05
leaf_weight=3.0000000000000062 22 8.9999999999999982 18 5.0000000000000027 2.9999999999999982 5.0000000000000027 3.0000000000000027 13.000000000000002 13.999999999999998 3.9999999999999991 4 3 4
leaf_count=3 22 9 18 5 3 5 3 13 14 4 4 3 4
internal_value=-0.000373755 -0.00283754 -0.00382445 0.000762788 -3.29089e-05 0.00191146 -0.000706059 0.000210572 -0.00163278 0.000981307 0.00164961 -0.000198305 0.000214773
internal_weight=110 30 21 80 53 27 42 25 17 20 11 7 7
internal_count=110 30 21 80 53 27 42 25 17 20 11 7 7
cat_boundaries=0 1 2
cat_threshold=2 1
is_linear=0
shrinkage=0.03


Tree=106
num_leaves=16
num_cat=2
split_feature=11 10 10 10 5 6 10 10 11 11 11 10 11 9 9
split_gain=0.381713 0.141798 0.121924 0.087831 0.0903581 0.0573931 0.050593 0.0647395 0.0366167 0.0200215 0.0133461 0.00145109 0.00067473 4.72057e-05 0.140569
threshold=5523.8333333333348 25282.000000000004 6106.0000000000009 27660.500000000004 0 1 36809.500000000007 29303.000000000004 6129.8750000000009 10934.875000000002 11325.250000000002 36242.000000000007 9587.1250000000018 2.5000000000000004 1.5000000000000002
decision_type=2 2 2 2 1 1 2 2 2 2 2 2 2 2 2
left_child=1 2 -1 5 6 13 7 -5 -8 -9 12 -11 -6 14 -2
right_child=3 -3 -4 4 10 -7 8 9 -10 11 -12 -13 -14 -15 -16
leaf_value=0.00053428960534242459 0.0027162877871439997 0.00026233527613313571 -0.0043975223281553814 -0.0014565672278404232 0.00032314206903370524 -0.00042359836399555193 0.00043683958311493569 0.0014023500097834543 -0.0020388343688682651 -0.00035449413848774776 0.0021946454021547521 0.00012487157319600764 -4.1002585951771056e-05 0.0026701352579402734 -0.0015895802807062865
leaf_weight=3.0000000000000062 3.0000000000000018 8.9999999999999982 18 5.0000000000000027 2.9999999999999982 5.0000000000000027 3.0000000000000027 13.000000000000002 13.999999999999998 3.9999999999999991 4 3 4 13.999999999999998 5
leaf_count=3 3 9 18 5 3 5 3 13 14 4 4 3 4 14 5
internal_value=-0.000365321 -0.00278001 -0.0037479 0.000748467 -2.91319e-05 0.0018702 -0.000695907 0.000201884 -0.00160197 0.000963815 0.0016358 -0.000196446 0.000213342 0.00236098 0.000637113
internal_weight=110 30 21 80 53 27 42 25 17 20 11 7 7 22 8
internal_count=110 30 21 80 53 27 42 25 17 20 11 7 7 22 8
cat_boundaries=0 1 2
cat_threshold=2 1
is_linear=0
shrinkage=0.03


Tree=107
num_leaves=16
num_cat=2
split_feature=11 10 10 10 5 6 10 10 11 11 11 10 10 10 11
split_gain=0.367682 0.136368 0.118068 0.0848038 0.0885332 0.05585 0.0483797 0.0630718 0.0356138 0.0194124 0.0131406 0.00318405 0.00347014 0.00142822 8.51404e-05
threshold=5523.8333333333348 25282.000000000004 6106.0000000000009 27660.500000000004 0 1 36809.500000000007 29303.000000000004 6129.8750000000009 10934.875000000002 12909.875000000002 46222.500000000007 38404.500000000007 36242.000000000007 9587.1250000000018
decision_type=2 2 2 2 1 1 2 2 2 2 2 2 2 2 2
left_child=1 2 -1 5 6 -2 7 -5 -8 -9 14 12 -10 -11 -6
right_child=3 -3 -4 4 10 -7 8 9 11 13 -12 -13 -14 -15 -16
leaf_value=0.00053059066717441234 0.0023257436688436427 0.00025860735852467382 -0.0043127129426492111 -0.0014420015811920162 0.00032090493692801548 -0.00041936238110065451 0.00043381533227287793 0.0013785710461113761 -0.00021892476253784621 -0.0003514555948121207 0.0022496597927350263 -0.00019666583635486088 -0.002370724243422349 0.00012400707659813073 4.3132364749908445e-05
leaf_weight=3.0000000000000062 22 8.9999999999999982 18 5.0000000000000027 2.9999999999999982 5.0000000000000027 3.0000000000000027 13.000000000000002 2.9999999999999991 3.9999999999999991 3 2.9999999999999991 7.9999999999999991 3 5
leaf_count=3 22 9 18 5 3 5 3 13 3 4 3 3 8 3 5
internal_value=-0.000353453 -0.00272362 -0.00367285 0.000739227 -2.54439e-05 0.00184144 -0.000685909 0.000193395 -0.00157171 0.000946628 0.00162211 -0.00200315 -0.00216757 -0.000194605 0.000267708
internal_weight=110 30 21 80 53 27 42 25 17 20 11 14 11 7 8
internal_count=110 30 21 80 53 27 42 25 17 20 11 14 11 7 8
cat_boundaries=0 1 2
cat_threshold=2 1
is_linear=0
shrinkage=0.03


Tree=108
num_leaves=19
num_cat=3
split_feature=6 5 5 10 9 10 9 10 10 9 10 10 10 10 9 10 10 10
split_gain=0.234711 0.0551982 0.0511603 0.0390371 0.0381731 0.0392053 0.0458509 0.111086 0.0249422 0.0208343 0.0203739 0.0499279 0.0180231 0.0126318 0.00532785 0.00251493 0.000718027 0.000202643
threshold=0 1 2 22900.500000000004 5.5000000000000009 9509.5000000000018 3.5000000000000004 16383.500000000002 26998.500000000004 3.5000000000000004 28138.000000000004 35872.000000000007 30455.000000000004 38404.500000000007 6.5000000000000009 20169.000000000004 33030.500000000007 27660.500000000004
decision_type=1 1 1 2 2 2 2 2 2 2 2 2 2 2 2 2 2 2
left_child=1 4 3 -2 5 -1 7 -7 -9 17 15 12 -12 -6 -11 -8 -10 -5
right_child=2 -3 -4 9 13 6 10 8 16 14 11 -13 -14 -15 -16 -17 -18 -19
leaf_value=-0.00076411447354725434 -0.0028369065374135968 0.0026587395374908255 0.00049893545103259381 0.00050068615147700658 0.00022949656099081038 0.0020019436720758671 0.00030835974674958439 -0.0018520462271921774 -0.00011543418638981305 -0.0012635234949578129 0.00033724336751869742 0.0015412291884422302 -0.0013895366054314832 -0.0011862467329150864 -8.5964889731258157e-05 0.0029342020554468033 0.00019939731433987615 4.0914317449698081e-05
leaf_weight=3.9999999999999991 10.999999999999998 8.9999999999999982 5.9999999999999991 3.0000000000000027 4.9999999999999982 6.0000000000000027 3.0000000000000018 6.9999999999999991 3 11.000000000000002 3.9999999999999991 7.9999999999999991 3 4 5.9999999999999991 5 5 3
leaf_count=4 11 9 6 3 5 6 3 7 3 11 4 8 3 4 6 5 5 3
internal_value=0.000160781 0.00119883 -0.00144921 -0.00182827 0.0006059 0.000926902 0.00119366 6.56977e-05 -0.00119978 -0.000632383 0.00189155 0.000575982 -0.000784857 -0.000692895 -0.00103368 0.00266787 8.27953e-05 0.00044005
internal_weight=106 66 40 34 57 48 44 21 15 23 23 15 7 9 17 8 8 6
internal_count=106 66 40 34 57 48 44 21 15 23 23 15 7 9 17 8 8 6
cat_boundaries=0 1 2 3
cat_threshold=1 2 2
is_linear=0
shrinkage=0.03


Tree=109
num_leaves=19
num_cat=3
split_feature=6 5 5 10 9 10 9 10 10 10 10 9 10 10 9 10 10 10
split_gain=0.227455 0.0535985 0.0496707 0.0379658 0.0374001 0.0384236 0.0446679 0.108512 0.0243266 0.0203989 0.0488839 0.0203354 0.0177552 0.0124062 0.005149 0.00240086 0.000705752 0.000199846
threshold=0 1 2 22900.500000000004 5.5000000000000009 9509.5000000000018 3.5000000000000004 16383.500000000002 26998.500000000004 28138.000000000004 35872.000000000007 3.5000000000000004 30455.000000000004 38404.500000000007 6.5000000000000009 20169.000000000004 33030.500000000007 27660.500000000004
decision_type=1 1 1 2 2 2 2 2 2 2 2 2 2 2 2 2 2 2
left_child=1 4 3 -2 5 -1 7 -7 -9 15 12 17 -11 -6 -13 -8 -10 -5
right_child=2 -3 -4 11 13 6 9 8 16 10 -12 14 -14 -15 -16 -17 -18 -19
leaf_value=-0.00075756499809878208 -0.0027923266137284894 0.0026209574928017041 0.00049332243972457948 0.0004972198777473889 0.00022720161080360413 0.0019794217217713591 0.00030622494908479531 -0.0018291680427158579 -0.00011463500845890777 0.00033435271254607607 0.0015206794316569964 -0.0012436681739719847 -0.0013799167596376858 -0.0011760788976347871 -8.499778574332594e-05 0.0029048600159585474 0.00019740332290530205 4.0631080046296121e-05
leaf_weight=3.9999999999999991 10.999999999999998 8.9999999999999982 5.9999999999999991 3.0000000000000027 4.9999999999999982 6.0000000000000027 3.0000000000000018 6.9999999999999991 3 3.9999999999999991 7.9999999999999991 11.000000000000002 3 4 5.9999999999999991 5 5 3
leaf_count=4 11 9 6 3 5 6 3 7 3 4 8 11 3 4 6 5 5 3
internal_value=0.000160503 0.00118222 -0.00142461 -0.00179827 0.000597773 0.000915653 0.00117988 6.59899e-05 -0.001185 0.00186873 0.00056457 -0.000620756 -0.000779881 -0.000687215 -0.00101767 0.00264188 8.17108e-05 0.000437004
internal_weight=106 66 40 34 57 48 44 21 15 23 15 23 7 9 17 8 8 6
internal_count=106 66 40 34 57 48 44 21 15 23 15 23 7 9 17 8 8 6
cat_boundaries=0 1 2 3
cat_threshold=1 2 2
is_linear=0
shrinkage=0.03


Tree=110
num_leaves=16
num_cat=2
split_feature=6 11 9 11 11 11 11 5 9 11 11 11 11 11 11
split_gain=0.22042 0.169144 0.052902 0.0696315 0.164233 0.0685863 0.245135 0.0482244 0.0182083 0.0168392 0.0461692 0.00994606 0.00816226 0.00451122 0.00244027
threshold=0 4176.791666666667 4.5000000000000009 7130.1750000000011 8906.2916666666697 5944.8333333333348 5258.3000000000011 1 6.5000000000000009 6281.5178571428578 7530.6833333333343 7130.1750000000011 4626.2261904761917 7530.6833333333343 10934.875000000002
decision_type=1 2 2 2 2 2 2 1 2 2 2 2 2 2 2
left_child=1 -1 3 5 -5 6 -3 8 11 12 -11 -2 -4 -13 -9
right_child=7 2 9 4 -6 -7 -8 14 -10 10 -12 13 -14 -15 -16
leaf_value=-0.0018602773267775772 -0.0026871448103338476 0.003224769562482833 -0.00016883125958534382 -0.0018256675232859213 0.0019575771749285715 0.0045123779562794989 -0.0021496621146798135 -7.5043838901015433e-05 -8.4041532827541234e-05 -0.001696229359278312 0.00072361238136449282 1.5553627163171764e-06 0.0011320889155779566 -0.00098959952066450009 0.00067537930149298437
leaf_weight=5.9999999999999991 10.000000000000002 5.0000000000000018 3.0000000000000027 7.0000000000000027 18 6.9999999999999991 6 2.9999999999999991 5.9999999999999991 2.9999999999999982 7 5.0000000000000027 4 12.999999999999998 3
leaf_count=6 10 5 3 7 18 7 6 3 6 3 7 5 4 13 3
internal_value=0.000160198 0.00116584 0.00169097 0.00215968 0.000679309 0.00323883 0.000665569 -0.00140041 -0.00176875 0.000144625 -0.000487479 -0.00201264 0.000803202 -0.000812052 0.000487773
internal_weight=106 66 60 43 25 18 11 40 34 17 10 28 7 18 6
internal_count=106 66 60 43 25 18 11 40 34 17 10 28 7 18 6
cat_boundaries=0 1 2
cat_threshold=1 2
is_linear=0
shrinkage=0.03


Tree=111
num_leaves=16
num_cat=1
split_feature=11 6 11 12 10 10 10 11 11 11 11 11 10 9 10
split_gain=0.265052 0.182227 0.0805289 0.0316731 0.031625 0.0231075 0.0323983 0.0125217 0.0110855 0.117186 0.0285284 0.126291 0.00934263 0.00531067 0.000992246
threshold=4176.791666666667 0 7130.1750000000011 1.5000000000000002 36809.500000000007 33030.500000000007 27660.500000000004 10934.875000000002 6935.3333333333348 7807.7500000000009 5523.8333333333348 5258.3000000000011 35181.500000000007 6.5000000000000009 14391.000000000002
decision_type=2 1 2 2 2 2 2 2 2 2 2 2 2 2 2
left_child=14 3 13 8 5 6 -4 -6 10 12 11 -2 -10 -3 -1
right_child=1 2 4 -5 7 -7 -8 -9 9 -11 -12 -13 -14 -15 -16
leaf_value=-0.0036188578605651856 0.0019825241295620792 -0.0029045869569693295 0.00083653176948428126 -0.00028167617332655934 -0.0012546553481370211 0.0015005692845443262 -0.0011799438191311699 0.0001855248026549816 -0.0015611770190298556 0.001760751778598536 0.0026627519745379686 -0.0020083172733967119 6.5342703690895659e-05 -0.00059080206478635464 -0.00051997164264321321
leaf_weight=5.9999999999999982 6.0000000000000018 3.9999999999999973 5.0000000000000018 5.9999999999999991 4.9999999999999982 5.9999999999999991 4 5 5.9999999999999982 23 14.999999999999998 3 3 8 4
leaf_count=6 6 4 5 6 5 6 4 5 6 23 15 3 3 8 4
internal_value=-9.10033e-05 0.000498642 -0.00100633 0.0014118 0.000114312 0.000801515 -0.000209012 -0.000801848 0.00160843 0.000808939 0.00212297 0.000295382 -0.00126997 -0.00233176 -0.00325907
internal_weight=109 99 37 62 25 15 9 10 56 32 24 9 9 12 10
internal_count=109 99 37 62 25 15 9 10 56 32 24 9 9 12 10
cat_boundaries=0 1
cat_threshold=1
is_linear=0
shrinkage=0.03


Tree=112
num_leaves=13
num_cat=1
split_feature=11 6 11 11 11 11 11 11 11 9 11 11
split_gain=0.257632 0.176354 0.0788602 0.0210507 0.104837 0.0422467 0.0985971 0.0143597 0.0325125 0.00541429 0.00438076 0.00115144
threshold=4176.791666666667 0 7130.1750000000011 5523.8333333333348 5258.3000000000011 6935.3333333333348 8906.2916666666697 7530.6833333333343 10934.875000000002 6.5000000000000009 7807.7500000000009 21544.500000000004
decision_type=2 1 2 2 2 2 2 2 2 2 2 2
left_child=-1 3 9 4 -2 -5 10 -4 -9 -3 -7 -10
right_child=1 2 7 5 -6 6 -8 8 11 -11 -12 -13
leaf_value=-0.0032233768617734313 0.001584763145622085 -0.0028796905811343874 0.00081101392221171386 0.0026148223612457513 -0.0019944135271585902 -0.0010985019570216535 0.0016671416408975015 -0.0012300787137492612 0.00062453865661825012 -0.00058292466215789315 -3.1104843531336106e-06 -1.8327052776630106e-06
leaf_weight=9.9999999999999982 6.9999999999999982 3.9999999999999973 6.0000000000000027 14.999999999999998 3 9.9999999999999982 23 7.0000000000000027 8.9999999999999982 8 3.9999999999999991 2.9999999999999991
leaf_count=10 7 4 6 15 3 10 23 7 9 8 4 3
internal_value=-0.000100692 0.000481516 -0.000997894 0.00138036 5.06799e-05 0.00158666 0.000702172 0.000111637 -0.000312722 -0.00230947 -0.000917233 0.000538291
internal_weight=109 99 37 62 10 52 37 25 19 12 14 12
internal_count=109 99 37 62 10 52 37 25 19 12 14 12
cat_boundaries=0 1
cat_threshold=1
is_linear=0
shrinkage=0.03


Tree=113
num_leaves=16
num_cat=0
split_feature=11 12 10 10 11 11 11 9 11 11 9 10 9 10 10
split_gain=0.248772 0.0758202 0.0527903 0.0575586 0.0583305 0.0555535 0.165609 0.0418689 0.0240303 0.0178511 0.00961333 0.00824399 0.00404579 0.00270617 0.000428154
threshold=4176.791666666667 1.5000000000000002 27660.500000000004 31231.000000000004 7130.1750000000011 5523.8333333333348 5258.3000000000011 4.5000000000000009 7296.1250000000009 16124.500000000002 3.5000000000000004 35181.500000000007 4.5000000000000009 14391.000000000002 34622.500000000007
decision_type=2 2 2 2 2 2 2 2 2 2 2 2 2 2 2
left_child=13 2 5 7 11 6 -2 -4 -3 -7 14 -5 -10 -1 -6
right_child=1 8 3 4 10 9 -8 -9 12 -11 -12 -13 -14 -15 -16
leaf_value=-0.0035418826527893544 0.0020743510260113648 -0.0020293044671416283 -0.001896678792933623 0.00016853349999739573 -3.9508827030658707e-05 0.0021759127297749118 -0.002553865441254207 0.00062663053090755759 0.00040511526167392732 -5.605935047452266e-05 0.0014907387327402829 -0.001111512934679494 -0.00031843501422554251 -0.00048788581708712232 0.0002502674434114905
leaf_weight=5.9999999999999982 4 2.9999999999999991 7.9999999999999982 2.9999999999999982 3.0000000000000018 26.000000000000004 4 3 3 2.9999999999999991 20 7 5 4 7
leaf_count=6 4 3 8 3 3 26 4 3 3 3 20 7 5 4 7
internal_value=-0.000107028 0.000465726 0.000782196 9.44965e-05 0.000635166 0.00150832 -0.000372956 -0.00123781 -0.0012329 0.00198985 0.00121158 -0.000835239 2.72207e-05 -0.00317503 0.000187047
internal_weight=109 99 88 51 40 37 8 11 11 29 30 10 8 10 10
internal_count=109 99 88 51 40 37 8 11 11 29 30 10 8 10 10
is_linear=0
shrinkage=0.03


Tree=114
num_leaves=18
num_cat=1
split_feature=6 11 11 11 9 9 11 10 11 11 11 11 10 10 10 10 10
split_gain=0.139132 0.156347 0.152753 0.157521 0.0976349 0.0685412 0.062165 0.0985613 0.059626 0.0280056 0.00860371 0.00935133 0.00803414 0.00566676 0.00078521 0.00299863 0.000491711
threshold=0 4176.791666666667 5121.232142857144 5523.8333333333348 5.5000000000000009 5.5000000000000009 6935.3333333333348 35872.000000000007 11325.250000000002 7807.7500000000009 7279.0000000000009 7530.6833333333343 19040.500000000004 25282.000000000004 27660.500000000004 16124.500000000002 19040.500000000004
decision_type=1 2 2 2 2 2 2 2 2 2 2 2 2 2 2 2 2
left_child=1 -1 5 -4 6 -3 16 8 -8 -6 12 -12 -2 -10 15 -13 -5
right_child=10 2 3 4 9 -7 7 -9 13 -11 11 14 -14 -15 -16 -17 -18
leaf_value=-0.0023945907969027758 -0.00032976368069648741 0.0042896166443824766 -0.0026627158448100088 0.00036804620708738052 -0.0021357334978305375 -4.7454807375158581e-05 -0.0015942320242524144 0.001889654003083706 0.0010579612957579748 0.00030712798094520205 0.00020953946979716413 -0.00044934043517479513 -0.0026174416138153326 -6.9566539355686731e-05 -0.0010882663873157331 0.00022003194317221642 0.002525703376159072
leaf_weight=5.9999999999999991 4.9999999999999991 4 4.9999999999999991 3.9999999999999991 2.9999999999999991 4 15.000000000000002 9.9999999999999982 4 3 4.0000000000000027 3.0000000000000027 8.9999999999999982 4 10.999999999999998 3 11.999999999999998
leaf_count=6 5 4 5 4 3 4 15 10 4 3 4 3 9 4 11 3 12
internal_value=-0.000401023 0.000355442 0.000873982 0.000125433 0.000749555 0.00329946 0.00122869 0.000273833 -0.000788433 -0.00148574 -0.00172398 -0.000738744 -0.00227824 0.000768751 -0.000956837 -0.000186313 0.00233531
internal_weight=109 74 68 60 55 8 49 33 23 6 35 21 14 8 17 6 16
internal_count=109 74 68 60 55 8 49 33 23 6 35 21 14 8 17 6 16
cat_boundaries=0 1
cat_threshold=1
is_linear=0
shrinkage=0.03


Tree=115
num_leaves=12
num_cat=2
split_feature=6 10 10 10 10 10 10 10 5 10 10
split_gain=0.135163 0.0483976 0.182974 0.0747735 0.0658136 0.0348583 0.0489258 0.0366333 0.0317137 0.0166457 0.00139452
threshold=0 16124.500000000002 21832.000000000004 12575.500000000002 30455.000000000004 35872.000000000007 38404.500000000007 43252.500000000007 1 17192.000000000004 34622.500000000007
decision_type=1 2 2 2 2 2 2 2 1 2 2
left_child=1 3 9 -1 -4 10 -7 -8 -2 -3 -6
right_child=8 2 4 -5 5 6 7 -9 -10 -11 -12
leaf_value=-0.00054801078513264654 -0.0019867277538869531 -0.00015002469931329999 0.0016907848773852867 0.0026928277127444742 -0.0013921926383461268 0.0017160112261772156 -0.0014919673204421995 0.00064113927714060993 0.00020006723329424859 -0.0027096142384566758 -0.000195157989859581
leaf_weight=5.9999999999999982 30 3.9999999999999991 24 6 4.0000000000000018 4.9999999999999991 4.9999999999999982 6 4.9999999999999991 8.9999999999999982 5
leaf_count=6 30 4 24 6 4 5 5 6 5 9 5
internal_value=-0.000395349 0.000350257 -6.79932e-05 0.00155987 0.000825212 -0.000251405 0.000523803 -0.000577204 -0.00169929 -0.0023297 -0.0011799
internal_weight=109 74 62 12 49 25 16 11 35 13 9
internal_count=109 74 62 12 49 25 16 11 35 13 9
cat_boundaries=0 1 2
cat_threshold=1 2
is_linear=0
shrinkage=0.03


Tree=116
num_leaves=21
num_cat=1
split_feature=11 11 10 9 10 11 9 10 11 5 11 10 10 10 10 11 11 11 10 10
split_gain=0.133918 0.249272 0.0981371 0.209579 0.107386 0.0658582 0.0641297 0.0382965 0.027892 0.0241343 0.0234462 0.0220449 0.0245275 0.021066 0.0127037 0.00298787 0.0269725 0.00242224 0.00267919 0.000646638
threshold=4176.791666666667 5121.232142857144 22900.500000000004 1.5000000000000002 27660.500000000004 8906.2916666666697 5.5000000000000009 43252.500000000007 6129.8750000000009 0 5944.8333333333348 36809.500000000007 34622.500000000007 15906.000000000002 14391.000000000002 7279.0000000000009 7636.7380952380963 7530.6833333333343 36371.500000000007 46222.500000000007
decision_type=2 2 2 2 2 2 2 2 2 1 2 2 2 2 2 2 2 2 2 2
left_child=14 6 3 13 10 8 -2 11 -6 -10 -4 12 -7 -3 -1 -11 17 18 -17 -18
right_child=1 2 4 -5 5 7 -8 -9 9 15 -12 -13 -14 -15 -16 16 19 -19 -20 -21
leaf_value=-0.0032303657169852934 0.0042482886569840559 0.001770152401711259 -0.00025125327305151857 -0.0033473892688751219 0.00042778224899218617 -0.00064541225188544799 9.3744643032550807e-05 0.0018211529260644544 0.00012317069061100483 -0.0025941412746906265 0.001888235485037932 -0.0011254549984421047 0.0011254979070508852 -0.00023449730793280259 -0.00045692019746638833 -0.00038222556503919445 -0.0016960589736700058 0.0004748466610908508 0.00022477248018341404 -0.00018315877550496504
leaf_weight=3.9999999999999982 3.9999999999999982 4.0000000000000018 3.0000000000000027 14.999999999999998 3.0000000000000027 4.0000000000000018 5 2.9999999999999991 5 5.0000000000000062 15.999999999999998 3.9999999999999991 6 4 6 3.0000000000000018 5 3 4 3
leaf_count=4 4 4 3 15 3 4 5 3 5 5 16 4 6 4 6 3 5 3 4 3
internal_value=-0.000387353 5.90903e-05 -0.000544414 -0.00188441 0.000100574 -0.000656614 0.00320433 0.000625586 -0.00134084 -0.00159304 0.00158027 -0.000282674 0.00044861 0.0011944 -0.00262679 -0.0018904 -0.000838252 0.000217544 -0.000107183 -0.00154566
internal_weight=109 99 90 23 67 48 9 17 31 28 19 14 10 8 10 23 18 10 7 8
internal_count=109 99 90 23 67 48 9 17 31 28 19 14 10 8 10 23 18 10 7 8
cat_boundaries=0 1
cat_threshold=1
is_linear=0
shrinkage=0.03


Tree=117
num_leaves=24
num_cat=2
split_feature=6 10 10 11 11 5 10 11 10 11 10 12 10 10 10 10 11 10 11 11 10 10 10
split_gain=0.143939 0.14097 0.19671 0.0698002 0.0517173 0.0465992 0.0363844 0.0338545 0.0752327 0.045293 0.034928 0.0256552 0.0430069 0.0161232 0.033213 0.0177066 0.0133796 0.0118296 0.00829232 0.00822368 0.00175825 0.000262452 0.000500379
threshold=0 16124.500000000002 22900.500000000004 3526.9250000000006 7130.1750000000011 1 17192.000000000004 7279.0000000000009 27395.000000000004 8906.2916666666697 36809.500000000007 1.5000000000000002 21832.000000000004 36809.500000000007 33030.500000000007 27660.500000000004 10565.250000000002 21832.000000000004 3060.666666666667 10934.875000000002 31231.000000000004 36454.000000000007 34622.500000000007
decision_type=1 2 2 2 2 1 2 2 2 2 2 2 2 2 2 2 2 2 2 2 2 2 2
left_child=1 3 6 -1 11 7 -3 8 -4 10 -9 12 18 14 15 17 -11 -6 -2 -15 -10 22 -18
right_child=4 2 5 -5 13 -7 -8 9 20 16 -12 -13 -14 19 -16 -17 21 -19 -20 -21 -22 -23 -24
leaf_value=-0.00011601942990507397 -0.00016704952487578748 0.00024095566226885865 -0.00087872662581503383 0.0039915454884370174 -0.00044010414527012728 0.0023592879277254853 -0.0026450131166922421 -0.0018741137928822455 0.0025797489019376892 0.0013065826014748642 0.00045002232172659465 -0.0028003560665708321 -0.001312104378427778 -0.0010043976815151316 0.0014031552567201502 -0.0011196580422776084 -0.00011286625065482579 0.00086896483387265881 0.0011623530032543036 0.00016221302747726441 0.00027314698466887838 -0.00016812932032805221 0.00015217954507814005
leaf_weight=3.9999999999999991 3.0000000000000062 2.9999999999999991 3.9999999999999982 7.9999999999999991 3.0000000000000053 10.999999999999998 8.9999999999999982 7.0000000000000018 4 3.9999999999999991 4 2.9999999999999991 10.999999999999998 3.9999999999999982 6.9999999999999991 4 2.9999999999999982 4 3 5 3 3 3
leaf_count=4 3 3 4 8 3 11 9 7 4 4 4 3 11 4 7 4 3 4 3 5 3 3 3
internal_value=0.000338923 0.00113836 0.00030655 0.00319198 -0.000842556 0.00121372 -0.00214195 0.000409403 0.00130311 -0.000263002 -0.00121712 -0.00170066 -0.000541305 8.09246e-05 0.000522235 -0.000439574 0.000722502 0.000379068 0.000808684 -0.00061202 0.00233338 -8.81373e-05 3.19421e-05
internal_weight=117 70 58 12 47 46 12 35 11 24 11 20 17 27 18 11 13 7 6 9 7 9 6
internal_count=117 70 58 12 47 46 12 35 11 24 11 20 17 27 18 11 13 7 6 9 7 9 6
cat_boundaries=0 1 2
cat_threshold=1 2
is_linear=0
shrinkage=0.03


Tree=118
num_leaves=24
num_cat=2
split_feature=6 10 10 11 11 5 10 11 10 11 10 12 10 10 10 10 11 10 11 11 9 10 10
split_gain=0.14084 0.136914 0.19134 0.0680073 0.050327 0.0446976 0.0354769 0.0331139 0.0739618 0.0442609 0.0341576 0.0259212 0.0420021 0.0157565 0.0324911 0.0173873 0.0131561 0.0116447 0.00817791 0.00807738 0.00170167 0.00025883 0.000493475
threshold=0 16124.500000000002 22900.500000000004 3526.9250000000006 7130.1750000000011 1 17192.000000000004 7279.0000000000009 27395.000000000004 8906.2916666666697 36809.500000000007 1.5000000000000002 21832.000000000004 36809.500000000007 33030.500000000007 27660.500000000004 10565.250000000002 21832.000000000004 3060.666666666667 10934.875000000002 6.5000000000000009 36454.000000000007 34622.500000000007
decision_type=1 2 2 2 2 1 2 2 2 2 2 2 2 2 2 2 2 2 2 2 2 2 2
left_child=1 3 6 -1 11 7 -3 8 -4 10 -9 12 18 14 15 17 -11 -6 -2 -15 -10 22 -18
right_child=4 2 5 -5 13 -7 -8 9 20 16 -12 -13 -14 19 -16 -17 21 -19 -20 -21 -22 -23 -24
leaf_value=-0.00011502477739538464 -0.00016589306294918053 0.00023928760335995602 -0.00087119471946997301 0.0039383248984813683 -0.00043705725899109449 0.0023222134634852407 -0.0026074260630105672 -0.001850963002618621 0.0025576369304742132 0.001295383373009307 0.00044616493795599258 -0.0027809690340207171 -0.0012914855565343585 -0.00099578855692275927 0.0013858221383655773 -0.0011100609387670246 -0.00011208486385070361 0.00086151657093848496 0.0011543059592636731 0.00016059089638292788 0.00027125596713561273 -0.00016696534477747405 0.00015112599787803796
leaf_weight=3.9999999999999991 3.0000000000000062 2.9999999999999991 3.9999999999999982 7.9999999999999991 3.0000000000000053 10.999999999999998 8.9999999999999982 7.0000000000000018 4 3.9999999999999991 4 2.9999999999999991 10.999999999999998 3.9999999999999982 6.9999999999999991 4 2.9999999999999982 4 3 5 3 3 3
leaf_count=4 3 3 4 8 3 11 9 7 4 4 4 3 11 4 7 4 3 4 3 5 3 3 3
internal_value=0.000334216 0.00112506 0.000304778 0.00314907 -0.000834368 0.0011992 -0.00211047 0.00040864 0.00129222 -0.000257286 -0.00120096 -0.00168081 -0.000528586 7.74442e-05 0.0005142 -0.000436256 0.000716189 0.000375264 0.000803085 -0.000606957 0.00231372 -8.75271e-05 3.17209e-05
internal_weight=117 70 58 12 47 46 12 35 11 24 11 20 17 27 18 11 13 7 6 9 7 9 6
internal_count=117 70 58 12 47 46 12 35 11 24 11 20 17 27 18 11 13 7 6 9 7 9 6
cat_boundaries=0 1 2
cat_threshold=1 2
is_linear=0
shrinkage=0.03


Tree=119
num_leaves=22
num_cat=1
split_feature=6 10 10 11 11 10 12 10 10 10 10 11 11 10 10 10 11 11 11 9 9
split_gain=0.137812 0.132971 0.186119 0.0662608 0.0489748 0.0345925 0.02617 0.0410218 0.0153981 0.0317852 0.0170738 0.0134392 0.0836814 0.045265 0.0307568 0.0114627 0.00806506 0.00793368 0.00744971 0.00549778 0.00164647
threshold=0 16124.500000000002 22900.500000000004 3526.9250000000006 7130.1750000000011 17192.000000000004 1.5000000000000002 21832.000000000004 36809.500000000007 33030.500000000007 27660.500000000004 8906.2916666666697 7279.0000000000009 36809.500000000007 27395.000000000004 21832.000000000004 3060.666666666667 10934.875000000002 5944.8333333333348 3.5000000000000004 6.5000000000000009
decision_type=1 2 2 2 2 2 2 2 2 2 2 2 2 2 2 2 2 2 2 2 2
left_child=1 3 5 -1 6 -3 7 16 9 10 15 12 14 -14 18 -6 -2 -10 -4 -13 -16
right_child=4 2 11 -5 8 -7 -8 -9 17 -11 -12 19 13 -15 20 -17 -18 -19 -20 -21 -22
leaf_value=-0.00011403890592711312 -0.00016474456168138053 0.00023763092664571907 -0.00051479249906081397 0.0038858139763275779 -0.00043403148651123021 -0.0025703732630139903 -0.0027617161549054661 -0.0012711908136095319 -0.00098725320106106125 0.0013687032088637351 -0.0011005461535283497 0.00057182114206902346 -0.001828098170021001 0.00061413765698671336 0.0025357142782637052 0.00085413212222712378 0.0011463145195291591 0.00015898498892784118 0.00046653208509087556 0.0022349705267697573 0.00026937805116176603
leaf_weight=3.9999999999999991 3.0000000000000062 2.9999999999999991 3.0000000000000018 7.9999999999999991 3.0000000000000053 8.9999999999999982 2.9999999999999991 10.999999999999998 3.9999999999999982 6.9999999999999991 4 13.000000000000002 6.9999999999999982 5 3.9999999999999991 4 3 5 5 5.9999999999999991 3
leaf_count=4 3 3 3 8 3 9 3 11 4 7 4 13 7 5 4 4 3 5 5 6 3
internal_value=0.000329572 0.00111192 0.000303022 0.00310673 -0.000826279 -0.00207945 -0.00166123 -0.000516096 7.40265e-05 0.000506277 -0.000432962 0.00118488 0.000471405 -0.000993891 0.0015723 0.000371496 0.000797526 -0.000601935 1.69822e-05 0.0016866 0.00229423
internal_weight=117 70 58 12 47 12 20 17 27 18 11 46 27 12 15 7 6 9 8 19 7
internal_count=117 70 58 12 47 12 20 17 27 18 11 46 27 12 15 7 6 9 8 19 7
cat_boundaries=0 1
cat_threshold=1
is_linear=0
shrinkage=0.03


Tree=120
num_leaves=19
num_cat=1
split_feature=11 11 11 10 10 11 10 11 10 10 10 11 10 11 6 10 10 10
split_gain=0.152028 0.136923 0.121464 0.0771779 0.138767 0.0552602 0.0482408 0.0443869 0.0613463 0.0261641 0.0418 0.0162993 0.0139248 0.0136406 0.0195253 0.00788732 0.00378868 0.000739786
threshold=5121.232142857144 2332.9500000000003 10565.250000000002 30455.000000000004 21832.000000000004 7130.1750000000011 26998.500000000004 7807.7500000000009 36809.500000000007 20169.000000000004 15906.000000000002 7530.6833333333343 46222.500000000007 19036.000000000004 0 23573.000000000004 32487.500000000004 44109.000000000007
decision_type=2 2 2 2 2 2 2 2 2 2 2 2 2 2 1 2 2 2
left_child=1 -1 3 4 9 15 -3 -5 -9 10 -2 -7 -10 14 -4 -6 -8 -16
right_child=2 6 13 7 5 11 16 8 12 -11 -12 -13 -14 -15 17 -17 -18 -19
leaf_value=-0.0011216064485219804 -0.0012847756422482998 0.0039502892323902668 0.0020928446588146946 -0.0023093030229210851 0.00018733332650019567 -0.00086745269064392356 -0.0002035561347237 0.0013503182828426361 -0.0017004912665912082 -0.0025124639043441182 0.0010793659942490714 0.00054363275645300739 9.4728346115776466e-05 -5.1970545734677994e-05 -0.00012464436774070441 0.0026426128360132373 0.00057926588333570041 0.00020105658457256282
leaf_weight=3.0000000000000027 3.0000000000000018 11.000000000000002 13 17.000000000000004 3.0000000000000027 3.9999999999999982 2.9999999999999991 4.9999999999999991 4 3 4 6 4 3.9999999999999991 3.0000000000000044 7.9999999999999991 3 3
leaf_count=3 3 11 13 17 3 4 3 5 4 3 4 6 4 4 3 8 3 3
internal_value=0.000608655 0.00244198 -4.11992e-05 -0.000736253 0.000300077 0.00150181 0.00325334 -0.00161443 -9.67785e-05 -0.00171265 -9.35858e-05 -0.000172311 -0.00124893 0.0014667 0.0016941 0.00238106 0.000305264 6.20849e-05
internal_weight=104 20 84 61 31 21 17 30 13 10 7 10 8 23 19 11 6 6
internal_count=104 20 84 61 31 21 17 30 13 10 7 10 8 23 19 11 6 6
cat_boundaries=0 1
cat_threshold=1
is_linear=0
shrinkage=0.03


Tree=121
num_leaves=21
num_cat=1
split_feature=11 11 11 10 10 11 9 11 10 10 11 11 10 11 10 10 10 11 6 10
split_gain=0.147148 0.13373 0.117622 0.073937 0.136108 0.0539723 0.0494282 0.0425542 0.0602069 0.0257141 0.0414504 0.0159844 0.0144647 0.0137039 0.0136871 0.0127664 0.00760331 0.0051258 0.00847959 0.00148065
threshold=5121.232142857144 2332.9500000000003 10565.250000000002 30455.000000000004 21832.000000000004 7130.1750000000011 3.5000000000000004 7807.7500000000009 36809.500000000007 20169.000000000004 5523.8333333333348 7530.6833333333343 43252.500000000007 11086.250000000002 46222.500000000007 17192.000000000004 23573.000000000004 19036.000000000004 0 33030.500000000007
decision_type=2 2 2 2 2 2 2 2 2 2 2 2 2 2 2 2 2 2 1 2
left_child=1 -1 3 4 9 16 -3 -5 -9 10 -2 -7 13 -4 -10 -8 -6 18 19 -15
right_child=2 6 12 7 5 11 15 8 14 -11 -12 -13 -14 17 -16 -17 -18 -19 -20 -21
leaf_value=-0.0011138414534238666 -0.0011929813666003088 0.0045133443474769585 -0.00047558022806277615 -0.0022656828578975462 0.00018603640107008122 -0.00086001735180616377 -0.00028082632101499114 0.0013368150368332863 -0.0016859155999762671 -0.0024950699852063106 0.0011612989810796883 0.00053751690080389375 0.0022281429693102837 0.0014992617873045119 9.3916395146931912e-05 0.0011817615871366702 0.0026073780159155528 -5.1525107451847623e-05 -0.00012378144436157661 0.0002123235296458006
leaf_weight=3.0000000000000027 4.0000000000000018 5.0000000000000027 3.0000000000000062 17.000000000000004 3.0000000000000027 3.9999999999999982 2.9999999999999991 4.9999999999999991 4 3 3 6 4.9999999999999991 2.9999999999999938 4 8.9999999999999982 7.9999999999999991 3.9999999999999991 3.0000000000000044 5
leaf_count=3 4 5 3 17 3 4 3 5 4 3 3 6 5 3 4 9 8 4 3 5
internal_value=0.000597093 0.00240077 -4.20671e-05 -0.000725897 0.000289525 0.00148101 0.00320381 -0.00158523 -9.72071e-05 -0.00170204 -9.44031e-05 -0.000171999 0.00144195 0.000505793 -0.00123822 0.000854669 0.00235006 0.00081379 0.00100315 0.00125974
internal_weight=104 20 84 61 31 21 17 30 13 10 7 10 23 18 8 12 11 15 11 8
internal_count=104 20 84 61 31 21 17 30 13 10 7 10 23 18 8 12 11 15 11 8
cat_boundaries=0 1
cat_threshold=1
is_linear=0
shrinkage=0.03


Tree=122
num_leaves=20
num_cat=0
split_feature=11 11 11 10 10 11 9 11 10 10 10 11 10 11 10 10 10 11 10
split_gain=0.143213 0.131226 0.115008 0.070938 0.133273 0.0527151 0.0489913 0.0407941 0.0590888 0.025457 0.0414358 0.0156755 0.0141048 0.0135089 0.0134535 0.0124723 0.00732836 0.00504871 0.000519438
threshold=5121.232142857144 2332.9500000000003 10565.250000000002 30455.000000000004 21832.000000000004 7130.1750000000011 3.5000000000000004 7807.7500000000009 36809.500000000007 20169.000000000004 15906.000000000002 7530.6833333333343 43252.500000000007 11086.250000000002 46222.500000000007 17192.000000000004 23573.000000000004 19036.000000000004 15906.000000000002
decision_type=2 2 2 2 2 2 2 2 2 2 2 2 2 2 2 2 2 2 2
left_child=1 -1 3 4 9 16 -3 -5 -9 10 -2 -7 13 -4 -10 -8 -6 18 -15
right_child=2 6 12 7 5 11 15 8 14 -11 -12 -13 -14 17 -16 -17 -18 -19 -20
leaf_value=-0.0011061302572488783 -0.0012784877190223103 0.0044682106971740713 -0.00047228777351287669 -0.0022228866443037981 0.00018474848511127319 -0.00085264579526015685 -0.00027888213212673478 0.0013234469033777713 -0.0016714649115289958 -0.0024777963528266316 0.0010752949757235389 0.00053146981168538331 0.0022058615386486053 0.00010807228776124806 9.3111405149102212e-05 0.0011649681000333084 0.002572613041847944 -5.1083468965121672e-05 0.0010836397258875269
leaf_weight=3.0000000000000027 3.0000000000000018 5.0000000000000027 3.0000000000000062 17.000000000000004 3.0000000000000027 3.9999999999999982 2.9999999999999991 4.9999999999999991 4 3 4 6 4.9999999999999991 2.9999999999999991 4 8.9999999999999982 7.9999999999999991 3.9999999999999991 7.9999999999999991
leaf_count=3 3 5 3 17 3 4 3 5 4 3 4 6 5 3 4 9 8 4 8
internal_value=0.000592372 0.00237175 -3.85323e-05 -0.000715007 0.000280431 0.00146049 0.00316786 -0.00155658 -9.76194e-05 -0.00168888 -9.213e-05 -0.000171676 0.00142859 0.000501984 -0.00122761 0.000841315 0.00231947 0.000807811 0.000995736
internal_weight=104 20 84 61 31 21 17 30 13 10 7 10 23 18 8 12 11 15 11
internal_count=104 20 84 61 31 21 17 30 13 10 7 10 23 18 8 12 11 15 11
is_linear=0
shrinkage=0.03


Tree=123
num_leaves=19
num_cat=2
split_feature=10 11 10 6 6 12 10 10 11 11 11 10 10 10 11 11 11 11
split_gain=0.133309 0.0860373 0.323997 0.0810415 0.0785547 0.0318349 0.0220169 0.146111 0.041921 0.013437 0.0109325 0.00887821 0.0148988 0.0171834 0.0291367 0.020558 0.0115638 0.00195092
threshold=21832.000000000004 5258.3000000000011 9509.5000000000018 0 1 1.5000000000000002 30455.000000000004 36809.500000000007 10565.250000000002 7279.0000000000009 11086.250000000002 27660.500000000004 31231.000000000004 36454.000000000007 7130.1750000000011 7530.6833333333343 10934.875000000002 6281.5178571428578
decision_type=2 2 2 1 1 2 2 2 2 2 2 2 2 2 2 2 2 2
left_child=1 2 -1 -3 5 6 -2 9 -9 -8 -11 -6 -13 14 -14 17 -17 -15
right_child=4 3 -4 -5 11 -7 7 8 -10 10 -12 12 13 15 -16 16 -18 -19
leaf_value=-0.0033605314365455076 0.0024570834869518873 -0.0033188590519130229 0.0025357705141816822 0.00045232164141322884 0.00045590412731354055 -0.00030382414348423476 0.00019792974860008267 -3.0724672334534779e-05 0.0033763938929353438 -0.0016921615786850452 -2.7722315862774849e-05 -0.001240182891488075 -0.00065174117152179975 0.00056362868215029051 0.0012811417970806361 -0.0016240521806936998 6.6962238135082386e-05 -6.4130651631525578e-05
leaf_weight=4.0000000000000027 13.999999999999998 9.9999999999999982 10.999999999999998 3.9999999999999991 2.9999999999999991 4.9999999999999991 4.0000000000000027 4 4 5.9999999999999982 5 5.0000000000000027 4.0000000000000018 2.9999999999999982 7 3 4 4
leaf_count=4 14 10 11 4 3 5 4 4 4 6 5 5 4 3 7 3 4 4
internal_value=7.82882e-05 -0.00138054 0.00024815 -0.00250186 0.000738421 0.00147178 0.00172532 0.000670302 0.00260219 -0.000988776 -0.00130907 -0.000320159 -0.000492339 -3.11665e-05 0.000602621 -0.000572744 -0.00118678 0.000378197
internal_weight=104 29 15 14 75 42 37 23 8 15 11 33 30 25 11 14 7 7
internal_count=104 29 15 14 75 42 37 23 8 15 11 33 30 25 11 14 7 7
cat_boundaries=0 1 2
cat_threshold=1 1
is_linear=0
shrinkage=0.03


Tree=124
num_leaves=18
num_cat=3
split_feature=10 6 9 10 10 9 12 9 10 10 10 9 9 6 5 9 10
split_gain=0.130136 0.076653 0.0433052 0.0561722 0.102565 0.0330532 0.0463395 0.0219212 0.0087732 0.0144941 0.0168022 0.0178079 0.00935209 0.00724642 0.00620606 0.00395968 0.000896094
threshold=21832.000000000004 0 1.5000000000000002 12575.500000000002 16124.500000000002 3.5000000000000004 1.5000000000000002 6.5000000000000009 27660.500000000004 31231.000000000004 36454.000000000007 6.5000000000000009 6.5000000000000009 1 2 3.5000000000000004 33030.500000000007
decision_type=2 1 2 2 2 2 2 2 2 2 2 2 2 1 1 2 2
left_child=2 5 13 -4 -5 16 7 -7 -3 -10 11 -11 14 -1 -12 -6 -2
right_child=1 8 3 4 15 6 -8 -9 9 10 12 -13 -14 -15 -16 -17 -18
leaf_value=0.00079716802789614721 -0.00021071895823947021 0.00045274786364573694 -0.0030389483623644879 0.0015656461939215661 -0.0019725595116615296 0.0024136197287589309 -0.00042037370415138345 1.8578296793358665e-05 -0.0012277810871601101 0.0010570437887993949 -0.0011013913099818372 -0.00050481426028104923 0.00026902988286955015 -0.00028364832942875533 0.00010049757476036362 -0.00025391203165054321 0.00012136586563428863
leaf_weight=3.0000000000000027 3.9999999999999982 2.9999999999999991 7.0000000000000027 5.9999999999999991 4.9999999999999982 24.000000000000004 3.9999999999999991 3.9999999999999991 5.0000000000000027 8.0000000000000018 6.9999999999999956 2.9999999999999991 3.9999999999999991 3 3.0000000000000027 5 6
leaf_count=3 4 3 7 6 5 24 4 4 5 8 7 3 4 3 3 5 6
internal_value=7.35006e-05 0.000726025 -0.00136752 -0.00181845 -0.000321028 0.00145057 0.00181995 0.0021664 -0.000319013 -0.000490082 -3.39018e-05 0.000593533 -0.000568782 0.000417235 -0.000870859 -0.00166985 -5.04106e-05
internal_weight=104 75 29 23 16 42 32 28 33 30 25 11 14 6 10 10 10
internal_count=104 75 29 23 16 42 32 28 33 30 25 11 14 6 10 10 10
cat_boundaries=0 1 2 3
cat_threshold=1 1 2
is_linear=0
shrinkage=0.03


Tree=125
num_leaves=19
num_cat=1
split_feature=10 11 10 9 6 9 11 11 11 10 10 10 10 11 11 11 11 10
split_gain=0.125845 0.0819574 0.314467 0.154884 0.0736768 0.0316696 0.0462974 0.147175 0.0295815 0.013698 0.00864076 0.0141754 0.01629 0.0281481 0.0202525 0.0113706 0.00182419 0.000878831
threshold=21832.000000000004 5258.3000000000011 9509.5000000000018 1.5000000000000002 0 3.5000000000000004 10565.250000000002 7636.7380952380963 4626.2261904761917 35181.500000000007 27660.500000000004 31231.000000000004 36454.000000000007 7130.1750000000011 7530.6833333333343 10934.875000000002 6281.5178571428578 33030.500000000007
decision_type=2 2 2 2 1 2 2 2 2 2 2 2 2 2 2 2 2 2
left_child=1 2 -1 -3 5 17 7 8 -7 -10 -6 -12 13 -13 16 -16 -14 -2
right_child=4 3 -4 -5 10 6 -8 -9 9 -11 11 12 14 -15 15 -17 -18 -19
leaf_value=-0.0033138989657163611 -0.00020891279780438967 0.00087499643675982943 0.0024948731064796449 -0.003779562025478011 0.00044961345310394582 -0.00022846194987113648 0.0034071994515565726 -0.0014819525907698431 0.0025224066153168674 8.0315301624628221e-05 -0.0012155032455921169 -0.00064517467681850693 0.00055786414215197924 0.0012522583773277481 -0.0016051837343436022 6.8102348595857617e-05 -5.7077092517699511e-05 0.00012000051036011427
leaf_weight=4.0000000000000027 3.9999999999999982 4.9999999999999991 10.999999999999998 8.9999999999999982 2.9999999999999991 3.0000000000000062 2.9999999999999991 8.9999999999999982 14.000000000000002 2.9999999999999991 5.0000000000000027 4.0000000000000018 2.9999999999999982 7 3 4 4 6
leaf_count=4 4 5 11 9 3 3 3 9 14 3 5 4 3 7 3 4 4 6
internal_value=6.54576e-05 -0.001351 0.00023991 -0.00244528 0.000707661 0.00141815 0.00177972 0.000780891 0.00195373 0.00228081 -0.000316103 -0.000485935 -3.44244e-05 0.000583617 -0.000560867 -0.00117141 0.000379597 -5.02386e-05
internal_weight=104 29 15 14 75 42 32 29 20 17 33 30 25 11 14 7 7 10
internal_count=104 29 15 14 75 42 32 29 20 17 33 30 25 11 14 7 7 10
cat_boundaries=0 1
cat_threshold=1
is_linear=0
shrinkage=0.03


end of trees

feature_importances:
odometer_reading=688
km_per_year=641
vehicle_age=219
transmission=112
fuel_type=99
owner_count=33

parameters:
[boosting: gbdt]
[objective: regression]
[metric: rmse]
[tree_learner: serial]
[device_type: cpu]
[data_sample_strategy: bagging]
[data: ]
[valid: ]
[num_iterations: 3000]
[learning_rate: 0.03]
[num_leaves: 24]
[num_threads: 0]
[seed: 42]
[deterministic: 0]
[force_col_wise: 0]
[force_row_wise: 0]
[histogram_pool_size: -1]
[max_depth: -1]
[min_data_in_leaf: 3]
[min_sum_hessian_in_leaf: 0.001]
[bagging_fraction: 0.8]
[pos_bagging_fraction: 1]
[neg_bagging_fraction: 1]
[bagging_freq: 3]
[bagging_seed: 400]
[bagging_by_query: 0]
[feature_fraction: 0.8]
[feature_fraction_bynode: 1]
[feature_fraction_seed: 30056]
[extra_trees: 0]
[extra_seed: 12879]
[early_stopping_round: 0]
[early_stopping_min_delta: 0]
[first_metric_only: 0]
[max_delta_step: 0]
[lambda_l1: 0]
[lambda_l2: 10]
[linear_lambda: 0]
[min_gain_to_split: 0]
[drop_rate: 0.1]
[max_drop: 50]
[skip_drop: 0.5]
[xgboost_dart_mode: 0]
[uniform_drop: 0]
[drop_seed: 17869]
[top_rate: 0.2]
[other_rate: 0.1]
[min_data_per_group: 100]
[max_cat_threshold: 32]
[cat_l2: 10]
[cat_smooth: 10]
[max_cat_to_onehot: 4]
[top_k: 20]
[monotone_constraints: ]
[monotone_constraints_method: basic]
[monotone_penalty: 0]
[feature_contri: ]
[forcedsplits_filename: ]
[refit_decay_rate: 0.9]
[cegb_tradeoff: 1]
[cegb_penalty_split: 0]
[cegb_penalty_feature_lazy: ]
[cegb_penalty_feature_coupled: ]
[path_smooth: 0]
[interaction_constraints: ]
[verbosity: -1]
[saved_feature_importance_type: 0]
[use_quantized_grad: 0]
[num_grad_quant_bins: 4]
[quant_train_renew_leaf: 0]
[stochastic_rounding: 1]
[linear_tree: 0]
[max_bin: 255]
[max_bin_by_feature: ]
[min_data_in_bin: 3]
[bin_construct_sample_cnt: 200000]
[data_random_seed: 175]
[is_enable_sparse: 1]
[enable_bundle: 1]
[use_missing: 1]
[zero_as_missing: 0]
[feature_pre_filter: 1]
[pre_partition: 0]
[two_round: 0]
[header: 0]
[label_column: ]
[weight_column: ]
[group_column: ]
[ignore_column: ]
[categorical_feature: 0,1,2,3,4,5,6,7,8]
[forcedbins_filename: ]
[precise_float_parser: 0]
[parser_config_file: ]
[objective_seed: 16083]
[num_class: 1]
[is_unbalance: 0]
[scale_pos_weight: 1]
[sigmoid: 1]
[boost_from_average: 1]
[reg_sqrt: 0]
[alpha: 0.9]
[fair_c: 1]
[poisson_max_delta_step: 0.7]
[tweedie_variance_power: 1.5]
[lambdarank_truncation_level: 30]
[lambdarank_norm: 1]
[label_gain: ]
[lambdarank_position_bias_regularization: 0]
[eval_at: ]
[multi_error_top_k: 1]
[auc_mu_weights: ]
[num_machines: 1]
[local_listen_port: 12400]
[time_out: 120]
[machine_list_filename: ]
[machines: ]
[gpu_platform_id: -1]
[gpu_device_id: -1]
[gpu_use_dp: 0]
[num_gpu: 1]

end of parameters

pandas_categorical:[["audi", "bmw", "ford", "honda", "hyundai", "jeep", "kia", "mahindra", "maruti suzuki", "mercedes-benz", "mg", "renault", "skoda", "tata", "toyota", "volkswagen"], ["alcazar", "altroz", "amaze", "astor", "aura", "baleno", "brezza", "c class", "carens", "carnival", "celerio", "compass", "creta", "ecosport", "elevate", "ertiga", "freestyle", "fronx", "glanza", "grand i10 nios", "grand vitara", "harrier", "hector", "i20", "i20 n line", "innova hycross", "kushaq", "kwid", "kylaq", "nexon", "octavia", "polo", "q3 sportback", "q5", "safari", "santro", "seltos", "slavia", "sonet", "superb", "taigun", "thar", "tiago", "tucson", "urban cruiser hyryder", "venue", "virtus", "x1", "xl6", "xuv300", "xuv700"], ["1 4 turbo gdi dct sx o", "10 highline plus tsi", "10 signaturetsi at", "10 turbo gdi sx mt", "11 corporate amt 2021regd", "12 amt kappa sportz", "12 kappa s amt", "12 titanium mt", "12 xma rtn", "15 6mt prestige plus 7", "15 crdi ex mt", "15 gt plus tsi dsg", "15 gtx plus at", "15 htx plus mt", "15 mpi ivt sx", "15 mpi sx mt", "15 prestige exe 7s mt", "15 sharp cvt", "15 style tsi at", "15 titanium se sunroof", "16 vtvt sx at", "20 lk tsi at", "20 platinum at", "220turbo 6at savvyred", "40 tfsi q", "45 tfsi q tech", "7s a bs6 p2 d acc", "alpha ags", "alpha mt", "aplha ags", "ax5 mt 7s", "ax5 pet at 5 seater", "ax7 7s", "ax7 7s at", "c200 at", "d 22 8 at limousine 7", "dca xz plus 12 p fixed", "dca xz plus sunroof", "delta ags", "delta plus ags", "e mt", "g 10 turbo 7dct gtx", "g 14 7dct gtx plus", "g 15 6 mt htx", "g 15 6mt htx", "g 15 htk o", "g 15 htx ivt", "g mt", "g15 6 mt htk", "gasoline w6 mt", "gt plus 15 tsi dsg", "gt tsi at", "highline 10 tsi at", "hybrid zx opt7s", "limited mair ddct", "limited o 44 at", "limited o at", "limited plus 44 at", "limousine 7s at", "lk 20 tsi at", "lx 4wd ht", "lx d at 4wd 4s ht", "n8 10 turbo dct dt", "new new sportz mt", "rde vx cvt", "rxlo mt 10 sce", "s 02 14 mair ddct", "s drive20i x line", "savvy pro cvt", "sharp dct", "sharp mt", "sharp pro", "smart hybrid alpha at", "smart hybrid zeta mt", "sportz 12 amt", "sportz 12 kappa", "sportz ivt", "strong hybrid alpha plus at", "style 10 tsi at", "style 10 tsi mt", "style 15 tsi mt", "sx crdi at", "sx executive", "topline 10 tsi at", "vti tech cvt savvy red", "vx mt", "vxi mt", "xma s", "xt mt", "xz 12 rtn", "xza plus 20 kryotec", "zs vti tech savvy cvt", "zs vti tech style mt", "zxi ags", "zxi plus smart hybrid"], ["bangalore"], ["ka-01", "ka-02", "ka-03", "ka-04", "ka-05", "ka-09", "ka-19", "ka-32", "ka-34", "ka-35", "ka-41", "ka-50", "ka-51", "ka-52", "ka-53", "ka-55"], ["diesel", "petrol"], ["automatic", "manual"], ["s5"], ["black", "maroon", "red", "white"]]
