tree
version=v4
num_class=1
num_tree_per_iteration=1
label_index=0
max_feature_idx=18
objective=regression
feature_names=brand model variant city rto_state color segment_class fuel_type transmission vehicle_age odometer_reading km_per_year owner_count ownership_trust_score vehicle_health_score inspected high_mileage luxury_brand has_list_price
feature_infos=[0:30] [0:275] [0:1938] [0:2] [0:30] [0:16] [0:2] [0:4] [0:3] [0:26] [537:346845] [90.909999999999997:67207.330000000002] [1:6] [0.35120000000000001:0.99980000000000002] [0.49059999999999998:0.99960000000000004] [0:1] [0:1] [0:1] [0:1]
tree_sizes=10799 11506 11585 11510 11524 11651 11609 11534 11564 11533 11556 11598 11541 11543 11595 11629 11564 11599 11568 11585 11594 11585 11593 11575 11667 11606 11653 11651 11641 11627 11651 11687 11663 11615 11664 11675 11662 11669 11667 11672 11656 11657 11644 11662 11675 11708 11657 11679 11689 11727 11714 11726 11751 11718 11720 11774 11696 11763 11697 11770 11659 11714 11721 11735 11739 11751 11787 11733 11780 11772

Tree=0
num_leaves=127
num_cat=0
split_feature=9 9 9 17 7 9 0 7 0 1 9 17 1 17 0 0 0 1 9 1 1 9 0 17 1 1 1 2 0 1 1 8 1 1 1 0 1 2 1 2 1 1 1 1 0 1 1 2 2 2 0 0 1 0 1 9 1 8 1 8 0 1 1 2 1 1 1 1 1 1 1 7 1 8 13 0 0 1 1 1 1 7 2 0 1 1 8 0 1 1 1 1 2 2 13 7 9 1 1 1 1 1 11 1 7 0 2 13 2 1 1 1 11 0 1 0 1 11 8 1 0 13 1 1 9 2
split_gain=19433.8 3430.69 2140.46 1621.74 937.756 816.637 786.081 533.215 454.253 362.774 337.863 316.517 286.04 266.89 283.497 255.92 317.56 244.264 230.721 221.276 218.598 211.579 196.88 193.107 173.728 155.152 310.802 130.328 211.374 128.844 112.52 110.484 99.5026 97.5012 106.141 96.457 94.4903 92.7877 88.886 87.5279 86.5812 91.708 246.385 184.907 83.4161 80.8074 76.4615 72.7742 72.1066 94.8247 94.1893 71.7141 100.114 166.827 67.8224 65.8941 64.7841 63.7898 62.5161 61.5354 57.9492 61.5299 63.999 57.443 56.9409 57.0602 56.2511 56.2409 55.7407 54.557 52.8885 52.8605 51.8815 51.7715 51.3174 49.4786 48.2005 48.0495 43.0238 94.4248 42.4711 42.1809 41.6909 41.0992 40.8014 40.3271 39.9006 38.694 38.5959 38.0971 37.8176 43.753 36.6485 47.2577 36.4579 36.1461 35.6573 35.5001 35.2741 78.2112 35.1978 34.7922 35.0819 33.9757 32.8343 32.8056 34.5091 32.7468 31.8159 31.131 31.0382 82.6736 77.7459 30.2697 29.7299 28.5943 28.3131 28.0988 27.2824 27.1094 26.9045 26.8264 26.4343 33.5657 43.5778 26.3968
threshold=8.5000000000000018 12.500000000000002 5.5000000000000009 1.0000000180025095e-35 1.5000000000000002 14.500000000000002 16.500000000000004 3.5000000000000004 25.500000000000004 137.50000000000003 10.500000000000002 1.0000000180025095e-35 77.500000000000014 1.0000000180025095e-35 10.500000000000002 6.5000000000000009 15.500000000000002 75.500000000000014 18.500000000000004 83.500000000000014 16.500000000000004 10.500000000000002 7.5000000000000009 1.0000000180025095e-35 19.500000000000004 208.50000000000003 74.500000000000014 929.50000000000011 26.500000000000004 267.50000000000006 35.500000000000007 1.5000000000000002 16.500000000000004 233.50000000000003 165.50000000000003 14.500000000000002 247.50000000000003 1128.5000000000002 212.50000000000003 1530.5000000000002 15.500000000000002 118.50000000000001 153.50000000000003 77.500000000000014 27.500000000000004 241.50000000000003 56.500000000000007 518.50000000000011 324.50000000000006 1542.5000000000002 27.500000000000004 6.5000000000000009 167.50000000000003 24.500000000000004 43.500000000000007 7.5000000000000009 77.500000000000014 1.5000000000000002 48.500000000000007 1.5000000000000002 27.500000000000004 225.50000000000003 197.50000000000003 1578.5000000000002 118.50000000000001 130.50000000000003 194.50000000000003 256.50000000000006 266.50000000000006 42.500000000000007 153.50000000000003 3.5000000000000004 69.500000000000014 1.5000000000000002 0.96955000000000013 15.500000000000002 6.5000000000000009 103.50000000000001 75.500000000000014 107.50000000000001 16.500000000000004 3.5000000000000004 656.50000000000011 16.500000000000004 266.50000000000006 205.50000000000003 1.5000000000000002 17.500000000000004 38.500000000000007 48.500000000000007 101.50000000000001 167.50000000000003 58.500000000000007 305.50000000000006 0.95425000000000015 3.5000000000000004 14.500000000000002 116.50000000000001 86.500000000000014 40.500000000000007 34.500000000000007 266.50000000000006 4591.2900000000009 129.50000000000003 1.0000000180025095e-35 27.500000000000004 1894.5000000000002 0.95625000000000016 970.50000000000011 87.500000000000014 120.50000000000001 176.50000000000003 10857.250000000002 7.5000000000000009 178.50000000000003 26.500000000000004 176.50000000000003 5345.5250000000005 1.5000000000000002 116.50000000000001 5.5000000000000009 0.92015000000000013 271.50000000000006 191.50000000000003 15.500000000000002 93.500000000000014
decision_type=2 2 2 2 2 2 2 2 2 2 2 2 2 2 2 2 2 2 2 2 2 2 2 2 2 2 2 2 2 2 2 2 2 2 2 2 2 2 2 2 2 2 2 2 2 2 2 2 2 2 2 2 2 2 2 2 2 2 2 2 2 2 2 2 2 2 2 2 2 2 2 2 2 2 2 2 2 2 2 2 2 2 2 2 2 2 2 2 2 2 2 2 2 2 2 2 2 2 2 2 2 2 2 2 2 2 2 2 2 2 2 2 2 2 2 2 2 2 2 2 2 2 2 2 2 2
left_child=2 4 6 5 11 22 13 23 9 12 17 21 24 14 19 -9 25 20 44 46 -6 84 98 55 -8 26 58 78 30 38 -29 60 -24 34 97 72 37 -11 69 -30 -18 43 -43 -42 57 -27 80 -46 50 59 -34 -19 53 56 87 104 -53 71 -17 83 61 62 114 86 77 -66 -44 105 120 -16 -51 -7 -22 -40 90 -72 -32 -14 125 -80 -1 -78 -28 -50 -2 110 -54 100 -82 -59 -33 95 -91 -94 -39 -92 -5 -21 99 -3 -26 102 -57 -62 -4 106 -68 -35 -87 -58 119 112 -112 -60 -10 -86 -49 -85 -71 -61 -23 -115 123 -95 -125 -12
right_child=1 3 7 96 10 18 8 15 31 36 27 -13 64 -15 29 16 40 51 -20 33 35 68 32 -25 54 45 82 28 39 -31 76 74 48 107 -36 -37 -38 94 73 -41 41 42 66 -45 47 -47 -48 116 49 70 -52 52 63 -55 -56 101 109 89 113 85 103 -63 -64 -65 65 -67 67 -69 -70 118 75 -73 -74 -75 -76 -77 81 -79 79 -81 88 -83 -84 117 115 108 -88 -89 -90 92 91 -93 93 122 -96 -97 -98 -99 -100 -101 -102 -103 -104 -105 -106 -107 -108 -109 -110 -111 111 -113 -114 121 -116 -117 -118 -119 -120 -121 -122 -123 -124 124 -126 -127
leaf_value=13.19317762874589 13.157706007190724 13.104523649089646 13.150831188154317 13.175055633654335 13.128542260278905 13.141788932197882 13.144648494433948 13.121845503177589 13.180335817029761 13.15004085138913 13.137984036381438 13.190406115833069 13.178264652271356 13.2361728980287 13.174314843673248 13.155749092672581 13.133758407108195 13.11760658724968 13.097739003380086 13.16267067678573 13.161703508418798 13.119081050936227 13.117715512129665 13.214924981527115 13.166846544224107 13.178947785771095 13.15734768885561 13.120041470967095 13.104164997815761 13.202257606845478 13.110293494661745 13.159490983556406 13.135986298713071 13.172782102605462 13.141249855246663 13.14669182244849 13.173864025839297 13.156331609558922 13.185625288535578 13.131217551165776 13.153847250622379 13.134951644930984 13.161792126935069 13.176430469972297 13.157063418087164 13.164720784279378 13.19151105083208 13.130196600356291 13.129810037596181 13.149151923960924 13.17146186666284 13.123263025961982 13.164322258823963 13.124876746030807 13.161971160386328 13.140182331016483 13.158286015025283 13.102631719728457 13.165606835066924 13.123540845630817 13.169079722885524 13.162180135589557 13.195684228929359 13.140258547336034 13.15578597006459 13.194860517097487 13.147321080016356 13.177689100334158 13.158979234633296 13.196145680266929 13.147605333038795 13.11742484808917 13.151532832187248 13.176152887041319 13.18150023505493 13.130981995325063 13.10248942918475 13.19168555177473 13.117745828738062 13.140662768762017 13.163246239251292 13.137099954205491 13.148255307406611 13.123246844290733 13.171881081815323 13.136117039993 13.148022274206401 13.185667218618299 13.180171979449611 13.093616304950499 13.198809195718953 13.169628807200226 13.126194019841357 13.109898657234787 13.163800617507476 13.175702247934685 13.161146681367189 13.172213711322753 13.112775566188157 13.13354682629258 13.178960459603992 13.18041575281546 13.164451417280153 13.192456970940842 13.174493927872131 13.166003820284708 13.157380684274248 13.18354436328333 13.114605681390417 13.141894274509362 13.090611333418165 13.12419044246524 13.14848572424269 13.170746013690716 13.169229395983489 13.139362789163808 13.112974376507825 13.155769507412094 13.188223641591337 13.132191538280292 13.145645535089706 13.181570971249631 13.092519388813335 13.122705659571745 13.11020477650402 13.149986154490238
leaf_weight=218 4236 222 97 696 718 211 541 336 2110 1990 424 382 692 142 351 458 386 242 1522 1133 1622 62 976 152 1097 1115 1233 799 588 734 113 458 1493 1103 263 2995 594 1873 1673 285 3509 1366 1188 695 114 1500 1329 337 399 408 130 293 323 1430 1314 99 198 617 796 2298 113 323 391 1319 202 85 2373 128 536 1080 338 443 1587 2076 793 1907 57 1128 336 2010 358 5126 2333 52 517 764 937 354 546 149 151 2555 451 2375 2373 390 514 1395 1384 452 593 211 2404 883 2601 209 708 773 129 2825 244 871 44 884 475 47 283 230 2011 782 3787 631 104 1011 807 954
leaf_count=218 4236 222 97 696 718 211 541 336 2110 1990 424 382 692 142 351 458 386 242 1522 1133 1622 62 976 152 1097 1115 1233 799 588 734 113 458 1493 1103 263 2995 594 1873 1673 285 3509 1366 1188 695 114 1500 1329 337 399 408 130 293 323 1430 1314 99 198 617 796 2298 113 323 391 1319 202 85 2373 128 536 1080 338 443 1587 2076 793 1907 57 1128 336 2010 358 5126 2333 52 517 764 937 354 546 149 151 2555 451 2375 2373 390 514 1395 1384 452 593 211 2404 883 2601 209 708 773 129 2825 244 871 44 884 475 47 283 230 2011 782 3787 631 104 1011 807 954
internal_value=13.1529 13.1362 13.1684 13.1241 13.1441 13.1216 13.1746 13.1595 13.1697 13.1649 13.14 13.1547 13.1721 13.1816 13.1811 13.1565 13.157 13.144 13.1118 13.1753 13.1494 13.1533 13.1278 13.1705 13.1657 13.1626 13.1592 13.1346 13.1314 13.1863 13.134 13.1768 13.1299 13.1702 13.1654 13.1519 13.1586 13.1572 13.1846 13.113 13.1524 13.1531 13.1499 13.1576 13.115 13.1708 13.185 13.1277 13.1311 13.1296 13.1388 13.139 13.1397 13.1363 13.1691 13.1692 13.1412 13.1134 13.1693 13.1268 13.1813 13.1788 13.1806 13.1461 13.184 13.1674 13.1543 13.1517 13.1469 13.1893 13.1359 13.1253 13.1567 13.1804 13.1723 13.1335 13.1362 13.1866 13.1407 13.1374 13.1773 13.1367 13.1514 13.1381 13.1591 13.1253 13.1522 13.1736 13.1735 13.112 13.1702 13.1718 13.1132 13.1138 13.1605 13.1822 13.1692 13.1679 13.1164 13.124 13.1711 13.1648 13.1635 13.1898 13.1736 13.1507 13.1496 13.1772 13.133 13.143 13.1236 13.118 13.0994 13.1719 13.1783 13.1692 13.1223 13.1498 13.191 13.1257 13.1452 13.1753 13.1125 13.113 13.1172 13.1463
internal_weight=119580 57505 62075 22757 34748 21547 36663 25412 21478 12836 25181 9567 6006 15185 15043 19848 19512 14489 8424 7118 6922 9185 13123 5564 3899 8950 6335 10692 6968 7925 6095 8642 11065 4667 2791 6204 6830 6236 7191 873 10562 10176 5972 4204 6902 2615 2451 734 10089 8466 1623 7567 7325 4746 3358 5412 3316 6168 2769 5813 4295 3299 2976 2579 2107 287 4606 3418 4385 3442 2653 654 3209 3749 4347 2245 5296 1820 3724 2346 1122 5183 3566 681 4800 5132 1260 2044 904 5514 3554 3096 4897 4748 4246 541 1210 2528 2058 674 1690 2714 2503 996 2698 3290 3081 1876 893 3023 4239 1159 288 2311 2585 564 620 282 3091 3080 3849 1515 4297 4193 1818 1378
internal_count=119580 57505 62075 22757 34748 21547 36663 25412 21478 12836 25181 9567 6006 15185 15043 19848 19512 14489 8424 7118 6922 9185 13123 5564 3899 8950 6335 10692 6968 7925 6095 8642 11065 4667 2791 6204 6830 6236 7191 873 10562 10176 5972 4204 6902 2615 2451 734 10089 8466 1623 7567 7325 4746 3358 5412 3316 6168 2769 5813 4295 3299 2976 2579 2107 287 4606 3418 4385 3442 2653 654 3209 3749 4347 2245 5296 1820 3724 2346 1122 5183 3566 681 4800 5132 1260 2044 904 5514 3554 3096 4897 4748 4246 541 1210 2528 2058 674 1690 2714 2503 996 2698 3290 3081 1876 893 3023 4239 1159 288 2311 2585 564 620 282 3091 3080 3849 1515 4297 4193 1818 1378
is_linear=0
shrinkage=1


Tree=1
num_leaves=127
num_cat=0
split_feature=9 9 9 17 7 9 0 7 0 9 17 17 0 0 0 0 9 9 0 17 2 0 0 0 0 2 0 2 8 8 2 2 2 2 2 0 2 2 8 9 2 0 2 2 0 4 2 2 2 9 2 0 0 7 0 2 2 2 2 8 9 2 2 0 0 2 2 2 8 2 0 9 4 0 2 2 7 2 2 8 2 7 9 2 2 0 8 7 9 2 7 0 2 0 0 7 2 0 2 7 2 2 2 2 7 2 2 0 7 0 0 2 2 0 9 9 2 2 9 9 9 2 2 2 2 2
split_gain=17910.6 3161.79 1972.69 1494.64 864.258 752.618 724.497 491.412 418.116 311.382 291.708 245.937 261.863 235.863 292.668 219.31 214.185 194.992 181.442 177.977 156.135 173.618 136.995 140.254 131.084 120.108 194.805 110.242 107.635 101.819 92.3983 101.834 99.0655 87.6168 86.8803 86.8107 80.6581 80.5478 79.4547 77.9363 76.1448 71.4241 68.9851 113.767 67.4457 72.8305 65.6078 63.0105 61.5816 60.7239 54.9875 54.8077 53.4018 51.4887 74.1056 50.9885 95.6543 88.1921 79.6385 48.9217 48.845 54.2408 48.1661 46.8913 44.7297 42.8577 71.7308 56.0834 42.6684 41.1584 61.7873 40.9967 40.1801 39.6957 39.3691 38.7848 37.9167 36.6638 151.044 53.5934 41.2097 34.5535 34.034 33.9097 53.0866 43.2803 33.3828 33.1199 32.859 32.6777 32.294 32.2287 32.103 32.0813 31.8974 31.7512 31.5558 31.0111 30.5876 30.2643 29.9076 29.4131 28.9328 28.2699 28.2098 28.0044 35.879 27.8193 27.5223 26.7058 26.687 26.4553 26.3528 26.2508 25.5164 25.4097 24.3383 42.3931 30.3454 23.8483 23.6208 23.5885 23.429 23.4118 37.6565 35.3757
threshold=8.5000000000000018 12.500000000000002 5.5000000000000009 1.0000000180025095e-35 1.5000000000000002 14.500000000000002 15.500000000000002 3.5000000000000004 25.500000000000004 10.500000000000002 1.0000000180025095e-35 1.0000000180025095e-35 10.500000000000002 6.5000000000000009 15.500000000000002 24.500000000000004 17.500000000000004 10.500000000000002 7.5000000000000009 1.0000000180025095e-35 1315.5000000000002 17.500000000000004 14.500000000000002 6.5000000000000009 10.500000000000002 929.50000000000011 26.500000000000004 1736.5000000000002 1.5000000000000002 1.5000000000000002 1338.5000000000002 1366.5000000000002 1285.5000000000002 1141.5000000000002 324.50000000000006 27.500000000000004 1530.5000000000002 1338.5000000000002 1.5000000000000002 7.5000000000000009 1598.5000000000002 14.500000000000002 873.50000000000011 1781.5000000000002 27.500000000000004 14.500000000000002 518.50000000000011 656.50000000000011 1449.5000000000002 7.5000000000000009 706.50000000000011 6.5000000000000009 27.500000000000004 1.5000000000000002 26.500000000000004 1141.5000000000002 1507.5000000000002 1176.5000000000002 1115.5000000000002 1.5000000000000002 4.5000000000000009 305.50000000000006 1351.5000000000002 23.500000000000004 19.500000000000004 1338.5000000000002 656.50000000000011 1449.5000000000002 1.5000000000000002 415.50000000000006 27.500000000000004 2.5000000000000004 22.500000000000004 7.5000000000000009 1880.5000000000002 1801.5000000000002 3.5000000000000004 902.50000000000011 970.50000000000011 1.5000000000000002 692.50000000000011 3.5000000000000004 11.500000000000002 1530.5000000000002 1115.5000000000002 25.500000000000004 1.5000000000000002 3.5000000000000004 14.500000000000002 111.50000000000001 3.5000000000000004 26.500000000000004 473.50000000000006 26.500000000000004 7.5000000000000009 1.0000000180025095e-35 1109.5000000000002 28.500000000000004 1922.5000000000002 1.0000000180025095e-35 997.50000000000011 997.50000000000011 1567.5000000000002 1470.5000000000002 1.5000000000000002 843.50000000000011 1621.5000000000002 29.500000000000004 3.5000000000000004 27.500000000000004 27.500000000000004 1831.5000000000002 183.50000000000003 7.5000000000000009 15.500000000000002 3.5000000000000004 335.50000000000006 491.50000000000006 3.5000000000000004 11.500000000000002 6.5000000000000009 1824.5000000000002 674.50000000000011 274.50000000000006 44.500000000000007 674.50000000000011
decision_type=2 2 2 2 2 2 2 2 2 2 2 2 2 2 2 2 2 2 2 2 2 2 2 2 2 2 2 2 2 2 2 2 2 2 2 2 2 2 2 2 2 2 2 2 2 2 2 2 2 2 2 2 2 2 2 2 2 2 2 2 2 2 2 2 2 2 2 2 2 2 2 2 2 2 2 2 2 2 2 2 2 2 2 2 2 2 2 2 2 2 2 2 2 2 2 2 2 2 2 2 2 2 2 2 2 2 2 2 2 2 2 2 2 2 2 2 2 2 2 2 2 2 2 2 2 2
left_child=2 4 6 5 10 18 11 19 15 22 17 12 30 -9 24 20 44 86 -3 49 21 38 23 -6 37 123 51 71 50 52 32 -32 59 -17 35 112 -28 47 -8 55 77 -26 89 83 45 68 -46 -15 -39 99 -14 -27 53 -10 -55 58 57 -57 110 87 61 -31 69 -42 -23 66 -25 -67 76 70 72 -22 -19 -33 90 -58 -7 79 91 -36 -81 -29 -64 84 85 96 -2 -1 -5 -24 -53 -79 -30 -63 122 -51 -44 -95 -83 -4 -68 -92 -103 -50 -97 -94 -107 -54 -62 -18 -16 -52 -20 -70 -47 -56 -40 -118 -119 -12 -49 -108 -61 124 -11 -125
right_child=1 3 7 88 9 16 8 13 29 25 119 -13 28 14 39 33 109 62 34 -21 27 64 42 65 41 26 36 81 92 60 31 73 -34 -35 40 -37 -38 48 116 -41 63 -43 43 -45 46 114 -48 120 103 95 111 74 107 54 115 56 75 -59 -60 94 108 93 82 -65 -66 67 100 -69 113 -71 -72 -73 -74 -75 -76 -77 -78 78 -80 80 -82 98 -84 -85 -86 -87 -88 -89 -90 -91 101 -93 105 97 -96 104 -98 -99 -100 -101 -102 102 -104 -105 -106 106 121 -109 -110 -111 -112 -113 -114 -115 -116 -117 117 118 -120 -121 -122 -123 -124 125 -126 -127
leaf_value=0.0503344377367533 0.011344940200194886 -0.035070885957133771 -0.0020551265519875824 0.021200556718374938 -0.033951607356587345 -0.010737078267247166 0.027126974196468655 -0.029881665531065943 0.035170586297639111 -0.014863845585479438 0.064858875274658209 0.079875342270423616 0.048896858347150192 0.0077182233708036653 -0.0012952952394557331 -0.0021813008669749794 -0.051416202661010185 -0.0062748448088664538 -0.019072320520720599 0.059476634570440917 0.012840485491151504 0.092504067917215327 -0.020959718085598315 -0.0010785749837542503 0.025007760132714635 -0.039629372365406437 -0.046854911913952434 0.032719020963958963 0.041708993661634726 0.063544616294261516 0.036943644683262035 0.0033942846238512732 0.0051724735271203946 0.010547377447423649 -0.0091643120263543969 0.01775098104708521 -0.020884434549233988 0.016227736191022923 0.00081036552764776702 -0.0047379302458042533 -0.0097288061230193582 0.0065658326542694136 -0.021494237062968709 -0.0051538548053018263 0.0039280455698578326 -0.059463234684728423 -0.029328747172799201 0.0066618361165005505 -0.0047572479966397239 -0.012811784889907814 0.034183078682293505 -0.048466664997374745 0.034394457152895894 0.035215451836354765 0.022874133653031349 0.0026466230584755706 -0.0021131910733230945 0.02843315998832786 -0.016452044087961172 -0.019390640881387505 0.024609733707153185 0.030385124338408502 0.0055079883671873076 -0.025861510448698711 0.03475853685580179 0.013657697998983882 -0.024030581377865224 -0.0027083920494583975 -0.043167323681274371 -0.015085372286943349 0.020147998091370852 0.001767843345728908 -0.044285323893946321 0.023207091838462274 -0.0067141367463584983 0.0064311381866304605 -0.032467126628251235 -0.019202778975734507 -0.025624577444117818 -0.028539338785688723 -0.017801188917748279 0.013018231345637253 -0.0056800857790988207 -0.014420152355470749 -0.028012657087488239 0.0073131638443537242 0.0038150294331710591 0.024555136142073702 0.0078478988423256752 -0.0039261655827277581 -0.026246062678764687 -0.065450421612278945 0.02322607033760983 0.017024577115908959 0.017844658298572562 0.012597746491240914 -0.00037535721429299995 0.029029770108545273 0.023759969310940213 0.020661225116481104 -0.0091993831683855783 -0.014170334375894445 -0.020464547596026308 0.0088501019015989803 -0.025096684631157513 0.032428838245275926 0.01919913476346391 0.08215206089304454 0.0076202535580352669 -0.034613466864246552 0.011432289653657597 0.05123346193107102 -0.006070011664347074 -0.035500351916175642 -0.040302452030938199 0.014029673581770574 0.02270500629613419 0.015789805426956304 0.00063647074937664676 0.032430186092032257 -0.0043595139210821443 0.044625563643495063 0.011886704442452411 -0.017619488232487882 -0.0010949645969490522 -0.0074998897026766712
leaf_weight=85 1289 2058 97 696 243 188 702 336 621 588 41 142 570 2401 1094 2100 2051 1318 1175 152 740 22 200 2896 1137 185 588 182 263 47 1028 178 834 1471 479 130 285 1941 304 4306 924 478 687 1660 114 293 560 393 362 84 2520 57 976 567 1165 391 1896 465 523 65 188 436 782 420 932 512 258 968 906 1117 142 1935 46 1836 497 1540 411 28 5065 1319 1016 2612 980 2600 972 124 3511 1379 514 1829 638 191 1690 2457 1620 2598 136 402 508 2601 1404 2539 2179 749 32 2050 599 20 817 166 347 156 318 3551 184 946 492 408 440 341 1489 65 93 1594 693 849
leaf_count=85 1289 2058 97 696 243 188 702 336 621 588 41 142 570 2401 1094 2100 2051 1318 1175 152 740 22 200 2896 1137 185 588 182 263 47 1028 178 834 1471 479 130 285 1941 304 4306 924 478 687 1660 114 293 560 393 362 84 2520 57 976 567 1165 391 1896 465 523 65 188 436 782 420 932 512 258 968 906 1117 142 1935 46 1836 497 1540 411 28 5065 1319 1016 2612 980 2600 972 124 3511 1379 514 1829 638 191 1690 2457 1620 2598 136 402 508 2601 1404 2539 2179 749 32 2050 599 20 817 166 347 156 318 3551 184 946 492 408 440 341 1489 65 93 1594 693 849
internal_value=-4.84601e-05 -0.0161324 0.0148513 -0.0277224 -0.00854175 -0.0301517 0.0207879 0.00628606 0.0160625 -0.0124301 0.00169234 0.0274802 0.0269844 0.00334068 0.00391313 0.0114858 -0.0394832 0.000267302 -0.0241609 0.0167919 0.0147283 0.0217133 -0.00860846 -0.00416111 0.00923491 -0.0176085 -0.0207086 0.0108708 0.031993 0.022866 0.0214154 0.0266937 0.0174746 0.00306104 -0.0221311 -0.0135749 -0.0383845 0.0069624 0.0158584 -0.000596091 -0.0236013 0.0195526 -0.0120111 -0.0141129 -0.0356677 -0.0371247 -0.023698 0.00342258 0.0119284 0.0155913 0.0375917 -0.0181756 0.0272364 0.0247799 0.0223677 0.00225413 0.00469727 0.0166609 -0.00308289 0.0206378 0.0185465 0.0208731 -0.00582986 -0.0147748 0.0361039 -0.00296098 -0.0048816 0.00295123 -0.0357109 -0.00926586 -0.00494615 0.00483279 -0.00756281 0.0214583 -0.0175027 0.00171525 -0.0256566 -0.0250655 -0.0270332 -0.0213683 -0.0238697 0.0157607 -0.000712363 -0.0174028 -0.0214409 -0.0146893 0.00583815 0.026058 0.0155329 -0.0056081 -0.0184924 -0.0595672 0.0280975 0.0202613 0.0161714 0.0113626 -0.0180097 0.018715 0.0147692 0.019843 -0.0115054 -0.0181718 -0.0170785 0.00441275 0.0121366 0.0272828 0.0298065 0.0353656 0.0108045 -0.0501615 0.00176738 0.0351804 -0.0163062 -0.0370607 -0.0520905 0.0189134 0.0110428 0.013361 0.00793294 0.0359373 -0.00205567 0.0217005 -0.000959384 -0.0118063 -0.0074189 -0.0141048
internal_weight=119580 57505 62075 22757 34748 21547 36663 25412 21490 25181 9567 15173 15031 19848 19512 12848 8424 9185 13123 5564 9277 3300 14489 6281 8950 10692 6968 5977 7913 8642 7118 3042 4076 3571 11065 1623 873 7335 2346 10562 9442 1615 8208 6179 6207 5533 674 4283 3052 5412 3246 6095 4295 3299 2678 6256 4292 856 1964 3242 4347 3342 4385 1344 954 6038 4558 1480 5056 2623 1506 2675 1364 2014 5910 3436 599 8098 5284 2814 2335 3302 1762 4519 1919 947 4800 1464 1210 2029 5413 219 4667 3295 1778 2714 823 2859 3120 2698 1662 5356 4718 1111 2630 4404 2714 996 1005 2217 1441 2676 1493 4457 477 2111 1644 1340 848 382 1882 664 158 3724 1281 2443
internal_count=119580 57505 62075 22757 34748 21547 36663 25412 21490 25181 9567 15173 15031 19848 19512 12848 8424 9185 13123 5564 9277 3300 14489 6281 8950 10692 6968 5977 7913 8642 7118 3042 4076 3571 11065 1623 873 7335 2346 10562 9442 1615 8208 6179 6207 5533 674 4283 3052 5412 3246 6095 4295 3299 2678 6256 4292 856 1964 3242 4347 3342 4385 1344 954 6038 4558 1480 5056 2623 1506 2675 1364 2014 5910 3436 599 8098 5284 2814 2335 3302 1762 4519 1919 947 4800 1464 1210 2029 5413 219 4667 3295 1778 2714 823 2859 3120 2698 1662 5356 4718 1111 2630 4404 2714 996 1005 2217 1441 2676 1493 4457 477 2111 1644 1340 848 382 1882 664 158 3724 1281 2443
is_linear=0
shrinkage=0.04


Tree=2
num_leaves=127
num_cat=0
split_feature=13 11 13 17 10 11 8 0 14 11 11 10 10 0 11 10 11 10 10 17 17 1 1 0 0 10 1 11 0 1 0 10 11 2 1 1 2 1 13 2 2 11 0 0 10 2 2 1 2 0 1 1 0 1 1 0 1 1 0 1 1 0 1 13 10 1 1 1 0 1 1 1 1 13 1 10 1 1 10 11 0 0 1 1 1 1 10 0 0 13 0 1 1 1 0 1 2 1 8 13 1 2 2 13 2 0 1 1 2 1 2 1 0 1 1 1 8 1 1 1 1 10 1 8 10 2
split_gain=13414 2072.24 1097.71 1052.09 1147.65 714.185 566.401 529.215 470.901 381.538 347.461 312.745 306.276 275.575 254.114 240.819 238.875 216.828 202.921 199.515 190.333 180.597 187.792 179.709 214.994 173.183 165.882 157.687 149.98 126.082 123.008 119.278 116.241 113.855 108.963 160.533 105.802 104.258 101.152 99.0157 98.8244 90.5352 89.0279 123.609 88.611 86.8268 83.7128 80.928 76.8034 75.517 88.9937 71.5582 65.7261 87.8707 69.1819 65.5123 65.0497 76.5333 64.7728 63.4641 86.2423 72.7936 63.3922 61.9817 58.1749 56.4268 55.9487 55.94 55.0747 54.4904 91.6728 76.725 98.4259 54.0489 53.6665 53.0861 51.9749 51.8171 51.4823 50.5771 49.8298 63.5369 50.8147 49.6484 49.518 56.1389 49.2542 48.4574 47.8782 47.3603 47.0189 46.5137 45.2303 44.7036 44.2796 44.0383 43.5105 42.3815 42.2306 43.5376 41.7543 41.554 40.3342 40.1582 39.2317 38.6749 38.6185 53.9914 43.827 37.9084 37.5516 37.5159 37.2606 36.5982 35.7441 35.719 35.6092 45.4016 35.2642 35.2532 34.7098 34.3486 34.3002 33.6249 33.3928 43.4627
threshold=0.90955000000000008 8751.0000000000018 0.94715000000000016 1.0000000180025095e-35 87004.500000000015 6149.6350000000011 1.5000000000000002 15.500000000000002 0.78795000000000015 6304.0400000000009 6488.8600000000015 120924.00000000001 60481.500000000007 25.500000000000004 3401.6350000000007 113334.50000000001 14250.335000000001 49513.500000000007 27991.500000000004 1.0000000180025095e-35 1.0000000180025095e-35 137.50000000000003 19.500000000000004 15.500000000000002 10.500000000000002 39868.000000000007 69.500000000000014 4938.7700000000013 10.500000000000002 83.500000000000014 6.5000000000000009 63341.500000000007 13000.700000000003 1142.5000000000002 75.500000000000014 47.500000000000007 434.50000000000006 77.500000000000014 0.92715000000000014 106.50000000000001 293.50000000000006 7380.3700000000008 15.500000000000002 17.500000000000004 80025.500000000015 1598.5000000000002 1610.5000000000002 265.50000000000006 970.50000000000011 19.500000000000004 225.50000000000003 43.500000000000007 27.500000000000004 225.50000000000003 197.50000000000003 5.5000000000000009 208.50000000000003 147.50000000000003 26.500000000000004 259.50000000000006 84.500000000000014 7.5000000000000009 243.50000000000003 0.63505000000000011 96990.500000000015 178.50000000000003 212.50000000000003 49.500000000000007 16.500000000000004 18.500000000000004 75.500000000000014 161.50000000000003 159.50000000000003 0.88445000000000007 47.500000000000007 93056.000000000015 233.50000000000003 129.50000000000003 22573.500000000004 20427.875000000004 6.5000000000000009 16.500000000000004 256.50000000000006 16.500000000000004 169.50000000000003 142.50000000000003 67894.000000000015 23.500000000000004 10.500000000000002 0.90405000000000013 7.5000000000000009 69.500000000000014 118.50000000000001 197.50000000000003 6.5000000000000009 247.50000000000003 44.500000000000007 266.50000000000006 1.5000000000000002 0.89545000000000008 77.500000000000014 1141.5000000000002 424.50000000000006 0.84985000000000011 1922.5000000000002 26.500000000000004 118.50000000000001 16.500000000000004 1351.5000000000002 60.500000000000007 736.50000000000011 77.500000000000014 27.500000000000004 16.500000000000004 140.50000000000003 62.500000000000007 1.5000000000000002 137.50000000000003 62.500000000000007 35.500000000000007 176.50000000000003 70509.000000000015 42.500000000000007 1.5000000000000002 98001.500000000015 415.50000000000006
decision_type=2 2 2 2 2 2 2 2 2 2 2 2 2 2 2 2 2 2 2 2 2 2 2 2 2 2 2 2 2 2 2 2 2 2 2 2 2 2 2 2 2 2 2 2 2 2 2 2 2 2 2 2 2 2 2 2 2 2 2 2 2 2 2 2 2 2 2 2 2 2 2 2 2 2 2 2 2 2 2 2 2 2 2 2 2 2 2 2 2 2 2 2 2 2 2 2 2 2 2 2 2 2 2 2 2 2 2 2 2 2 2 2 2 2 2 2 2 2 2 2 2 2 2 2 2 2
left_child=1 3 9 4 5 12 39 20 11 38 64 63 14 21 25 40 59 -7 -16 23 28 22 -9 24 26 56 67 86 29 -4 -28 -10 73 48 35 83 -20 51 106 -3 96 75 88 -44 113 84 55 66 -25 104 87 -24 53 54 65 -38 57 98 -27 60 -13 -62 -31 -8 110 109 122 -11 -47 -57 74 72 111 -33 -71 -42 -32 -54 -58 -45 -40 -82 -83 -19 85 100 -14 -51 91 -5 -86 -41 -70 116 -93 101 -12 -75 -1 -100 -36 -23 -63 -18 -35 -87 107 -2 -108 -15 -6 -72 -52 -29 -111 -76 117 -89 -37 -85 -79 -92 -30 -68 -96 -126
right_child=2 6 7 89 10 17 8 13 31 19 15 16 27 52 18 -17 103 34 36 -21 -22 95 37 33 -26 58 30 44 47 62 76 32 -34 49 45 118 46 -39 80 42 41 -43 43 79 -46 68 -48 -49 -50 50 112 -53 77 -55 -56 69 78 -59 -60 -61 61 102 -64 -65 -66 -67 123 -69 92 70 71 -73 -74 97 115 -77 -78 120 -80 -81 81 82 -84 119 90 105 -88 93 -90 -91 121 94 -94 -95 124 -97 -98 -99 99 -101 -102 -103 -104 -105 -106 -107 108 -109 -110 114 -112 -113 -114 -115 -116 -117 -118 -119 -120 -121 -122 -123 -124 -125 125 -127
leaf_value=-0.0084468745019454453 -0.018613857748585313 -0.0067088515340677926 0.033148222593110635 0.018535291210374893 -0.029362456860793796 0.013411828770765528 -0.0073121310477136979 -0.0068239760032908214 0.01656935691002066 0.013861839000995848 -0.023803031544356149 -0.015006470372430235 -0.029691899694319141 0.013189720937780239 0.0097786251082851838 -0.038513554989800726 -0.0084636799322175479 -0.027270845302470238 -0.002302923870300851 0.058682204051522503 0.078449531658987617 0.00071361309534583462 0.021384881656748532 0.0076577713483603465 0.024513028415062782 -0.032561427070075935 -0.027895227697059974 -0.031276590386116826 0.021312666472336508 0.016274987628076575 0.0046622338020761147 -0.0073253807604377191 0.0060326533174495968 0.0041963525704350572 -0.034632439872918072 0.0085670820227377893 -0.038306419948122152 0.029109355017884617 -0.029217803675914578 0.017084734192876733 -0.021815996694863414 -0.019826280235876365 -0.0045521189161628799 0.0087090427399360362 -0.034873458848682884 0.017506109546598411 -0.005159715868511011 0.046905460393647555 -0.0054907837468692027 0.02959532222976561 -0.0013496103708521571 0.0073603679067453763 0.014649388691720449 0.00547503271378372 0.037530328098999644 -0.025582123429925035 0.011402004692037749 -0.032884547544567919 -0.062598125544261432 -0.0077484825329434725 -0.043035353467399978 -0.013553532814149559 0.03420384708778447 0.004476929804155776 -0.050034283038546706 0.012419252301231089 0.03170362569666977 0.028745758527909115 0.012644864265199863 -0.016607386283983009 -0.032793581008217804 -0.010884586200485269 -0.044229763010899301 -0.00093399751842769443 0.014964257960057212 -0.035914161237230673 0.015377295623029995 0.060330783487335456 -0.013949154284257444 0.031609861178975164 0.013439584203661101 0.00045775826229054964 0.033765840944767624 -0.004553872527326629 -0.029895295650816976 -0.022650675522455789 -0.042483378431440517 0.034711282391016222 0.022919302836921496 0.062270831040802374 5.2041626781870973e-06 0.035418835618492593 -0.010178611839248952 0.031826966597390614 0.012292427430857853 0.022321890140626629 -0.006542366910999845 0.026902871732574191 -0.02340549262105104 -0.009566105892041564 -0.011398116508982275 0.00898699501998481 -0.027612334040978057 0.0059690888528097369 0.020574662150279029 -0.049464903020715864 -0.014922828244434756 0.0025013768889053968 -0.00055801555321677093 0.042639376025558548 -0.042887589448468225 -0.017035053670248698 0.034959047603024485 -0.017601651190369935 0.024838352240457221 -0.004093727652487591 0.0099727520949499278 0.015004435745283311 -0.00064049113194188741 -0.01854970183178898 0.03367736907983649 -0.010947391461108853 0.037316486722282605 0.022524016934956394 0.013037234232570225 -0.010406020224108961
leaf_weight=629 213 745 1329 1183 563 885 1565 425 646 737 320 1135 1289 414 679 1712 1115 294 1311 152 123 1476 1503 1724 3455 1016 158 345 241 2695 2180 3586 2568 2009 134 1226 210 1588 59 1006 662 3105 1436 2208 644 218 1282 583 1209 496 571 952 224 480 500 775 184 645 130 408 440 392 358 1311 1004 822 1264 899 178 481 275 1826 275 3042 196 1219 1086 86 421 166 1602 1487 77 892 156 634 775 250 732 41 706 71 630 256 360 288 870 90 1616 471 1643 2847 2001 426 265 100 694 2133 667 198 802 2044 49 3500 2147 796 1353 750 1454 426 924 1301 2064 1304 183 409
leaf_count=629 213 745 1329 1183 563 885 1565 425 646 737 320 1135 1289 414 679 1712 1115 294 1311 152 123 1476 1503 1724 3455 1016 158 345 241 2695 2180 3586 2568 2009 134 1226 210 1588 59 1006 662 3105 1436 2208 644 218 1282 583 1209 496 571 952 224 480 500 775 184 645 130 408 440 392 358 1311 1004 822 1264 899 178 481 275 1826 275 3042 196 1219 1086 86 421 166 1602 1487 77 892 156 634 775 250 732 41 706 71 630 256 360 288 870 90 1616 471 1643 2847 2001 426 265 100 694 2133 667 198 802 2044 49 3500 2147 796 1353 750 1454 426 924 1301 2064 1304 183 409
internal_value=-4.64966e-05 -0.0112799 0.0159309 -0.0165561 -0.0175983 -0.0139355 -0.00232983 0.0218591 -0.00601733 0.00992897 -0.0292721 -0.0127589 -0.0181102 0.0170799 -0.0150037 -0.0252356 -0.0180182 -0.00556215 -0.0113398 0.0130598 0.028995 0.0127288 0.0184604 0.0126618 0.0168201 -0.0222774 0.0115662 -0.0253443 0.0283755 0.0228604 0.00655798 -4.84283e-05 -0.00120508 0.00869697 -0.00724321 -0.00242821 -0.0128543 0.0211194 0.00197974 0.00710758 -0.0215537 -0.0240264 0.00867473 0.00470947 -0.0211337 -0.010868 -0.014549 0.0328037 0.00223649 0.0118548 0.015362 0.0159486 0.0238956 0.021676 0.0235804 -0.0162984 -0.0183169 -0.0204909 -0.0359774 -0.0227877 -0.0243328 -0.0280672 0.0183797 -0.00193683 -0.0427089 0.0216305 0.0311148 0.0220444 -0.000326879 -0.0156041 -0.0142908 -0.0171713 -0.0215946 -0.00397239 -0.00564411 -0.030956 0.00822676 0.0320936 -0.00623183 0.0103133 0.00716036 0.00784045 0.00210222 -0.012403 -0.013181 -0.017004 -0.0344987 0.0181248 0.0141447 0.0200085 -0.00874053 0.0109762 -0.00514478 0.0159416 0.00496413 0.00717381 -0.0111889 -0.000131977 -0.0175451 -0.0202847 -0.0131543 0.00616322 -0.0253117 -0.00447111 0.00610757 -0.0263155 -0.00252626 0.000581848 -0.00788641 0.0243729 -0.0373146 -0.0189068 0.00151867 -0.0188305 0.0263448 -0.000323078 0.0142103 0.0199381 0.0035703 -0.00908166 0.0359566 -0.00709281 0.0356459 0.0270449 0.00268514 -0.00315147
internal_weight=119580 70214 49366 44173 42949 32692 26041 24835 18725 24531 10257 8793 21815 14874 15262 7888 5917 10877 10150 17599 9961 9079 4468 17447 8515 5112 5060 6553 9838 4382 3424 9932 9286 8932 9992 4292 9471 4043 6932 7316 6176 4986 6571 3810 4489 5700 8160 5456 2933 5999 3725 2455 5795 4561 4081 6878 3966 3361 1146 4376 3968 2833 3053 2876 2369 3581 4873 1636 1026 6668 5893 4420 2594 6718 1473 1881 3266 1234 605 2374 3225 3166 1564 1612 4674 2511 2064 3105 2761 1224 2163 2029 808 2609 1023 4611 1190 3132 2716 2087 1777 4323 2393 1541 2274 734 3707 2346 1361 2759 1365 2319 620 3845 2345 992 2353 1000 2680 1318 1010 2007 2305 2568 952 592
internal_count=119580 70214 49366 44173 42949 32692 26041 24835 18725 24531 10257 8793 21815 14874 15262 7888 5917 10877 10150 17599 9961 9079 4468 17447 8515 5112 5060 6553 9838 4382 3424 9932 9286 8932 9992 4292 9471 4043 6932 7316 6176 4986 6571 3810 4489 5700 8160 5456 2933 5999 3725 2455 5795 4561 4081 6878 3966 3361 1146 4376 3968 2833 3053 2876 2369 3581 4873 1636 1026 6668 5893 4420 2594 6718 1473 1881 3266 1234 605 2374 3225 3166 1564 1612 4674 2511 2064 3105 2761 1224 2163 2029 808 2609 1023 4611 1190 3132 2716 2087 1777 4323 2393 1541 2274 734 3707 2346 1361 2759 1365 2319 620 3845 2345 992 2353 1000 2680 1318 1010 2007 2305 2568 952 592
is_linear=0
shrinkage=0.04


Tree=3
num_leaves=127
num_cat=0
split_feature=9 9 9 6 7 9 0 7 0 6 1 9 1 0 0 1 9 1 0 1 1 6 9 0 1 1 1 2 0 1 1 0 1 1 1 2 7 1 1 0 1 1 1 1 1 2 6 2 1 0 1 9 2 2 2 0 0 1 0 1 1 1 1 1 1 1 1 1 2 2 1 1 1 1 1 1 13 1 0 0 1 7 1 1 7 2 1 1 1 1 2 2 1 7 0 0 1 7 13 0 1 0 1 1 13 9 1 1 1 0 2 7 2 0 2 13 1 0 1 2 1 1 0 13 1 2
split_gain=15273.8 2712.63 1677.2 911.23 760.025 621.005 620.183 435.73 360.286 348.56 292.217 267.839 235.393 202.636 252.949 201.851 188.559 180.475 177.947 181.341 197.436 161.504 162.322 144.669 144.472 125.037 260.708 105.583 170.527 103.684 94.8174 89.9364 81.987 80.3183 79.0203 75.8858 109.26 77.3555 130.972 75.556 74.7584 74.3147 79.4619 210.357 153.626 74.2492 70.4096 68.7377 65.5975 64.5592 64.2995 59.744 57.314 56.8619 80.6996 74.7897 56.3569 82.882 136.141 55.5396 54.0346 53.5319 66.1855 53.1751 50.4193 50.3049 50.2385 49.6199 49.2661 48.6875 48.2733 47.2042 46.3218 45.6591 45.6251 45.5712 41.6318 40.4011 39.9797 39.2636 38.0467 36.7895 36.0091 82.6051 35.8379 35.5761 35.5758 34.3312 55.0434 33.5028 32.2264 70.1161 39.8179 32.4097 41.9507 40.7772 32.1392 32.002 31.8882 31.544 32.0117 31.0288 30.8479 28.4641 28.3514 28.3078 28.0746 30.2841 28.0592 27.5627 30.1747 26.6125 26.5358 26.4282 27.2186 26.0774 25.8684 25.1547 24.9798 24.721 24.5705 26.5851 24.4096 24.2066 24.1006 23.9703
threshold=8.5000000000000018 12.500000000000002 5.5000000000000009 1.0000000180025095e-35 1.5000000000000002 14.500000000000002 15.500000000000002 3.5000000000000004 25.500000000000004 1.5000000000000002 137.50000000000003 10.500000000000002 77.500000000000014 6.5000000000000009 15.500000000000002 75.500000000000014 18.500000000000004 27.500000000000004 10.500000000000002 253.50000000000003 83.500000000000014 1.0000000180025095e-35 10.500000000000002 7.5000000000000009 19.500000000000004 208.50000000000003 74.500000000000014 929.50000000000011 26.500000000000004 265.50000000000006 35.500000000000007 6.5000000000000009 16.500000000000004 212.50000000000003 247.50000000000003 1654.5000000000002 3.5000000000000004 197.50000000000003 176.50000000000003 14.500000000000002 233.50000000000003 15.500000000000002 118.50000000000001 153.50000000000003 77.500000000000014 1128.5000000000002 1.5000000000000002 1530.5000000000002 241.50000000000003 27.500000000000004 165.50000000000003 7.5000000000000009 518.50000000000011 324.50000000000006 1542.5000000000002 27.500000000000004 6.5000000000000009 167.50000000000003 24.500000000000004 48.500000000000007 43.500000000000007 56.500000000000007 16.500000000000004 77.500000000000014 205.50000000000003 118.50000000000001 130.50000000000003 194.50000000000003 293.50000000000006 1578.5000000000002 256.50000000000006 153.50000000000003 69.500000000000014 42.500000000000007 266.50000000000006 225.50000000000003 0.95865000000000011 103.50000000000001 15.500000000000002 6.5000000000000009 218.50000000000003 3.5000000000000004 75.500000000000014 107.50000000000001 3.5000000000000004 656.50000000000011 38.500000000000007 86.500000000000014 58.500000000000007 48.500000000000007 58.500000000000007 305.50000000000006 116.50000000000001 3.5000000000000004 26.500000000000004 25.500000000000004 47.500000000000007 2.5000000000000004 0.95425000000000015 17.500000000000004 34.500000000000007 27.500000000000004 118.50000000000001 29.500000000000004 0.95625000000000016 14.500000000000002 111.50000000000001 167.50000000000003 87.500000000000014 27.500000000000004 1894.5000000000002 1.5000000000000002 970.50000000000011 29.500000000000004 382.50000000000006 0.94715000000000016 250.50000000000003 7.5000000000000009 133.50000000000003 998.50000000000011 266.50000000000006 62.500000000000007 26.500000000000004 0.92015000000000013 176.50000000000003 1598.5000000000002
decision_type=2 2 2 2 2 2 2 2 2 2 2 2 2 2 2 2 2 2 2 2 2 2 2 2 2 2 2 2 2 2 2 2 2 2 2 2 2 2 2 2 2 2 2 2 2 2 2 2 2 2 2 2 2 2 2 2 2 2 2 2 2 2 2 2 2 2 2 2 2 2 2 2 2 2 2 2 2 2 2 2 2 2 2 2 2 2 2 2 2 2 2 2 2 2 2 2 2 2 2 2 2 2 2 2 2 2 2 2 2 2 2 2 2 2 2 2 2 2 2 2 2 2 2 2 2 2
left_child=2 4 6 5 21 23 18 31 10 105 12 15 24 -9 25 17 49 -6 19 20 61 22 89 87 -8 26 59 82 30 33 -29 -4 -25 73 45 37 106 38 84 72 50 -16 44 -44 -43 115 -23 -30 -27 90 102 97 -51 55 64 -34 -17 58 63 -15 99 62 -1 -58 -55 77 -67 -45 -52 -59 109 -56 -19 -20 -24 101 -35 -14 -73 -32 -66 -81 -13 -84 -10 -28 -64 88 -3 -2 -7 -92 -93 94 95 -94 -53 103 -47 100 -26 -38 -22 -33 -42 -5 -37 -108 -65 110 125 -98 -82 114 -39 -12 -95 -61 -104 -87 121 -91 -122 -119 -54 -69
right_child=1 3 7 9 11 16 8 13 35 -11 34 27 65 14 41 56 -18 39 29 -21 40 46 74 32 60 48 85 28 47 -31 79 51 53 76 -36 36 75 113 -40 -41 104 42 43 67 -46 98 -48 -49 -50 52 68 96 124 54 71 -57 57 69 -60 117 -62 -63 86 108 80 66 -68 70 -70 -71 -72 78 -74 -75 -76 -77 -78 -79 -80 81 112 -83 83 -85 -86 119 -88 -89 -90 120 91 92 93 116 -96 -97 111 -99 -100 -101 -102 -103 118 -105 -106 -107 107 -109 -110 -111 -112 -113 -114 -115 -116 -117 -118 123 -120 -121 122 -123 -124 -125 -126 -127
leaf_value=0.040843880683680174 -0.0032596018968249862 -0.035865210986541544 0.051192699095481853 0.019540070504395921 -0.020043129755493536 -0.053658763927192349 -0.0079831828056303612 -0.027749871846927981 0.042869435363619167 -0.028888728331480835 -0.0094926409282081355 -0.0057377901256286381 0.022576546248996125 0.0019557455984871084 -0.017843066461343773 -0.031483553209269356 -0.049289567453075174 0.0085525587399279505 0.018599467032327625 0.077588939195797776 0.0089474933753495561 0.033080034519942521 -0.0066506846581727511 -0.031643066994189076 0.01199838478704064 0.023231968516491421 0.0038271283645511544 -0.029702003684215141 -0.043580469145681693 0.042981533990307776 -0.038252801928870143 0.005213986087032719 -0.015013618613900223 0.020008983592888177 0.018835728666672352 0.0078258464863175028 0.013995787957108704 0.063968302002343366 0.010275767306708211 -0.0052563819405611091 0.017358709376738626 0.00084398434625339845 -0.016714910930233254 0.0081997166179257255 0.021428648602137581 0.0026593552688560819 0.0014081540005538525 -0.019602868255921641 0.010412981382199713 0.0040544335864464379 0.058571617491761138 -0.0033841041306376658 -0.019678759489042061 -0.025324870919623474 -0.0022460013032667161 0.017189548605041273 -0.026815971644898396 -0.00045407507166830515 -0.025310902206574809 0.011442115823331751 0.0079331743083814934 0.034739341407657783 0.0080331161370226813 0.0055795515943572469 0.0072029516410180138 0.0012782268061356519 0.037940955369368846 -0.0014794255522678284 -0.01150457256200782 -0.01145212253645321 0.022798561703684182 -0.0042740623789942799 -0.0011281771045300233 0.033919930784994751 0.0059149177299663378 0.0019267897787389305 0.028611238817494725 0.034870364637133111 -0.019450043151937223 -0.046367929044412864 -0.015914416136541449 -0.014045029210172685 -0.032253046187327501 -0.010818359855977226 0.025369249879110753 -0.015722569089325698 0.024280984065969704 -0.035725933860183051 -0.013002168247163997 0.014417113429529704 -0.020674881094049642 -0.039479940815807302 -0.025558646530773537 -0.033998861569432853 -0.042054450510792166 0.0018782071443504916 0.012583537012378779 0.064192566016755728 0.009643256471205985 0.029206413876636656 0.023542017977238903 0.048789762963591728 0.041951754818314237 0.019979447519327058 0.027372599938387334 0.0070057014001200677 0.038277781080381344 0.023927204563180079 -0.0099823770625478859 0.011821417499036096 0.0040606156032379362 -0.024039705475542773 -0.035640326599071917 0.077193606362414 0.030065320024782873 0.0003317027628994821 -0.049954109959744537 0.015955404727326272 0.016420239240137795 -0.0030484105491844966 0.017234968719728273 0.004301847480448949 -0.013120934833932079 0.026237858968686988 -0.035717756458611867 -0.0095307182758417337
leaf_weight=258 595 345 112 701 872 144 542 336 213 397 634 1378 693 458 386 242 1487 1575 348 89 1324 363 3798 963 1098 1115 1233 799 588 823 113 229 1473 2030 595 135 1775 39 1173 2888 1103 3509 1366 1188 695 1873 163 285 1500 112 17 234 329 4521 400 125 293 1260 1430 796 1315 1329 358 198 103 202 85 1234 259 1319 128 327 1587 3084 526 581 1628 1132 1873 57 936 5126 336 2010 1610 280 546 1374 331 481 540 2532 599 1759 209 101 2450 25 2375 354 594 42 65 2482 773 492 300 1120 2825 209 708 32 124 20 1634 1356 181 884 1139 2053 510 3085 46 631 279 1139
leaf_count=258 595 345 112 701 872 144 542 336 213 397 634 1378 693 458 386 242 1487 1575 348 89 1324 363 3798 963 1098 1115 1233 799 588 823 113 229 1473 2030 595 135 1775 39 1173 2888 1103 3509 1366 1188 695 1873 163 285 1500 112 17 234 329 4521 400 125 293 1260 1430 796 1315 1329 358 198 103 202 85 1234 259 1319 128 327 1587 3084 526 581 1628 1132 1873 57 936 5126 336 2010 1610 280 546 1374 331 481 540 2532 599 1759 209 101 2450 25 2375 354 594 42 65 2482 773 492 300 1120 2825 209 708 32 124 20 1634 1356 181 884 1139 2053 510 3085 46 631 279 1139
internal_value=-4.46271e-05 -0.0148975 0.0137147 -0.0256327 -0.00786665 -0.0278265 0.0191887 0.00581697 0.0148167 0.00356917 0.0105682 -0.011513 0.016998 0.00304347 0.00357408 -0.00796858 -0.0363817 -0.00303144 0.0253805 0.0208555 0.0201498 0.00173046 0.000476321 -0.0223379 0.011175 0.00852158 0.00548287 -0.0163157 -0.0192224 0.0295312 -0.0168524 0.0157097 -0.0204944 0.0279687 0.00490738 0.0211322 0.0170456 0.024576 0.0207086 -0.000578561 0.0153051 -0.000617984 3.51803e-05 -0.00293007 0.0042484 0.00357793 0.0232751 -0.0357605 0.015881 -0.0335515 0.0111663 0.0149791 -0.0222061 -0.0194073 -0.0207408 -0.0124912 -0.0124843 -0.0118556 -0.0149927 0.0146914 0.0142658 0.0292491 0.0229639 -0.0105412 -0.0234123 0.0277561 0.0121599 0.0011575 -0.00715415 -0.00608068 -0.00128917 -0.0148981 0.00369267 0.0323682 -0.0051211 0.0116866 0.0238392 0.0302058 -0.0171965 -0.0149125 -0.0159727 -0.0144022 -0.0108755 -0.0138912 0.0274184 -0.00166662 0.0178526 -0.0320868 -0.0246799 0.00560823 -0.0348973 -0.0344395 -0.0358197 -0.032564 -0.0263072 -0.0215945 0.0107724 0.0191531 0.00656504 0.0183333 0.0160545 0.0148049 0.0131683 0.0187339 0.0214883 0.0143752 0.025306 0.0269643 -0.00896163 -0.00222821 -0.00318291 0.0121088 -0.0182289 0.031416 0.0308618 -0.00279657 -0.035492 0.0172134 0.0178053 -0.00457185 0.0068893 0.00566773 0.0147144 0.0202422 -0.02705 -0.00534583
internal_weight=119580 57505 62075 22757 34748 21167 36663 25412 21490 1590 12848 25181 6015 19848 19512 14489 8272 6922 15173 7260 7171 9567 9041 12895 3903 8950 6335 10692 6968 7913 6095 5564 10845 7090 6833 8642 3953 4689 2996 6050 4680 10562 10176 5972 4204 6238 526 873 2615 6785 2804 5452 720 9882 8284 1598 7567 7325 4746 2769 3361 2491 1162 3316 5684 2112 287 4606 276 2579 3418 2600 3162 3432 4324 2398 3658 1825 2200 5296 1163 5183 3724 2346 1823 3566 904 2050 676 4717 6065 5921 5381 2849 909 700 2716 2736 4248 2046 1692 1817 2528 2711 1876 1193 1555 1420 3023 3290 3081 2482 1060 1693 1673 1990 1940 2311 1204 2333 4122 3566 556 1515 608 2373
internal_count=119580 57505 62075 22757 34748 21167 36663 25412 21490 1590 12848 25181 6015 19848 19512 14489 8272 6922 15173 7260 7171 9567 9041 12895 3903 8950 6335 10692 6968 7913 6095 5564 10845 7090 6833 8642 3953 4689 2996 6050 4680 10562 10176 5972 4204 6238 526 873 2615 6785 2804 5452 720 9882 8284 1598 7567 7325 4746 2769 3361 2491 1162 3316 5684 2112 287 4606 276 2579 3418 2600 3162 3432 4324 2398 3658 1825 2200 5296 1163 5183 3724 2346 1823 3566 904 2050 676 4717 6065 5921 5381 2849 909 700 2716 2736 4248 2046 1692 1817 2528 2711 1876 1193 1555 1420 3023 3290 3081 2482 1060 1693 1673 1990 1940 2311 1204 2333 4122 3566 556 1515 608 2373
is_linear=0
shrinkage=0.04


Tree=4
num_leaves=127
num_cat=0
split_feature=9 9 9 8 7 9 0 6 7 0 9 8 0 0 8 0 0 9 0 0 0 0 0 0 0 9 0 7 6 8 0 9 0 9 8 7 9 0 4 7 0 7 0 0 9 0 13 0 0 4 7 0 0 0 0 0 9 9 8 0 11 8 11 0 0 0 0 13 7 0 0 0 9 9 10 7 0 9 13 4 13 10 0 13 13 0 0 9 0 4 9 7 7 13 7 0 11 0 13 9 13 4 0 0 9 14 14 10 10 0 10 0 0 11 9 9 4 10 9 7 9 10 10 4 10 14
split_gain=14076.7 2499.99 1545.75 860.088 700.463 581.58 571.559 411.528 401.573 332.486 246.845 191.274 186.755 233.121 184.893 171.16 156.584 154.834 127.963 127.176 119.044 116.769 112.861 112.008 104.23 102.622 99.9809 96.0161 94.9983 87.5805 82.8907 65.4615 58.2453 57.7041 56.8642 55.3628 55.0625 54.9071 56.3097 51.9498 52.6192 51.5002 48.315 187.937 47.753 47.4961 41.8028 41.7476 41.5651 41.1447 40.8355 61.2853 38.9327 37.5704 126.938 58.262 37.1177 36.4765 35.5776 34.4294 32.7205 31.9502 31.1622 30.821 29.9023 104.012 29.5844 28.8864 28.8434 35.1919 28.6209 29.3827 28.3122 28.0732 27.2975 27.1104 26.478 24.934 24.7338 24.691 24.6434 24.5713 24.4476 23.9411 23.8057 23.714 23.0465 22.9054 21.8831 21.9387 21.6484 20.8888 31.32 21.0624 20.8628 20.5029 19.7929 19.7392 19.468 19.4237 19.3223 19.1028 18.9115 29.1659 25.4296 18.7003 18.67 18.1186 21.2924 17.9882 17.6291 17.4275 46.0347 25.858 17.0663 16.8884 16.7849 16.3666 16.2416 16.1882 16.1365 15.9116 23.2932 15.8324 17.7699 15.5424
threshold=8.5000000000000018 12.500000000000002 5.5000000000000009 1.5000000000000002 1.5000000000000002 14.500000000000002 16.500000000000004 1.0000000180025095e-35 3.5000000000000004 25.500000000000004 10.500000000000002 1.5000000000000002 6.5000000000000009 15.500000000000002 1.5000000000000002 24.500000000000004 3.5000000000000004 17.500000000000004 17.500000000000004 7.5000000000000009 10.500000000000002 23.500000000000004 14.500000000000002 6.5000000000000009 10.500000000000002 10.500000000000002 10.500000000000002 3.5000000000000004 1.0000000180025095e-35 1.5000000000000002 6.5000000000000009 7.5000000000000009 14.500000000000002 3.5000000000000004 1.5000000000000002 3.5000000000000004 7.5000000000000009 27.500000000000004 14.500000000000002 3.5000000000000004 23.500000000000004 3.5000000000000004 26.500000000000004 27.500000000000004 11.500000000000002 7.5000000000000009 0.96955000000000013 27.500000000000004 19.500000000000004 15.500000000000002 1.5000000000000002 26.500000000000004 5.5000000000000009 23.500000000000004 19.500000000000004 25.500000000000004 13.500000000000002 14.500000000000002 1.5000000000000002 28.500000000000004 8918.8800000000028 1.5000000000000002 5729.2600000000011 29.500000000000004 26.500000000000004 27.500000000000004 8.5000000000000018 0.95685000000000009 3.5000000000000004 26.500000000000004 25.500000000000004 28.500000000000004 14.500000000000002 6.5000000000000009 36764.500000000007 1.5000000000000002 28.500000000000004 15.500000000000002 0.94535000000000013 8.5000000000000018 0.62675000000000014 10015.000000000002 9.5000000000000018 0.9537500000000001 0.94425000000000014 7.5000000000000009 29.500000000000004 6.5000000000000009 7.5000000000000009 13.500000000000002 3.5000000000000004 1.0000000180025095e-35 3.5000000000000004 0.95125000000000015 1.0000000180025095e-35 2.5000000000000004 3332.8200000000002 27.500000000000004 0.90405000000000013 15.500000000000002 0.83265000000000011 9.5000000000000018 28.500000000000004 24.500000000000004 9.5000000000000018 0.91515000000000013 0.72305000000000008 108129.50000000001 122007.50000000001 2.5000000000000004 168278.50000000003 14.500000000000002 23.500000000000004 11841.415000000003 18.500000000000004 6.5000000000000009 28.500000000000004 147040.50000000003 9.5000000000000018 1.0000000180025095e-35 9.5000000000000018 73012.000000000015 131814.00000000003 18.500000000000004 109068.50000000001 0.59410000000000018
decision_type=2 2 2 2 2 2 2 2 2 2 2 2 2 2 2 2 2 2 2 2 2 2 2 2 2 2 2 2 2 2 2 2 2 2 2 2 2 2 2 2 2 2 2 2 2 2 2 2 2 2 2 2 2 2 2 2 2 2 2 2 2 2 2 2 2 2 2 2 2 2 2 2 2 2 2 2 2 2 2 2 2 2 2 2 2 2 2 2 2 2 2 2 2 2 2 2 2 2 2 2 2 2 2 2 2 2 2 2 2 2 2 2 2 2 2 2 2 2 2 2 2 2 2 2 2 2
left_child=2 4 6 7 14 19 11 27 30 15 22 16 -10 24 28 18 -1 37 33 -5 45 48 23 -6 34 120 41 82 85 47 -4 53 -26 35 105 75 58 38 88 40 -21 -18 44 121 80 -13 68 50 -20 79 -11 -52 -46 54 -15 73 125 70 60 107 -32 118 102 110 -41 -66 -54 -22 97 -70 -29 -72 116 -55 -38 -8 -71 -40 -28 -27 -12 -35 109 -43 -17 -2 -49 -36 -7 -90 -53 -47 -93 -94 -60 -82 -83 119 -30 -91 -58 -63 103 -24 -105 -14 -87 -39 -109 -3 -57 -81 -113 -114 -19 -34 -9 -116 -25 -31 -16 -44 -123 124 -74 -42
right_child=1 3 8 5 10 17 9 72 12 29 42 20 13 31 25 84 26 114 21 39 67 -23 62 61 32 49 78 57 98 46 36 -33 115 81 87 -37 74 59 77 64 56 83 43 -45 52 91 -48 86 -50 -51 51 90 66 55 -56 63 100 -59 94 -61 -62 101 -64 -65 65 -67 -68 -69 69 76 71 -73 123 -75 -76 -77 -78 -79 -80 111 95 96 -84 -85 -86 106 -88 -89 89 99 -92 92 93 -95 -96 -97 -98 -99 -100 -101 -102 -103 -104 104 -106 -107 -108 108 -110 -111 -112 112 113 -115 117 -117 -118 -119 -120 -121 -122 122 -124 -125 -126 -127
leaf_value=0.071190713474211506 0.043797113674203143 0.012165270779624135 0.049146820122806439 -0.031330173552963449 -0.030235499154879008 -0.038431502649318612 0.016387539702558084 0.018998279433417569 -0.026640207035773494 0.031422901084084874 -0.019903108046446436 0.00089706798082146298 0.009178997036263993 0.0020874741499475537 0.0064079180041327621 -0.0029319555814735433 0.038619067313947354 -0.040076932243977625 0.086242674745585571 -0.011471799127195866 0.02199029078377443 0.010699904257845975 -0.011486582002486121 0.0062860553274032673 0.022307608155113508 0.01784592254217281 0.027188823976265233 -0.020720893979993438 0.026820833469351761 0.0033025792989922237 0.043699107772821814 -0.0043891418594849468 0.013046612546356655 -0.0060894039376204884 0.0084405697806233092 0.012814311794218006 -0.0097277158996900842 -0.023667233839426958 -0.05484632167198316 -0.021803398372886709 0.025061260532859148 0.017606041689813938 -0.03916828448464809 -0.0063744020177160174 -0.038589998745379182 0.0032723831454014264 0.024592990667837863 0.030645080230333997 0.030611218611399333 -0.029553821477761512 0.031703592939701389 0.020533709401133218 -0.010193481634605385 -0.00066800869203221494 0.026447353817635789 0.002939117682628993 -0.022387487486884048 -0.030297930480078641 -0.0065002762425998197 -0.032082232188514297 0.021718106663628122 -0.026028976933260606 -0.0088238305631525623 0.06083477923412197 -0.066899297248526904 -0.021029583568340126 -0.018572981467905737 0.028360463750587279 0.02272404039985642 0.008887661606738196 0.0096638197200347668 -0.02584245085503753 0.013425529119855145 -0.012257509529210038 0.011142354734969271 0.039298301703483245 0.020380958140801146 -0.035583562148287513 0.035456104822938053 -0.0093278147892754439 0.034227246586580454 0.021180202871276581 0.0034275701000064285 0.024995209895500671 0.0045904715355502548 -0.001012899876639781 0.0741212252242055 0.0016150178558607909 -0.043661157298012933 -0.028382951837265389 0.012369579099588848 0.025633629083116071 0.011642995020181804 0.018649778221121734 0.015887587142959531 -0.010946337229798779 0.0075001713699229568 0.053072229029664658 0.058194815562321589 -0.034847096923380512 -0.034409563855599248 -0.0040173937722886265 0.0019656551003676202 -0.01226466652975784 -0.024698497588973946 0.018607357258542977 0.0093643469454998182 0.026301899477599897 -0.010047397462627557 -0.019235814022779608 0.042663042900970616 0.0029526799701416356 -0.010873908692743106 0.0036748902666848349 -0.050427455939362445 -0.001977948647567639 -0.014227575077953566 -0.040376699878516227 -0.0016038000340765379 0.022688589246100319 0.00097573722113506356 -0.024777923558023076 -0.060142978397380906 -0.017368351623855211 -0.0029005261467478032 -0.015825368458982695
leaf_weight=141 29 35 112 2058 243 906 143 696 336 621 534 337 2597 2903 1675 899 327 621 22 1721 2664 725 1869 798 1137 73 764 686 359 79 125 4306 243 204 1032 3276 104 124 287 6060 14.999999999999998 1230 506 673 137 179 793 976 962 114 567 1165 845 585 388 1564 588 556 69 244 840 64 5124 14.999999999999998 107 305 3390 2009 467 2025 111 56 303 783 2612 199 382 176 2488 1307 15.999999999999998 178 362 1655 2672 343 20 3318 222 2182 946 599 1241 1551 1702 4233 3556 31 35 1147 341 4302 115 442 658 388 1435 31 150 170 18 999 1126 236 1126 235 25 347 874 570 1836 325 33 44 164 791
leaf_count=141 29 35 112 2058 243 906 143 696 336 621 534 337 2597 2903 1675 899 327 621 22 1721 2664 725 1869 798 1137 73 764 686 359 79 125 4306 243 204 1032 3276 104 124 287 6060 15 1230 506 673 137 179 793 976 962 114 567 1165 845 585 388 1564 588 556 69 244 840 64 5124 15 107 305 3390 2009 467 2025 111 56 303 783 2612 199 382 176 2488 1307 16 178 362 1655 2672 343 20 3318 222 2182 946 599 1241 1551 1702 4233 3556 31 35 1147 341 4302 115 442 658 388 1435 31 150 170 18 999 1126 236 1126 235 25 347 874 570 1836 325 33 44 164 791
internal_value=-4.28055e-05 -0.0143017 0.0131663 -0.0246076 -0.00755207 -0.0277578 0.0184214 -0.00540954 0.00558438 0.0142214 -0.0110527 0.0243615 0.00292178 0.00343119 0.0016613 0.0101371 0.0294799 -0.0364443 0.0130048 -0.0222762 0.0204206 0.0228913 -0.00764994 -0.00361321 0.00818082 -0.00137792 0.0285683 -0.0167225 0.011834 0.0202873 0.0150815 -0.00059321 0.0173813 0.0107679 0.00615433 0.0144159 0.0143801 -0.0328988 -0.0342392 -0.0203987 -0.0164336 0.0235569 -0.0156633 -0.0222313 -0.0145599 0.0152644 0.0162811 0.0243405 0.0318677 -0.00588399 0.022168 0.0200193 -0.0175836 0.00201892 0.00496137 -0.00124577 -0.0213522 -0.0223159 0.0183872 -0.0208751 0.0245738 -0.00254064 -0.0107384 0.00394207 -0.0225151 -0.0329654 -0.0169023 0.0247303 0.0144247 0.0126677 -0.0171055 -0.00222688 0.0127319 -0.00730481 0.0103414 0.0297379 0.0107141 -0.0475419 0.033516 -0.00516086 -0.0117949 0.00741492 -0.00281412 0.021847 0.00269555 0.00794961 0.0315295 0.0032354 -0.0328553 -0.0314305 0.0168778 0.0166194 0.0173227 0.0155373 0.0150128 -0.0107745 0.00815392 0.0218417 0.0296321 -0.0306123 -0.0268079 -0.00434156 -0.0139177 -0.0145343 -0.0197076 0.0104064 0.00736024 -0.0118887 -0.00378865 -0.0138518 0.00339629 -0.0056203 -0.0035659 -0.00834995 -0.0457002 0.00565283 0.0178388 -0.0480654 0.00215957 0.0203358 0.00356853 -0.034576 -0.0280649 0.00551625 0.00768423 -0.0150565
internal_weight=119580 57505 62075 22757 34748 19549 36663 3208 25412 21478 25181 15185 19848 19512 9567 12836 6605 7563 9265 11986 8580 1709 14489 6281 8950 7366 6464 1976 2201 8642 5564 10562 1615 7556 7335 3618 5452 5469 4920 9928 3456 3212 10692 1537 9155 3907 4347 4295 984 3855 3299 2678 4372 6256 3291 2965 1735 1409 2736 549 965 6038 8208 1597 6472 412 4235 4673 3554 2874 853 167 1232 1368 2716 342 2407 463 3252 3741 4783 3938 567 2885 3571 1807 996 4350 4457 3551 2111 3570 3391 2792 1771 4249 3734 680 394 3329 929 4366 3084 2969 1100 2985 1778 305 181 205 1582 3668 2361 1362 2094 478 721 1473 1672 649 3511 864 358 511 467 806
internal_count=119580 57505 62075 22757 34748 19549 36663 3208 25412 21478 25181 15185 19848 19512 9567 12836 6605 7563 9265 11986 8580 1709 14489 6281 8950 7366 6464 1976 2201 8642 5564 10562 1615 7556 7335 3618 5452 5469 4920 9928 3456 3212 10692 1537 9155 3907 4347 4295 984 3855 3299 2678 4372 6256 3291 2965 1735 1409 2736 549 965 6038 8208 1597 6472 412 4235 4673 3554 2874 853 167 1232 1368 2716 342 2407 463 3252 3741 4783 3938 567 2885 3571 1807 996 4350 4457 3551 2111 3570 3391 2792 1771 4249 3734 680 394 3329 929 4366 3084 2969 1100 2985 1778 305 181 205 1582 3668 2361 1362 2094 478 721 1473 1672 649 3511 864 358 511 467 806
is_linear=0
shrinkage=0.04


Tree=5
num_leaves=127
num_cat=0
split_feature=13 11 13 17 16 11 7 14 7 11 7 14 12 13 14 2 11 12 14 17 7 13 1 1 12 14 11 17 14 6 12 14 13 1 2 13 12 2 17 2 1 13 7 2 13 7 17 1 1 1 1 2 2 1 1 1 14 13 13 1 4 1 1 1 1 1 13 2 13 7 1 1 1 2 2 1 1 2 2 1 1 2 1 14 1 1 2 2 13 1 14 14 2 2 2 1 1 1 2 1 1 1 13 11 7 1 1 1 1 2 11 13 17 1 13 2 2 2 1 2 4 2 2 2 11 2
split_gain=10485.5 1587.44 877.754 828.798 847.84 509.649 476.098 371.97 307.512 281.018 264.25 233.085 256.34 419.398 214.297 175.294 169.753 193.562 223.201 157.758 155.863 150.789 132.052 166.901 121.309 120.978 105.396 95.1975 94.2489 91.3688 83.1418 131.415 121.571 82.3493 80.4298 74.3887 92.3051 72.9477 72.2168 70.9695 67.4162 66.3351 63.7822 61.8749 61.2851 60.4417 59.6504 58.3944 56.9148 69.7405 81.9659 78.6266 73.8124 56.7705 56.6953 56.5406 50.8545 49.0752 48.8931 48.3078 46.1807 45.968 86.1115 54.1768 61.0387 58.3862 45.8119 45.4552 43.6967 43.2354 43.0646 43.0931 43.0218 41.2964 40.6447 40.2898 39.3585 39.1715 65.0751 39.1128 38.5132 38.2221 39.7189 38.1693 37.9008 39.353 37.8955 56.726 54.0145 40.8425 37.7845 36.468 36.3852 36.0172 78.6919 35.9312 33.6052 32.9749 38.2426 32.8217 32.5577 33.2868 32.3126 31.8474 31.7373 31.5963 30.8657 30.4481 30.3304 30.2994 30.1438 29.3878 29.018 28.1334 28.1073 26.9179 27.7045 40.0803 26.8288 26.5878 26.5487 26.3339 44.5449 29.9427 29.401 26.0172
threshold=0.90955000000000008 8751.0000000000018 0.94715000000000016 1.0000000180025095e-35 1.0000000180025095e-35 6096.5350000000008 3.5000000000000004 0.78795000000000015 3.5000000000000004 6952.5750000000007 3.5000000000000004 0.73090000000000011 1.5000000000000002 0.87275000000000014 0.80785000000000007 1555.5000000000002 14107.305000000002 1.5000000000000002 0.67675000000000007 1.0000000180025095e-35 1.0000000180025095e-35 0.93235000000000012 208.50000000000003 65.500000000000014 1.5000000000000002 0.72935000000000005 11259.230000000001 1.0000000180025095e-35 0.79955000000000009 1.0000000180025095e-35 1.5000000000000002 0.79365000000000008 0.8851500000000001 15.500000000000002 491.50000000000006 0.90225000000000011 1.5000000000000002 305.50000000000006 1.0000000180025095e-35 1610.5000000000002 42.500000000000007 0.84025000000000005 3.5000000000000004 772.50000000000011 0.86425000000000007 1.5000000000000002 1.0000000180025095e-35 266.50000000000006 15.500000000000002 75.500000000000014 208.50000000000003 970.50000000000011 1220.5000000000002 30.500000000000004 245.50000000000003 47.500000000000007 0.72935000000000005 0.84665000000000012 0.64655000000000007 71.500000000000014 19.500000000000004 205.50000000000003 143.50000000000003 18.500000000000004 75.500000000000014 47.500000000000007 0.86685000000000012 473.50000000000006 0.63505000000000011 3.5000000000000004 75.500000000000014 16.500000000000004 62.500000000000007 1205.5000000000002 1232.5000000000002 161.50000000000003 245.50000000000003 1249.5000000000002 1109.5000000000002 43.500000000000007 53.500000000000007 158.50000000000003 200.50000000000003 0.94155000000000011 48.500000000000007 75.500000000000014 1205.5000000000002 1092.5000000000002 0.9648500000000001 143.50000000000003 0.7470500000000001 0.68135000000000012 1232.5000000000002 1493.5000000000002 1675.5000000000002 62.500000000000007 42.500000000000007 118.50000000000001 1621.5000000000002 142.50000000000003 75.500000000000014 47.500000000000007 0.91525000000000012 5895.1750000000011 3.5000000000000004 77.500000000000014 62.500000000000007 189.50000000000003 72.500000000000014 843.50000000000011 12592.170000000002 0.90405000000000013 1.0000000180025095e-35 35.500000000000007 0.88995000000000013 73.500000000000014 279.50000000000006 195.50000000000003 177.50000000000003 1011.5000000000001 14.500000000000002 491.50000000000006 980.50000000000011 58.500000000000007 4938.7700000000013 601.50000000000011
decision_type=2 2 2 2 2 2 2 2 2 2 2 2 2 2 2 2 2 2 2 2 2 2 2 2 2 2 2 2 2 2 2 2 2 2 2 2 2 2 2 2 2 2 2 2 2 2 2 2 2 2 2 2 2 2 2 2 2 2 2 2 2 2 2 2 2 2 2 2 2 2 2 2 2 2 2 2 2 2 2 2 2 2 2 2 2 2 2 2 2 2 2 2 2 2 2 2 2 2 2 2 2 2 2 2 2 2 2 2 2 2 2 2 2 2 2 2 2 2 2 2 2 2 2 2 2 2
left_child=1 3 6 4 5 11 38 16 20 -6 35 91 13 28 58 19 17 27 29 22 -4 26 23 40 44 -7 48 41 -13 -19 32 100 84 -17 -15 36 66 81 53 61 119 76 68 -24 -12 -34 67 57 -8 55 52 -52 99 -2 83 79 115 113 -14 80 111 62 63 -36 65 -65 106 -22 73 -43 71 -47 -57 -20 -54 114 -3 78 109 -50 -46 82 -11 93 -27 -86 87 88 -25 -89 -44 -1 -88 -23 -95 -55 -69 108 -99 -51 101 -32 -97 -104 -102 -66 -9 -76 -35 -45 -61 -5 -56 -39 -64 -18 117 -117 -77 -10 -93 123 124 -30 125 -123
right_child=2 7 8 60 9 25 21 10 15 37 24 12 14 34 -16 33 56 18 42 -21 46 54 43 86 -26 30 -28 -29 121 -31 31 -33 45 97 39 -37 -38 47 -40 -41 -42 69 90 77 59 70 -48 -49 49 50 51 -53 74 95 112 72 -58 -59 -60 110 -62 -63 75 64 105 -67 -68 96 -70 -71 -72 -73 -74 -75 107 118 -78 -79 -80 -81 -82 -83 -84 -85 85 -87 92 89 -90 -91 -92 120 -94 94 -96 102 -98 98 -100 -101 104 -103 103 -105 -106 -107 -108 -109 -110 -111 -112 -113 -114 -115 -116 116 -118 -119 -120 -121 -122 122 -124 -125 -126 -127
leaf_value=-0.037028624404060066 0.0042808945272017054 -0.026104102441227645 0.0096029459195432019 0.018914772819412604 -0.040307296527285007 -0.017388580993225777 -0.016982997170698816 0.013682982893018166 0.01198167951389514 -0.016942504485046958 -0.016295347099830309 -0.03795412863197363 -0.015620577902126705 -0.0037156512079778103 0.0062576098186933925 -0.0057176448192913657 -0.042662366770764681 -0.020019230097013962 -0.007138180738507559 0.067476052016588267 0.041922547274839024 0.011595904538329148 0.032684152725416457 0.0089751470366316727 0.009422331010501753 -0.022699615625053501 0.0098752393155863392 0.015133557826347266 -0.031948598228359291 0.016242357948865339 -0.0099302686694725667 0.012315898787996328 0.0054647610286849869 0.014439876061140094 -0.023641109168275134 0.018948291806354076 0.024282454196014519 -0.041925995674193112 0.051318364147375263 -0.0044234129754520688 0.030392545095775589 -0.0055703376838279707 -0.008854915369347259 0.018346278650720551 -0.0029887734916060945 -0.023275728476869335 0.083546011229961539 -0.0040799046769041912 0.0043305635467537065 -0.0035926639401494022 0.019430272823850424 0.00088103346105645455 0.023883793873747949 0.029339113137315357 0.019374788372144524 0.017089892319831969 0.0074742034566990757 -0.020170904005636398 -0.006259633457281687 -0.0084499276534255614 -0.012073804730654702 -0.0080095647871042015 -0.046616214062815291 -0.0156115207780048 -0.027402443531178999 0.00059082207972610968 0.0069816214430674008 0.018938455608480426 0.013923854061784407 -0.021620197207171135 -0.0099494501922143784 0.00078315701457374459 0.0057614867426111285 0.0081878608149881828 0.00019752710027550206 -0.0067042870559427415 -0.010275962184130323 0.027767577175339762 0.011060773298411194 -0.010087100540264618 0.0067195229296259573 -0.0054812742975366988 -0.049433202942508532 -0.022936605069395183 -0.0024831661346040057 -0.014090103762387587 0.035202963902400096 0.0091270205885875966 0.019039745491070691 -0.0058624884486198426 0.001394466427048259 -0.024536232380438047 0.016068366939254067 -0.0050994727270796993 0.010673753053751385 0.010861711156528026 0.031429753525229295 0.0033559298132176023 0.012936474848616297 -0.016169328129800591 0.0044354300101435316 0.0043550777917333115 0.0060889163698222195 0.022452117778268433 -0.011327629974808483 -0.01436319652476477 -0.0057470986503821977 -0.021944092943576236 0.026312902433923948 0.027984754487046962 -0.0007630552565349388 0.055672853105286142 0.061631290886234966 -0.027973398926454594 -0.027939304128496732 -0.010044470533643171 -0.0064697215720002825 0.019765155026176179 -0.025948753441499637 0.025964997547557194 -0.049942763407220037 -0.059689148990902351 -0.022157878221908147 -0.01105641459130889 -0.023724050057122106 -0.033478025145844109
leaf_weight=615 351 1675 560 1096 2025 1463 266 155 627 604 634 948 2525 1402 1334 405 28 1653 558 110 592 4729 1111 1786 1178 583 2993 134 146 119 374 980 986 1519 820 916 432 255 119 1037 1527 715 1462 969 1685 129 36 200 893 511 469 1660 110 697 722 828 1245 1447 1384 2725 76 1048 163 602 369 869 3763 400 604 431 1846 1538 1528 567 1562 219 297 1366 975 454 1068 489 67 58 608 2034 178 838 1638 445 948 1592 1526 754 1537 594 2597 865 2926 953 244 863 207 2475 1246 1555 833 106 447 1143 1167 36 27 2671 639 122 925 176 248 335 69 66 2646 447 565 823
leaf_count=615 351 1675 560 1096 2025 1463 266 155 627 604 634 948 2525 1402 1334 405 28 1653 558 110 592 4729 1111 1786 1178 583 2993 134 146 119 374 980 986 1519 820 916 432 255 119 1037 1527 715 1462 969 1685 129 36 200 893 511 469 1660 110 697 722 828 1245 1447 1384 2725 76 1048 163 602 369 869 3763 400 604 431 1846 1538 1528 567 1562 219 297 1366 975 454 1068 489 67 58 608 2034 178 838 1638 445 948 1592 1526 754 1537 594 2597 865 2926 953 244 863 207 2475 1246 1555 833 106 447 1143 1167 36 27 2671 639 122 925 176 248 335 69 66 2646 447 565 823
internal_value=-2.20467e-05 -0.0099641 0.0140719 -0.0146073 -0.0155299 -0.0128795 0.00871198 -0.00217227 0.0193631 -0.0274949 0.00209182 -0.0165626 -0.0151722 -0.0178949 -0.00758315 0.0173664 -0.00749621 -0.0100153 -0.005702 0.0197582 0.0292553 0.00609943 0.0193946 0.0163708 -0.00248468 -0.00655751 0.00334302 -0.0178538 -0.0264415 -0.017581 -0.0051708 -0.000245449 -0.00753409 0.0117084 -0.0125201 0.00843827 0.00657971 -0.022968 0.020565 -0.0141503 0.0251637 -0.0192732 -0.000615052 0.0242301 -0.0044123 -0.00328404 0.0322898 -0.0252417 0.00124926 0.00178435 -0.00112676 0.00496987 -0.00513164 0.0197166 0.0104421 0.00600776 0.00175009 -0.0262085 -0.0123076 -0.00327771 0.0180643 -0.0156938 -0.0171614 -0.0144084 -0.0121766 -0.0060378 0.00496872 0.0317723 0.00524603 -0.0116114 -0.0057408 -0.00107751 0.00974503 0.00058263 0.000343004 -0.0263005 -0.0237229 0.0221193 0.0196178 -0.000526261 0.000776122 -0.0139995 -0.0201996 0.00933339 -0.0134615 -0.0114207 0.0129561 0.0111031 0.0137915 0.00392484 -0.00482166 -0.0286892 0.0180715 0.0096009 0.00548082 0.0210791 0.0297646 0.0129351 0.0107517 -0.0117828 -0.00476136 3.22966e-05 0.0193197 0.021191 -0.00874349 -0.0168673 -0.00269373 -0.00120839 0.0171426 0.0235655 -0.00614616 0.0200921 0.0209114 -0.0291921 -0.0317456 -0.00394352 -0.00305038 0.00754852 -0.016936 0.0168575 -0.025597 -0.0241143 -0.0252559 -0.0162115 -0.030889 -0.035435
internal_weight=119730 70206 49524 43991 42783 35025 24603 26215 24921 7758 14556 22131 19855 14612 5243 20736 11659 9163 5911 14574 4185 20160 14464 8900 8457 12894 12333 3252 5641 1772 11431 3707 7724 6162 8971 6099 5183 5733 4443 7569 2489 3118 4139 5564 7279 4499 3625 4573 9340 9074 5371 2129 3242 4324 7827 3703 2496 4373 3909 6645 1208 6532 5484 4215 3395 1471 4751 3589 1729 1146 3513 1667 2356 1125 1778 1269 1972 4453 3087 1347 2753 1160 671 7078 3225 2642 6411 4707 3424 1283 2410 2276 1704 7020 2291 3973 2997 5757 3791 1464 2727 1237 3276 2682 1490 1924 988 1668 1966 2112 3892 1132 749 2926 802 1251 1223 298 467 962 1661 4693 4100 593 1454 889
internal_count=119730 70206 49524 43991 42783 35025 24603 26215 24921 7758 14556 22131 19855 14612 5243 20736 11659 9163 5911 14574 4185 20160 14464 8900 8457 12894 12333 3252 5641 1772 11431 3707 7724 6162 8971 6099 5183 5733 4443 7569 2489 3118 4139 5564 7279 4499 3625 4573 9340 9074 5371 2129 3242 4324 7827 3703 2496 4373 3909 6645 1208 6532 5484 4215 3395 1471 4751 3589 1729 1146 3513 1667 2356 1125 1778 1269 1972 4453 3087 1347 2753 1160 671 7078 3225 2642 6411 4707 3424 1283 2410 2276 1704 7020 2291 3973 2997 5757 3791 1464 2727 1237 3276 2682 1490 1924 988 1668 1966 2112 3892 1132 749 2926 802 1251 1223 298 467 962 1661 4693 4100 593 1454 889
is_linear=0
shrinkage=0.04


Tree=6
num_leaves=127
num_cat=0
split_feature=13 7 13 14 13 12 13 17 7 0 0 13 13 0 1 1 1 0 0 12 13 1 1 0 1 1 17 13 14 12 13 0 1 1 1 1 13 13 1 1 13 0 10 17 1 17 13 1 2 10 1 0 1 2 10 7 1 1 1 1 0 0 0 1 2 2 1 1 1 2 0 2 1 1 1 1 1 1 1 1 7 0 0 2 14 7 2 1 10 1 2 1 1 17 0 0 1 10 1 2 2 0 7 0 13 1 1 1 10 0 2 4 10 0 0 1 2 13 1 2 1 13 1 1 1 1
split_gain=9663.71 872.609 808.955 653.932 610.857 601.169 975.114 537.79 438.786 425.346 378.769 353.428 216.902 202.081 195.57 181.097 252.22 180.168 189.423 167.192 436.978 156.68 141.774 149.926 135.667 155.677 130.936 127.908 126.083 158.964 119.33 109.991 105.011 101.332 191.672 100.276 95.2181 94.0104 86.922 82.5719 76.982 75.2744 73.4587 66.5576 65.5783 63.5876 60.6852 59.7874 58.6537 58.1985 56.7941 55.7401 55.628 55.15 54.9306 53.7029 53.5086 91.0756 75.9271 52.5952 50.6452 50.5096 48.4913 48.3263 48.3161 47.3292 52.2662 49.4048 73.6197 47.2982 46.8085 46.4497 46.0566 44.1736 44.0211 43.6521 89.2149 66.3197 40.7849 39.5356 38.369 38.3206 37.4592 37.0844 36.3214 35.731 35.5594 35.5126 35.369 34.5326 36.0006 33.7093 38.622 33.2279 33.179 36.7575 32.9794 34.8357 32.7482 56.0038 32.0684 32.0427 31.7419 31.5663 31.3897 31.0702 42.1746 30.9628 30.7667 30.7208 30.4739 30.2568 30.018 29.9834 29.1145 29.0828 30.6248 28.9212 28.8895 28.5603 27.3536 27.0663 27.0568 26.7777 38.2717 28.3724
threshold=0.90955000000000008 3.5000000000000004 0.94715000000000016 0.73090000000000011 0.86685000000000012 1.5000000000000002 0.87275000000000014 1.0000000180025095e-35 3.5000000000000004 7.5000000000000009 15.500000000000002 0.66805000000000014 0.84850000000000014 25.500000000000004 85.500000000000014 75.500000000000014 15.500000000000002 6.5000000000000009 15.500000000000002 1.5000000000000002 0.64360000000000006 58.500000000000007 167.50000000000003 24.500000000000004 137.50000000000003 19.500000000000004 1.0000000180025095e-35 0.84425000000000006 0.67015000000000013 1.5000000000000002 0.90225000000000011 10.500000000000002 83.500000000000014 208.50000000000003 74.500000000000014 47.500000000000007 0.93235000000000012 0.59715000000000007 77.500000000000014 77.500000000000014 0.8226500000000001 6.5000000000000009 68933.000000000015 1.0000000180025095e-35 265.50000000000006 1.0000000180025095e-35 0.80735000000000012 43.500000000000007 817.50000000000011 85006.000000000015 35.500000000000007 27.500000000000004 243.50000000000003 324.50000000000006 134800.50000000003 1.0000000180025095e-35 75.500000000000014 47.500000000000007 167.50000000000003 16.500000000000004 5.5000000000000009 16.500000000000004 26.500000000000004 212.50000000000003 183.50000000000003 1665.5000000000002 225.50000000000003 197.50000000000003 176.50000000000003 970.50000000000011 2.5000000000000004 427.50000000000006 15.500000000000002 78.500000000000014 159.50000000000003 118.50000000000001 167.50000000000003 77.500000000000014 42.500000000000007 77.500000000000014 1.5000000000000002 26.500000000000004 7.5000000000000009 1419.5000000000002 0.66430000000000011 3.5000000000000004 1315.5000000000002 15.500000000000002 198295.50000000003 261.50000000000006 1141.5000000000002 78.500000000000014 127.50000000000001 1.0000000180025095e-35 23.500000000000004 16.500000000000004 27.500000000000004 74321.000000000015 143.50000000000003 1757.5000000000002 439.50000000000006 15.500000000000002 1.0000000180025095e-35 8.5000000000000018 0.92095000000000016 62.500000000000007 56.500000000000007 255.50000000000003 142931.00000000003 7.5000000000000009 970.50000000000011 14.500000000000002 134800.50000000003 27.500000000000004 5.5000000000000009 77.500000000000014 1220.5000000000002 0.66515000000000013 150.50000000000003 1141.5000000000002 56.500000000000007 0.93915000000000015 16.500000000000004 118.50000000000001 130.50000000000003 103.50000000000001
decision_type=2 2 2 2 2 2 2 2 2 2 2 2 2 2 2 2 2 2 2 2 2 2 2 2 2 2 2 2 2 2 2 2 2 2 2 2 2 2 2 2 2 2 2 2 2 2 2 2 2 2 2 2 2 2 2 2 2 2 2 2 2 2 2 2 2 2 2 2 2 2 2 2 2 2 2 2 2 2 2 2 2 2 2 2 2 2 2 2 2 2 2 2 2 2 2 2 2 2 2 2 2 2 2 2 2 2 2 2 2 2 2 2 2 2 2 2 2 2 2 2 2 2 2 2 2 2
left_child=1 4 8 28 7 6 12 9 43 14 26 56 40 24 21 16 101 -10 33 27 37 112 23 38 25 -12 31 46 -3 -30 49 32 120 34 78 50 72 84 -17 47 -5 -40 81 55 63 111 88 -27 103 80 -18 87 -34 64 -29 -2 57 110 62 -44 -24 -13 79 -33 -48 67 85 68 -15 -62 -60 -31 -20 -43 -25 77 -77 -74 122 -58 -6 -14 -80 109 -21 -67 108 -38 -11 90 -26 -55 -93 -32 95 -81 -73 -98 115 118 -36 -8 -22 -35 -57 106 -37 -9 -39 -72 -7 -42 -1 119 -61 -89 -117 -104 -100 -63 -4 -53 -19 125 -125 -41
right_child=2 3 10 5 30 11 15 107 17 19 13 61 42 65 -16 22 35 18 36 20 102 -23 60 74 89 39 -28 54 29 71 93 44 52 48 100 105 51 86 41 123 45 73 59 -45 -46 -47 53 -49 -50 -51 -52 121 -54 91 -56 104 58 -59 70 114 69 113 -64 -65 -66 66 -68 -69 -70 -71 83 96 75 -75 -76 76 -78 -79 82 94 -82 -83 -84 -85 -86 -87 -88 98 -90 -91 -92 92 -94 -95 -96 -97 97 -99 99 -101 -102 -103 117 -105 -106 -107 -108 -109 -110 -111 -112 -113 -114 -115 -116 116 -118 -119 -120 -121 -122 -123 -124 124 -126 -127
leaf_value=-0.040465009421333346 0.00010331947769304299 -0.033336082631474077 0.021889824166564369 -0.039674467213831735 -0.00072649685518170462 -0.0021844350059548722 0.032453708537140788 0.015138429701474766 -0.023586740399383688 -0.040468068978725333 -0.0065746995927073873 0.012535296133380202 -0.023543337393460626 0.025103607768952731 -0.035829003252075567 -0.027185730051670274 -0.0022867681841444577 0.03139317634534057 -0.016584526517255914 -0.017060171177852638 -0.0023011395631679379 -0.0042306223969040433 -0.026439091072574809 -0.02166796974659279 0.00018260772593767458 0.018601584435748459 0.06687208783513611 -0.0091198987707117561 -0.045450748864497167 -0.010600954890376577 0.016515778261406339 0.030613351290345293 0.013335804779561701 0.0024351015441220463 0.0066432502355305706 0.0017117529445709739 -0.014868323076741527 -0.00826338233726682 -0.037101237394763273 0.020473534458898324 -0.026439070891537641 0.0070626166056781741 -0.029662707249041104 0.049267352766394115 0.040393636998113269 0.0067858554230749825 -0.027489024111139793 0.0057375409536128338 0.012693378639758821 0.006817509246952437 -0.013927357039528816 0.0093136036129325278 0.029985119841321461 0.00090221359379201341 0.0033801392632545235 0.015128334323199469 -0.033057521058776219 0.002900508968486158 0.057273426405422344 -0.041303347834299994 0.0014371780333697736 -0.0057301913214203139 -0.036887274435317051 0.02261080005469028 0.0077922045565672251 0.026787561162105993 0.0038440872153451084 0.029492266455803662 0.010223080406602371 -0.007917520572620431 -0.021280868356373564 -0.031221497429717113 0.0014384557462431666 -0.010120192118488545 -0.036526907036208256 -0.012568557381666484 0.001448140509250552 0.018400519884022856 0.0099526732071810731 -0.011130156249447465 -0.037285954577654538 -0.048753750369055937 0.021492395387832462 -0.011386964582255021 -0.0076818759202547694 0.014709968890037848 0.0059908354149959412 0.0067036593752953849 -0.018783589168089948 0.024483856669206824 0.0078636466974697089 -0.031652965891080194 -0.016420855968738397 0.054038466358428718 -0.020099097798226877 0.011065362723971479 -0.025624335617686091 -0.016622255188631391 -0.012094378157710655 0.012925526373340419 -0.0022199830335862189 -0.022675252362751034 0.012463873567133172 0.026588009673478151 0.022520020430657071 -0.00042287932592524049 0.013365851350321582 0.036275004728551233 0.015822302442238007 0.0016860917785412788 -0.015668306903039185 -0.038706152504123292 -0.0096353530454557582 0.01818450271867212 -0.014526253182979161 0.0067379325219968393 0.023470872970340367 0.024116566725198175 0.0020193274414627136 0.0049026696775064712 0.033501861459173873 0.036695157231966875 0.0016112138557685715 0.0020729150517410609 0.034809184660183443 0.032264313025510367
leaf_weight=307 230 1776 556 1061 1866 387 17 1157 327 269 448 1646 2318 1469 1273 537 1652 55 266 1510 128 870 182 914 1440 1491 116 2120 389 891 1217 2284 2700 96 957 1295 124 856 159 552 2404 255 422 119 601 86 81 946 2215 4104 1130 96 365 140 765 1405 162 1554 19 66 1285 583 160 2581 265 607 465 1293 836 2640 103 430 2067 3829 493 999 2662 449 658 1226 47 101 1437 948 1179 1116 703 1097 220 157 3039 335 1318 39 628 132 999 2232 280 730 2056 1055 661 920 2689 2476 807 123 94 968 879 374 61 193 4610 287 452 709 1352 1316 793 147 431 167 87 812
leaf_count=307 230 1776 556 1061 1866 387 17 1157 327 269 448 1646 2318 1469 1273 537 1652 55 266 1510 128 870 182 914 1440 1491 116 2120 389 891 1217 2284 2700 96 957 1295 124 856 159 552 2404 255 422 119 601 86 81 946 2215 4104 1130 96 365 140 765 1405 162 1554 19 66 1285 583 160 2581 265 607 465 1293 836 2640 103 430 2067 3829 493 999 2662 449 658 1226 47 101 1437 948 1179 1116 703 1097 220 157 3039 335 1318 39 628 132 999 2232 280 730 2056 1055 661 920 2689 2476 807 123 94 968 879 374 61 193 4610 287 452 709 1352 1316 793 147 431 167 87 812
internal_value=-2.11657e-05 -0.00956565 0.0135092 -0.0126199 -0.00305424 -0.0107275 -0.0136369 -0.00763026 0.0083636 -0.00992084 0.0185888 -0.00267755 -0.022837 0.0145523 -0.0248188 -0.00801513 -0.00366808 0.00585551 0.00634126 -0.00662524 -0.00190808 -0.0134921 -0.0115754 -0.0154004 0.0108477 0.0157932 0.0246152 -0.0116213 -0.0241908 -0.0209021 0.00647346 0.024118 0.0194175 0.0107073 0.00744833 -0.00102715 0.00284058 -0.00833549 -0.0120202 0.0182656 -0.0304605 -0.0100993 -0.0188556 0.0197427 0.0279126 -0.0270444 -0.0180057 0.0136101 0.0163482 0.00413153 -0.00701674 0.00726021 0.0153207 -0.0150944 -0.00580394 0.0189281 -0.00787893 -0.00358566 -0.0106636 -0.0161288 -0.00581205 0.00729272 -0.0156325 0.0263692 -0.000461273 0.0204027 0.0157563 0.0232266 0.019709 -0.00485392 -0.00503401 -0.0188025 -0.000290262 -0.00904619 -0.0268795 0.000411027 -0.00237583 0.00446767 0.015448 -0.0140458 -0.00162871 -0.0245996 0.0178705 -0.00562515 -0.0129502 0.0189684 -0.000825871 0.00621057 -0.0307263 0.00604297 0.00539514 -0.0179158 -0.019512 0.0176883 -0.0124914 -0.00896911 -0.0207971 -0.0194076 0.00683448 0.00371687 0.000593989 -0.0217943 0.0167186 0.0243102 0.0199847 0.00261186 0.00618832 0.0171753 -0.00587454 -0.000520728 -0.0115501 -0.0280934 -0.0353695 0.00316551 -0.0149059 0.0108427 0.0169796 0.0184986 -0.000400283 0.00163611 0.0287208 0.0259025 0.00499559 0.0252738 0.0133108 0.0274975
internal_weight=119730 70206 49524 47789 22417 41072 30168 15144 24603 13864 24921 10904 11442 14925 2511 18726 8432 20160 19833 11353 5840 1238 10294 6187 9139 4503 9996 5513 6717 4941 7273 9880 4414 8825 5594 7360 11008 4342 4780 4055 3925 4243 7517 4443 5466 2864 2628 2437 3231 6017 2782 4565 3065 2139 2885 4324 7166 2820 4346 5098 4107 3738 2308 4865 346 5786 2188 3598 2305 3925 2038 4552 6443 4084 1407 6177 3661 2516 2581 2148 1913 2419 2095 2019 2689 1723 1653 4322 489 4636 4479 1793 1653 1256 1986 1358 3661 3231 4198 2362 3013 1072 1498 1016 4094 4578 2102 1280 950 1071 1266 2778 368 2092 4676 1836 739 1370 1632 1899 1349 243 486 1618 254 1364
internal_count=119730 70206 49524 47789 22417 41072 30168 15144 24603 13864 24921 10904 11442 14925 2511 18726 8432 20160 19833 11353 5840 1238 10294 6187 9139 4503 9996 5513 6717 4941 7273 9880 4414 8825 5594 7360 11008 4342 4780 4055 3925 4243 7517 4443 5466 2864 2628 2437 3231 6017 2782 4565 3065 2139 2885 4324 7166 2820 4346 5098 4107 3738 2308 4865 346 5786 2188 3598 2305 3925 2038 4552 6443 4084 1407 6177 3661 2516 2581 2148 1913 2419 2095 2019 2689 1723 1653 4322 489 4636 4479 1793 1653 1256 1986 1358 3661 3231 4198 2362 3013 1072 1498 1016 4094 4578 2102 1280 950 1071 1266 2778 368 2092 4676 1836 739 1370 1632 1899 1349 243 486 1618 254 1364
is_linear=0
shrinkage=0.04


Tree=7
num_leaves=127
num_cat=0
split_feature=9 9 9 17 17 7 7 0 9 9 7 0 7 1 1 14 0 0 1 7 17 2 1 1 1 1 0 0 1 2 1 0 1 0 17 1 9 1 1 1 1 1 9 1 0 9 1 1 1 1 1 8 1 0 2 1 2 2 0 1 7 2 1 1 0 1 1 1 1 1 8 10 1 7 1 2 0 10 0 2 8 2 1 2 2 1 1 0 2 2 0 14 1 9 0 8 1 1 0 2 8 9 0 1 1 1 1 2 2 0 0 2 0 1 0 1 0 0 1 0 15 2 1 10 0 2
split_gain=11089.9 1912.31 1493.65 620.025 533.012 471.314 434.944 343.257 320.096 282.689 238.618 189.818 183.587 174.155 197.34 154.113 143.375 182.432 148.608 139.436 137.097 129.34 126.029 114.694 104.566 147.451 97.5309 83.7004 102.019 79.6465 78.0952 78.0186 77.9511 137.422 77.5332 75.2082 74.5537 74.495 79.316 198.428 77.5459 70.0163 66.5813 66.2582 63.488 63.2044 62.0538 83.1634 61.9337 61.9114 81.6781 51.8898 51.5448 51.3524 50.839 47.2009 42.83 67.1476 43.0029 42.7235 42.3529 41.5505 40.8265 46.7664 40.1801 40.096 43.1802 39.6975 59.9444 37.9295 37.9033 45.9853 36.7751 34.0721 33.4807 33.376 33.2485 32.9769 38.2509 73.8526 34.147 32.7677 37.4815 32.1386 31.4109 31.2234 55.4784 33.8787 30.5791 30.3774 35.792 30.1977 30.1021 29.3967 28.8256 28.7785 28.7446 41.8852 30.0838 28.5767 28.3396 28.2686 28.1181 27.7021 27.5806 27.5268 27.3606 28.631 27.3098 27.1035 88.2057 27.0801 26.1928 25.2296 25.0986 24.7899 24.5317 22.8057 22.2443 22.1044 21.8347 21.8087 21.6833 21.4411 21.2173 21.135
threshold=9.5000000000000018 6.5000000000000009 13.500000000000002 1.0000000180025095e-35 1.0000000180025095e-35 3.5000000000000004 3.5000000000000004 15.500000000000002 11.500000000000002 16.500000000000004 1.5000000000000002 25.500000000000004 1.0000000180025095e-35 118.50000000000001 77.500000000000014 0.94715000000000016 6.5000000000000009 14.500000000000002 74.500000000000014 1.5000000000000002 1.0000000180025095e-35 1665.5000000000002 208.50000000000003 19.500000000000004 75.500000000000014 47.500000000000007 7.5000000000000009 10.500000000000002 69.500000000000014 1315.5000000000002 16.500000000000004 6.5000000000000009 160.50000000000003 24.500000000000004 1.0000000180025095e-35 247.50000000000003 14.500000000000002 18.500000000000004 118.50000000000001 166.50000000000003 77.500000000000014 225.50000000000003 3.5000000000000004 77.500000000000014 6.5000000000000009 3.5000000000000004 210.50000000000003 176.50000000000003 225.50000000000003 233.50000000000003 186.50000000000003 1.5000000000000002 43.500000000000007 3.5000000000000004 626.50000000000011 266.50000000000006 1463.5000000000002 415.50000000000006 27.500000000000004 212.50000000000003 3.5000000000000004 1128.5000000000002 40.500000000000007 85.500000000000014 10.500000000000002 83.500000000000014 164.50000000000003 48.500000000000007 16.500000000000004 241.50000000000003 1.5000000000000002 67894.000000000015 75.500000000000014 3.5000000000000004 248.50000000000003 751.50000000000011 27.500000000000004 142931.00000000003 26.500000000000004 902.50000000000011 1.5000000000000002 556.50000000000011 217.50000000000003 1856.5000000000002 556.50000000000011 48.500000000000007 62.500000000000007 27.500000000000004 809.50000000000011 371.50000000000006 27.500000000000004 0.90805000000000013 87.500000000000014 18.500000000000004 27.500000000000004 1.5000000000000002 34.500000000000007 151.50000000000003 7.5000000000000009 106.50000000000001 1.5000000000000002 4.5000000000000009 7.5000000000000009 87.500000000000014 53.500000000000007 142.50000000000003 197.50000000000003 1690.5000000000002 706.50000000000011 26.500000000000004 28.500000000000004 1598.5000000000002 28.500000000000004 159.50000000000003 6.5000000000000009 15.500000000000002 27.500000000000004 8.5000000000000018 266.50000000000006 8.5000000000000018 1.0000000180025095e-35 1895.5000000000002 103.50000000000001 93056.000000000015 26.500000000000004 1287.5000000000002
decision_type=2 2 2 2 2 2 2 2 2 2 2 2 2 2 2 2 2 2 2 2 2 2 2 2 2 2 2 2 2 2 2 2 2 2 2 2 2 2 2 2 2 2 2 2 2 2 2 2 2 2 2 2 2 2 2 2 2 2 2 2 2 2 2 2 2 2 2 2 2 2 2 2 2 2 2 2 2 2 2 2 2 2 2 2 2 2 2 2 2 2 2 2 2 2 2 2 2 2 2 2 2 2 2 2 2 2 2 2 2 2 2 2 2 2 2 2 2 2 2 2 2 2 2 2 2 2
left_child=1 5 4 9 8 12 20 15 10 26 29 13 111 14 23 27 -8 18 99 31 55 46 72 -9 25 54 62 28 67 89 -21 -10 33 43 45 42 77 -19 40 105 121 -41 -15 -26 -32 84 47 116 94 50 125 -33 101 -17 -12 85 57 58 -53 -29 100 -44 -4 -64 65 -55 -67 68 -7 -24 71 -11 -20 -27 95 -61 -43 78 -28 104 -79 -46 88 -56 -14 -3 -87 -88 -83 90 -2 -48 -74 -72 -23 -34 115 98 -98 -18 -38 -25 -51 -45 -80 -40 -99 -108 -84 -90 -111 -1 -89 -35 -105 -47 -13 -59 -31 -97 -65 -39 -16 -100 -120 -30
right_child=2 6 3 -5 -6 7 16 11 19 70 24 21 34 35 122 53 17 37 22 30 -22 48 69 52 32 73 36 59 49 118 44 51 74 113 -36 -37 60 38 39 41 -42 76 61 103 81 96 91 -49 -50 102 -52 56 -54 64 83 -57 -58 117 -60 75 -62 -63 63 120 -66 66 -68 -69 -70 -71 93 -73 92 -75 -76 -77 -78 80 79 -81 -82 82 108 -85 -86 86 87 112 109 -91 -92 -93 -94 -95 -96 119 97 106 123 -101 -102 -103 -104 114 -106 -107 107 -109 -110 110 -112 -113 -114 -115 -116 -117 -118 -119 124 -121 -122 -123 -124 -125 -126 -127
leaf_value=0.00096392873383896363 -0.0026493469487051352 0.001066886524139654 -0.045995315930929523 0.0087059414150339257 0.023616743033118125 0.035260382329892176 -0.024123846919184868 -0.0079836940589527138 -0.029533262690904786 0.011470266765916646 -0.0030045659982511287 0.024074181108784943 0.038219814248731353 0.0073325462350092054 0.018845004214655642 0.062724337365325553 0.003123031916771473 -0.017959002294499756 0.0018417912513688456 -0.027796038114562781 0.047556171204769106 0.011634842264269526 0.023283984644403125 0.017330512120936805 -0.027313953561027927 -0.044362247861179475 -0.019057969436058829 0.024370218733212358 0.010424422271641576 0.0032240965099433272 -0.034680632069751451 0.0061111086533102736 0.0050544078721538026 -0.022206557913071329 0.07645306063788844 0.016105088813810481 -0.0059362512311264114 0.00043951049661650145 -0.0050753584883488903 0.0038670824485742155 0.01562659557254361 -0.0086418756325790068 -0.0061591768166895256 0.004147247284219756 -0.011147244113662613 0.031925611058455594 0.014789246178961126 0.0077990574360135836 -0.00071384857833723921 0.053451197678068545 -0.022130471174026233 -0.0082579159357978067 0.0052337646231112788 0.029815996370105673 -0.018825441331694816 0.021078167416347084 -0.0046915120917128969 -0.028424702090520837 0.017048935967964342 0.033835708933497022 -0.028776471316331553 0.0019920315201790821 -0.013670610077694739 -0.026599545400384988 0.028218852881133474 0.011447868344895707 0.024937091017664254 0.023557822074155958 0.0029649723888925715 0.0072366199565980982 -0.034923255776533095 -0.035160600479137889 -0.020897249657357963 0.00069206043656004244 -0.014922604855804432 0.014036253348402425 0.0081609410818286876 0.016992322635728675 0.022752392381058688 -0.04872920093509775 -0.0140946226202081 -0.027036431084069279 -0.0019113519876892992 -0.0072514213700477061 0.027973043335008791 0.019112265357138485 0.0072010522015580206 0.041116252898008326 -0.016691336718167107 -0.010609739036837793 0.026588041551002473 0.02823219960335905 -0.004712310906612698 -0.043394645838939587 0.044012423809246054 -0.019741537200651117 0.0062030711184960429 0.013101108635667885 0.034381241290157884 0.013242102742052977 -0.022693155992485562 0.0069865542332488914 0.014332154736885412 -0.035840431753940853 -0.021706180309261001 -0.01771721449890578 0.021204933181522403 0.034997175992383264 -0.014686112569137695 -0.044249875090163801 -0.0095650766042636743 0.015964428074885146 0.012869006902341662 -0.033908012270451503 -0.010701570526183092 0.007841239673505725 0.011270521881577516 -0.016009049259256371 0.014104725943162666 -0.0057644717174043947 -0.03694929733100711 -0.006270567469443592 0.028226652301924442 0.024245786230648225 -0.011398438684994619 0.0026526526024964509
leaf_weight=556 1157 747 307 813 735 120 422 610 295 52 659 1328 635 2723 675 56 554 563 1536 1128 157 1998 314 1638 413 27 3341 1870 1192 1829 301 367 359 613 48 697 186 3657 325 2243 498 1614 1450 199 1784 86 335 1182 810 30 168 947 1606 527 1482 540 1705 304 121 149 3271 3227 239 544 1983 918 650 1382 394 950 1195 96 198 2973 786 1630 213 61 24 215 742 682 319 520 1997 860 4241 82 3616 907 71 1360 2596 1484 45 204 87 581 879 2327 1264 572 1462 65 293 1851 2070 274 1692 235 235 295 148 576 2977 337 294 1093 591 1628 836 983 964 547 57 1059
leaf_count=556 1157 747 307 813 735 120 422 610 295 52 659 1328 635 2723 675 56 554 563 1536 1128 157 1998 314 1638 413 27 3341 1870 1192 1829 301 367 359 613 48 697 186 3657 325 2243 498 1614 1450 199 1784 86 335 1182 810 30 168 947 1606 527 1482 540 1705 304 121 149 3271 3227 239 544 1983 918 650 1382 394 950 1195 96 198 2973 786 1630 213 61 24 215 742 682 319 520 1997 860 4241 82 3616 907 71 1360 2596 1484 45 204 87 581 879 2327 1264 572 1462 65 293 1851 2070 274 1692 235 235 295 148 576 2977 337 294 1093 591 1628 836 983 964 547 57 1059
internal_value=-2.02997e-05 0.010045 -0.014744 -0.0252588 -0.0100685 0.0152718 0.00181327 0.0132356 -0.0108209 -0.0272106 -0.00725 0.0100914 0.0237884 0.00738365 0.0125091 0.0182127 -0.00104835 -0.000571206 0.00391724 -0.0151789 0.0106178 0.0153066 0.000115266 0.00811668 -0.00993683 -0.00579492 -0.0243842 0.0153948 0.0124094 0.00060285 -0.0178771 -0.00959816 -0.0129346 -0.0160665 0.025776 0.00354388 -0.0227016 -0.00375557 -0.00305263 -0.00608089 0.000627926 -0.000866687 0.00236001 -0.0122204 -0.0166141 0.0254498 0.0195322 0.0158749 0.00864121 0.00871575 0.00476055 -0.00830046 0.0106916 0.0246568 -0.0126493 0.00974022 -0.00956989 -0.0129422 -0.00538568 0.0201442 -0.0262502 -0.000534292 -0.0325902 -0.0300431 0.0241315 0.0202596 0.0170435 0.0200256 0.0105179 0.0112278 -0.0385286 -0.0187531 -0.00312792 0.000283773 -0.00783783 0.0156986 -0.0066804 -0.0191175 -0.0206486 -0.0306247 -0.0117263 -0.0159782 -0.0172488 -0.0158217 0.0304481 0.00873192 0.00980518 0.00801367 -0.0191823 -0.00505796 -0.000953627 0.0255787 -0.00586141 -0.0396188 0.0123521 -0.00529385 0.0227422 0.023693 0.0291043 0.0112978 -0.020547 0.0146555 0.0151249 -0.010295 -0.0183215 -0.0158312 0.0208916 0.0228203 -0.0126619 -0.0178697 -0.0269217 0.00616983 0.0229706 -0.027881 -0.0112412 0.0127537 0.0217567 -0.0187155 0.00548369 -0.00732405 -0.0328745 -0.000981285 0.0243668 0.0304982 0.0118538 0.00677019
internal_weight=119730 71115 48615 14963 33652 43496 27619 35104 32917 14150 18093 21514 8392 14162 6065 13590 20844 20422 8475 14824 6775 7352 5594 4426 13481 5661 11323 9456 5807 4612 9992 4832 7820 4843 7541 8097 9397 11947 11384 6246 5138 4070 7400 3654 8864 7493 4499 2804 2853 3911 2419 4537 3816 4134 2661 6618 4170 2465 1068 3649 4721 4677 1926 1619 4078 2095 1568 1896 514 1264 2827 148 4330 3000 2977 1779 1827 4676 3873 532 803 8563 6779 2002 2632 6078 5331 4471 4768 2135 1228 1695 2794 2679 2043 2191 4861 4438 1513 2881 1450 2210 1492 3241 317 2176 2925 2344 2011 4086 470 851 230 1189 3042 423 1622 1397 2477 1832 1380 4640 1639 1426 648 2251
internal_count=119730 71115 48615 14963 33652 43496 27619 35104 32917 14150 18093 21514 8392 14162 6065 13590 20844 20422 8475 14824 6775 7352 5594 4426 13481 5661 11323 9456 5807 4612 9992 4832 7820 4843 7541 8097 9397 11947 11384 6246 5138 4070 7400 3654 8864 7493 4499 2804 2853 3911 2419 4537 3816 4134 2661 6618 4170 2465 1068 3649 4721 4677 1926 1619 4078 2095 1568 1896 514 1264 2827 148 4330 3000 2977 1779 1827 4676 3873 532 803 8563 6779 2002 2632 6078 5331 4471 4768 2135 1228 1695 2794 2679 2043 2191 4861 4438 1513 2881 1450 2210 1492 3241 317 2176 2925 2344 2011 4086 470 851 230 1189 3042 423 1622 1397 2477 1832 1380 4640 1639 1426 648 2251
is_linear=0
shrinkage=0.04


Tree=8
num_leaves=127
num_cat=0
split_feature=9 9 9 17 7 9 7 7 9 17 17 9 1 7 9 9 1 9 1 17 2 1 1 2 1 2 8 1 1 2 2 2 1 17 2 1 13 2 2 1 2 2 4 1 7 2 2 8 1 2 1 1 1 1 1 2 2 2 9 8 2 1 1 1 2 1 8 1 1 1 2 2 1 1 1 1 2 1 1 2 1 8 7 1 9 1 1 1 1 1 7 1 1 2 1 1 1 1 1 10 2 17 9 4 1 1 1 2 1 8 1 1 1 1 1 7 2 1 1 2 2 4 1 1 2 1
split_gain=10236.9 1842.86 1100.39 834.058 508.287 449.851 353.648 284.981 185.168 183.691 180.893 164.509 147.015 145.103 142.468 133.458 124.672 115.026 90.2223 85.8881 85.5227 82.3823 82.2788 77.1365 85.7203 77.9474 76.9994 83.9014 85.7821 74.3424 77.454 74.0226 71.5359 64.3033 59.5951 58.0351 51.7192 51.5862 50.0309 48.6919 45.429 83.2497 60.8446 44.0069 43.8893 43.4755 43.2232 63.5924 42.9598 41.3149 39.5464 87.8212 49.4806 38.9589 38.4519 38.0128 156.934 37.7594 37.6994 37.383 36.86 35.5795 62.3741 47.4016 35.9839 35.7616 35.211 34.6847 71.3774 62.1712 33.2434 43.8103 33.204 33.0358 41.8451 33.5925 32.2776 32.0362 31.5922 45.1517 38.179 31.5076 39.1746 30.5737 30.0156 31.4641 29.9769 27.5527 30.2499 27.4872 26.1455 31.5641 41.588 25.866 25.8631 24.5495 60.0176 24.1626 24.1467 23.7886 23.6839 23.4346 22.936 22.6036 22.5855 22.2389 23.9753 23.3472 22.5211 21.9961 21.8948 39.1971 32.9894 38.1572 23.446 21.286 29.026 21.1082 34.2306 20.7665 20.7172 20.5586 20.4899 29.2034 20.4251 20.3074
threshold=8.5000000000000018 12.500000000000002 5.5000000000000009 1.0000000180025095e-35 1.5000000000000002 14.500000000000002 3.5000000000000004 3.5000000000000004 10.500000000000002 1.0000000180025095e-35 1.0000000180025095e-35 3.5000000000000004 75.500000000000014 1.0000000180025095e-35 18.500000000000004 7.5000000000000009 27.500000000000004 10.500000000000002 217.50000000000003 1.0000000180025095e-35 1555.5000000000002 75.500000000000014 245.50000000000003 888.50000000000011 208.50000000000003 1141.5000000000002 1.5000000000000002 133.50000000000003 208.50000000000003 305.50000000000006 195.50000000000003 929.50000000000011 19.500000000000004 1.0000000180025095e-35 1035.5000000000002 107.50000000000001 0.94345000000000012 1567.5000000000002 1578.5000000000002 35.500000000000007 305.50000000000006 58.500000000000007 14.500000000000002 42.500000000000007 1.0000000180025095e-35 1351.5000000000002 1148.5000000000002 1.5000000000000002 89.500000000000014 1736.5000000000002 167.50000000000003 142.50000000000003 77.500000000000014 15.500000000000002 266.50000000000006 1530.5000000000002 1518.5000000000002 970.50000000000011 7.5000000000000009 1.5000000000000002 617.50000000000011 208.50000000000003 65.500000000000014 212.50000000000003 1681.5000000000002 189.50000000000003 1.5000000000000002 118.50000000000001 241.50000000000003 112.50000000000001 1900.5000000000002 1839.5000000000002 218.50000000000003 88.500000000000014 48.500000000000007 62.500000000000007 274.50000000000006 34.500000000000007 194.50000000000003 1305.5000000000002 163.50000000000003 1.5000000000000002 3.5000000000000004 69.500000000000014 15.500000000000002 191.50000000000003 151.50000000000003 65.500000000000014 110.50000000000001 52.500000000000007 3.5000000000000004 75.500000000000014 107.50000000000001 1909.5000000000002 143.50000000000003 75.500000000000014 107.50000000000001 48.500000000000007 266.50000000000006 39868.000000000007 1801.5000000000002 1.0000000180025095e-35 14.500000000000002 22.500000000000004 35.500000000000007 208.50000000000003 83.500000000000014 715.50000000000011 38.500000000000007 1.5000000000000002 167.50000000000003 143.50000000000003 189.50000000000003 218.50000000000003 77.500000000000014 3.5000000000000004 263.50000000000006 62.500000000000007 56.500000000000007 1810.5000000000002 93.500000000000014 8.5000000000000018 47.500000000000007 43.500000000000007 518.50000000000011 62.500000000000007
decision_type=2 2 2 2 2 2 2 2 2 2 2 2 2 2 2 2 2 2 2 2 2 2 2 2 2 2 2 2 2 2 2 2 2 2 2 2 2 2 2 2 2 2 2 2 2 2 2 2 2 2 2 2 2 2 2 2 2 2 2 2 2 2 2 2 2 2 2 2 2 2 2 2 2 2 2 2 2 2 2 2 2 2 2 2 2 2 2 2 2 2 2 2 2 2 2 2 2 2 2 2 2 2 2 2 2 2 2 2 2 2 2 2 2 2 2 2 2 2 2 2 2 2 2 2 2 2
left_child=2 4 6 5 9 18 13 19 12 17 11 20 16 -1 40 23 -6 89 29 44 22 38 59 24 83 35 27 93 78 30 48 95 -28 36 -30 -25 -15 117 45 -33 41 -7 81 -38 -4 -17 47 -31 -3 -22 51 52 -14 -27 103 56 90 66 -46 105 -45 62 77 -63 65 -64 -52 69 100 73 71 104 -20 74 -55 -76 -32 -34 79 80 94 82 -42 97 85 -83 -62 -61 -89 -2 -41 -92 -93 -13 -29 120 -97 -9 -60 -16 -69 -70 -5 109 -48 106 108 -107 -8 -19 111 114 -112 -114 -23 116 -43 118 -18 -88 -10 -111 123 -39 -65 -91
right_child=1 3 7 102 8 14 10 15 31 -11 -12 26 50 33 99 21 37 54 72 -21 49 110 -24 25 -26 53 32 28 34 46 76 39 61 -35 -36 -37 43 122 -40 55 42 115 -44 60 58 -47 70 -49 -50 -51 57 -53 -54 67 -56 -57 -58 -59 98 87 86 63 64 124 -66 -67 -68 68 101 -71 -72 -73 -74 -75 75 -77 -78 -79 -80 -81 -82 84 -84 -85 -86 -87 119 88 -90 125 91 92 -94 -95 -96 96 -98 -99 -100 -101 -102 -103 -104 -105 -106 107 -108 -109 -110 121 112 -113 113 -115 -116 -117 -118 -119 -120 -121 -122 -123 -124 -125 -126 -127
leaf_value=0.0071172424022604161 -0.0033317634062759709 -0.013695391428570212 -0.0078658601389092909 0.016424650575012786 -0.016541357522642592 -0.046576241783792542 0.018882756745652061 0.0048769730552227939 -0.011712843600518639 0.028725934405340676 0.05969926164222062 0.022025078470623821 -0.022874776736234469 0.02068303140879375 -0.0067404062502852118 0.002082777940575686 0.0014322334984282112 0.0023732465008322692 0.0078401557052555602 0.045337545926133822 0.0069143643788149856 -0.023781520095102326 0.030139377385063035 0.0097186141867034465 0.017445507850649113 -0.01439449024228638 -0.0057200836210853454 0.0064252616489641834 0.025989931630925792 -0.00057397182389865335 0.012958124764476879 -0.024950200923624037 0.0062101249653181067 0.075353815630984727 0.011887870837977646 -0.011888972450838213 0.016241625637778655 -0.00067298185085038886 -0.0042647636454493506 -0.041452497654715502 -0.0068720605033156133 0.0060783981104486715 -0.041882925411836212 0.038125467541004071 0.016160534918488463 0.013037144780848005 -0.025778890927155095 -0.02512281923970297 -0.032442233792777227 0.015557151683745154 0.012368883856856494 -0.018769817922023344 -0.005871326606383202 0.00065441932555233482 0.0057650339615430979 -0.010895293532226884 -0.036577666653325118 -0.0099731051070960728 0.0082466710320852326 0.022495414308888236 0.035210782520577244 0.023394906995840268 0.003162326453366305 0.024879164216062396 0.010382524347286801 -0.015634895543842769 -0.0047399829153041218 -0.003218573024191893 0.0099174764350683682 0.023095017129107172 -0.035389194813457023 -0.00076488645134413014 -0.01289160298183444 -0.00094783917126524094 0.021800308298103404 0.0085724013348005453 -0.010080389086636707 0.017316077776789 -0.0081290651126964489 0.015549567493876648 0.011576875232643056 -0.029197168139863165 -0.026976889494574441 -0.00011997686059077305 -0.032995903356859126 -0.020936625144059359 0.024207557459951966 0.0054260031848185827 0.015252119793681723 0.013425728043909593 -0.0057866921568841614 -0.027088014747983495 -0.012845849239928491 0.0071863666798301232 -0.0068214159752206655 -0.026669083419313268 -0.0086740297984338795 0.017379783990928745 0.021974581625247739 -0.041768073167958504 0.00507494911229147 0.053530223144227583 0.005165323490305216 -0.02715016466614956 -0.017205318121311472 0.065479781120610994 0.016210211100355254 0.023882836465400584 0.034157372954624149 0.015776045362703994 0.007198709142429224 -0.017456642569608924 -0.023274526131977395 -0.0032651434506728466 -0.0033017146553822839 -0.018903158798401216 -0.019818749221879279 -0.00094084374421882027 0.011733664291877218 0.038730926951442195 -0.0013304429330830232 -0.0069103593559978905 0.0013979166566359719 -0.012379316754837973 0.0097586338760776176 0.004759290534431233
leaf_weight=776 606 1110 171 679 852 143 387 654 454 379 136 1955 309 2580 32 1817 1556 521 129 127 1634 97 937 260 1491 169 532 406 763 176 227 827 638 41 1296 843 455 549 1195 53 252 167 518 648 2584 852 599 4353 238 1937 261 2045 2418 730 532 2572 567 1785 2469 659 636 544 2501 151 1160 173 732 2058 1181 386 176 233 2803 796 429 1089 170 1200 226 757 600 2197 406 1009 1678 1120 2053 606 2943 491 716 403 1783 209 562 349 1984 399 224 1498 752 20 507 77 2820 22 2111 1325 260 65 414 585 172 1347 1150 408 118 1769 773 172 956 3245 504 903 2797 3679
leaf_count=776 606 1110 171 679 852 143 387 654 454 379 136 1955 309 2580 32 1817 1556 521 129 127 1634 97 937 260 1491 169 532 406 763 176 227 827 638 41 1296 843 455 549 1195 53 252 167 518 648 2584 852 599 4353 238 1937 261 2045 2418 730 532 2572 567 1785 2469 659 636 544 2501 151 1160 173 732 2058 1181 386 176 233 2803 796 429 1089 170 1200 226 757 600 2197 406 1009 1678 1120 2053 606 2943 491 716 403 1783 209 562 349 1984 399 224 1498 752 20 507 77 2820 22 2111 1325 260 65 414 585 172 1347 1150 408 118 1769 773 172 956 3245 504 903 2797 3679
internal_value=-1.94552e-05 -0.0121929 0.0112181 -0.0210396 -0.00639338 -0.0228353 0.015643 0.00482676 -0.00938475 0.00143772 0.0136811 0.0134671 -0.0064345 0.0234853 -0.0299736 0.00258671 -0.002216 0.000314787 -0.0181593 0.0128197 0.0168653 -0.00156698 0.0188959 0.00517047 0.0101383 0.00314414 0.0108214 0.0140945 0.0110422 -0.0199529 -0.0124369 -0.0133836 0.00853415 0.0254134 0.0171166 -0.00679157 0.0250987 -0.000199048 0.00253532 -0.0158352 -0.0275564 -0.0187876 -0.0287433 0.0279711 0.0120602 0.00558149 -0.0215216 -0.0241698 -0.0170104 0.0116039 -0.0102926 -0.0125023 -0.00780025 0.00458483 -0.00431945 -0.0145972 -0.017299 -0.00649495 0.0127068 0.0176278 0.0294904 0.00936215 0.00740455 0.0125404 0.00449849 0.00194417 -0.00023827 0.00501661 0.00248964 0.0079703 -0.018387 -0.0175656 -0.0119779 0.00605037 0.00853009 0.0123145 0.00308264 0.0134637 0.0061373 0.00752606 0.00364917 -0.0275379 -0.0192855 0.00485196 -0.0286238 -0.0264099 0.027532 0.014974 0.0135756 0.00462384 -0.0135974 -0.0130859 -0.0154744 0.0205942 -0.00126125 -0.00884912 -0.0113687 0.0096195 0.0093908 -0.0410386 -0.000997572 0.0106515 0.0116156 -0.0056934 -0.0187093 0.0203468 0.0182819 0.02457 0.0250314 -0.00526039 -0.00577817 -0.00891238 -0.00280536 -0.00553487 -0.00489976 -0.0130418 -0.00463309 0.00235122 0.00485337 0.0253338 -0.00467686 -0.00646318 -0.00554399 -0.00795627 0.0105353 0.00578098
internal_weight=119730 57472 62258 22757 34715 21571 36788 25470 25120 9595 29427 29291 14456 7361 8537 19895 6906 9216 13034 5575 12821 7629 9250 12266 3553 8713 16470 6774 4610 10102 1745 10664 9696 6585 2059 1103 6544 6054 3864 6921 7007 836 6171 3964 5448 2669 8357 4529 1348 3571 7550 4772 2727 7610 4440 6094 3522 2778 5277 8313 3509 9164 5672 3492 3834 2674 993 7441 4011 3430 3828 3652 2932 3044 2248 1518 397 1838 2551 2325 1568 5653 658 2062 4995 3317 2861 4208 3549 4776 2955 2902 2186 2164 968 3743 2333 1053 2693 1530 2810 1201 1186 3908 3419 4105 2758 1347 647 3831 3765 1832 1933 1519 1247 693 285 4098 2329 2225 1410 3310 1956 1452 2948 4170
internal_count=119730 57472 62258 22757 34715 21571 36788 25470 25120 9595 29427 29291 14456 7361 8537 19895 6906 9216 13034 5575 12821 7629 9250 12266 3553 8713 16470 6774 4610 10102 1745 10664 9696 6585 2059 1103 6544 6054 3864 6921 7007 836 6171 3964 5448 2669 8357 4529 1348 3571 7550 4772 2727 7610 4440 6094 3522 2778 5277 8313 3509 9164 5672 3492 3834 2674 993 7441 4011 3430 3828 3652 2932 3044 2248 1518 397 1838 2551 2325 1568 5653 658 2062 4995 3317 2861 4208 3549 4776 2955 2902 2186 2164 968 3743 2333 1053 2693 1530 2810 1201 1186 3908 3419 4105 2758 1347 647 3831 3765 1832 1933 1519 1247 693 285 4098 2329 2225 1410 3310 1956 1452 2948 4170
is_linear=0
shrinkage=0.04


Tree=9
num_leaves=127
num_cat=0
split_feature=9 9 9 8 0 9 0 9 0 1 0 0 1 1 6 1 8 0 1 1 0 2 1 1 1 1 1 1 0 0 1 2 1 1 1 1 1 0 1 2 1 1 1 1 2 8 0 2 0 1 9 2 0 1 10 1 1 1 0 1 4 1 1 1 2 1 1 1 1 1 1 1 1 1 1 2 0 2 2 1 1 2 9 0 1 1 4 2 1 1 1 1 1 2 2 0 1 1 0 2 1 2 0 2 2 2 0 2 2 0 1 0 0 1 1 2 2 9 13 1 1 0 0 2 0 1
split_gain=9434.57 1702.47 1014.15 411.437 392.43 384.88 341.607 234.164 233.896 195.979 178.96 171.801 192.987 171.191 158.617 156.197 146.137 145.392 128.351 103.693 97.6233 95.2778 96.821 104.373 89.5149 114.981 127.645 82.1712 81.9665 81.062 76.8799 75.3875 71.28 71.0657 85.727 179.774 176.303 70.2007 67.5804 65.4141 63.1851 63.0148 62.2266 114.872 81.4429 61.4549 59.6891 73.3837 59.4115 62.638 58.036 58.0251 57.1876 56.2709 54.6101 50.6912 50.5601 46.7585 44.2577 42.7422 41.0182 38.6258 38.184 45.6433 37.7652 57.4146 35.1257 34.9624 39.0454 34.8327 39.3289 34.0902 40.4536 33.9946 35.1015 33.8134 52.271 43.7232 33.1624 46.3604 33.1592 33.104 32.3224 32.2319 40.3505 37.5955 32.1666 31.9298 31.8418 40.6836 34.6819 52.1227 31.7674 31.6929 31.3238 30.3184 42.2415 39.7025 29.1585 37.3977 29.1567 42.5611 28.1454 30.3932 60.1936 27.896 27.8257 27.5034 42.1786 26.9391 26.8661 26.5033 26.1231 26.0898 29.1405 25.2421 24.9596 24.8316 24.7784 24.6478 24.1065 23.6238 23.5612 23.2877 22.9865 22.9786
threshold=8.5000000000000018 13.500000000000002 5.5000000000000009 1.5000000000000002 15.500000000000002 10.500000000000002 2.5000000000000004 16.500000000000004 25.500000000000004 137.50000000000003 16.500000000000004 10.500000000000002 74.500000000000014 77.500000000000014 1.0000000180025095e-35 16.500000000000004 1.5000000000000002 6.5000000000000009 233.50000000000003 19.500000000000004 3.5000000000000004 427.50000000000006 217.50000000000003 75.500000000000014 16.500000000000004 75.500000000000014 230.50000000000003 47.500000000000007 10.500000000000002 7.5000000000000009 47.500000000000007 1548.5000000000002 186.50000000000003 15.500000000000002 136.50000000000003 77.500000000000014 153.50000000000003 10.500000000000002 83.500000000000014 506.50000000000006 117.50000000000001 218.50000000000003 77.500000000000014 78.500000000000014 1449.5000000000002 1.5000000000000002 25.500000000000004 1518.5000000000002 27.500000000000004 192.50000000000003 14.500000000000002 1530.5000000000002 14.500000000000002 43.500000000000007 134800.50000000003 69.500000000000014 266.50000000000006 241.50000000000003 27.500000000000004 165.50000000000003 14.500000000000002 65.500000000000014 194.50000000000003 256.50000000000006 1128.5000000000002 194.50000000000003 241.50000000000003 267.50000000000006 208.50000000000003 118.50000000000001 130.50000000000003 62.500000000000007 52.500000000000007 40.500000000000007 85.500000000000014 1614.5000000000002 26.500000000000004 1578.5000000000002 335.50000000000006 118.50000000000001 56.500000000000007 626.50000000000011 12.500000000000002 27.500000000000004 225.50000000000003 197.50000000000003 9.5000000000000018 1232.5000000000002 60.500000000000007 225.50000000000003 197.50000000000003 176.50000000000003 261.50000000000006 715.50000000000011 102.50000000000001 15.500000000000002 260.50000000000006 248.50000000000003 27.500000000000004 518.50000000000011 212.50000000000003 736.50000000000011 23.500000000000004 902.50000000000011 1074.5000000000002 656.50000000000011 27.500000000000004 1839.5000000000002 1598.5000000000002 6.5000000000000009 56.500000000000007 26.500000000000004 17.500000000000004 27.500000000000004 151.50000000000003 305.50000000000006 1639.5000000000002 18.500000000000004 0.9638500000000001 103.50000000000001 42.500000000000007 27.500000000000004 26.500000000000004 403.50000000000006 6.5000000000000009 129.50000000000003
decision_type=2 2 2 2 2 2 2 2 2 2 2 2 2 2 2 2 2 2 2 2 2 2 2 2 2 2 2 2 2 2 2 2 2 2 2 2 2 2 2 2 2 2 2 2 2 2 2 2 2 2 2 2 2 2 2 2 2 2 2 2 2 2 2 2 2 2 2 2 2 2 2 2 2 2 2 2 2 2 2 2 2 2 2 2 2 2 2 2 2 2 2 2 2 2 2 2 2 2 2 2 2 2 2 2 2 2 2 2 2 2 2 2 2 2 2 2 2 2 2 2 2 2 2 2 2 2
left_child=2 5 4 14 16 24 -7 29 9 13 11 12 94 19 54 -8 20 -17 32 -6 -1 48 23 30 -2 27 31 53 55 73 81 39 105 -12 35 -35 -36 38 110 58 -33 64 -25 -44 82 83 87 111 49 -19 102 -46 -13 -26 93 80 113 59 -27 -57 98 112 -38 107 -11 -66 -20 68 -39 119 -71 72 -29 -5 -75 77 -77 -28 -37 -80 -18 -23 121 84 85 -10 -73 -41 -47 90 91 115 -43 -3 -4 96 -24 -97 -52 -100 120 -102 116 -104 -105 -14 -91 108 -64 -96 -22 -48 -21 -54 -115 -90 -31 -9 -40 -15 -30 -45 -62 -120 -89 -85
right_child=1 3 10 7 8 6 15 117 45 41 33 52 18 69 -16 17 28 21 66 61 37 22 95 42 25 26 75 71 100 50 -32 40 -34 34 36 78 62 67 118 46 -42 92 43 44 51 88 47 -49 -50 -51 60 -53 56 -55 -56 57 -58 -59 -60 -61 122 -63 63 -65 65 -67 -68 -69 -70 70 -72 86 -74 74 -76 76 -78 -79 79 -81 -82 -83 -84 125 -86 -87 -88 124 89 106 -92 -93 -94 -95 109 97 -98 -99 99 -101 101 -103 103 104 -106 -107 -108 -109 -110 -111 -112 -113 -114 114 -116 -117 -118 -119 123 -121 -122 -123 -124 -125 -126 -127
leaf_value=0.058212356268692339 -0.017524105102025029 -0.011541426762779835 0.002855498483896855 -0.043007648549379558 -0.007368352925918027 0.024103034855008702 -0.024368393774559998 -0.032218896256721273 0.017905813487798832 -0.0045891376848757369 -0.014843709531276388 0.020329289442625589 0.0029633515541743734 0.018608175167957382 0.0069394025491259096 -0.027975644201385586 0.011222337484768832 -0.007304485241491571 0.027535200755362088 0.010952987254509709 0.020873525303021931 0.0070975828065336314 -0.0075538492323174678 -0.028440920645198146 -0.00089176199504374654 -0.0048057806454373493 0.0027266245044190156 0.001766706276322968 0.013477701398361281 -0.017633910934518365 -0.0029919774927515291 0.0097661397672481626 -0.020141914824216314 0.0010375258873394377 -0.014812563268167767 0.044446805760647641 0.0071666463627548093 0.037050787535630188 0.011183095850219654 -0.019211306114724668 -0.0059437576114745143 0.0066857607686917463 0.0048141711392688845 -0.013503959040499574 -0.032742314948870754 0.0038528237063448719 0.013794746155875446 -0.024417657767321615 0.015652566067608467 0.013634149581501673 -0.024851796654833735 -0.016847263418435805 0.038787911961943818 -0.012904054310643577 0.0067405841750081399 0.0072728109566168857 0.023100313299089906 0.015256176481294029 0.034927185931588459 -0.013298361297494302 -0.041136121477758969 0.00026926438673527007 0.00092486200370764978 0.020944213979491609 0.0061627794564288272 -0.0091574352406550395 0.0082786108493075744 0.037592778068440878 0.023989581113372453 -0.00020694407938361942 0.031977291000423153 0.041636754717937735 0.01183928242644851 -0.010604669020966691 -0.030444905546279714 0.013413406047047507 -0.014490102631758744 -0.013420284324903142 0.017829799826239372 -0.0044925351804015797 0.025610382551575561 -0.017275066560694434 -0.018322967192232312 0.0089548329536171551 0.0051421181786684865 0.031326581826924466 7.5066589070853107e-05 -0.026483352356174862 0.049122767579228503 -0.0013766054822640856 0.025042052527192701 0.0045877757780889983 0.020390843422207351 -0.024744153392071505 0.043291847643975964 -0.0068432427693298041 0.0049230273460267896 -0.016923974792204595 0.015036814308400629 -0.018497494197073337 0.030383397203579025 0.014754576125830251 -0.018033195725097081 -0.052350293735166725 -0.022038695133444822 -0.0041608412276892921 0.015695731454532208 0.0043470644767222366 -0.0091255848435747005 0.0136666165487831 0.032195141403628995 -0.0031609407460383033 0.02060556759868561 -0.0084568083826952814 0.0077908973514247372 0.016986119776148736 -0.0070780395156699663 -0.040007248526112385 0.059422347199372727 0.028187104612157576 0.024919511309901936 -0.0049956871350237382 -0.021747180168272057 0.019289696886902012 -0.0093539728366326853 0.028581071460128116
leaf_weight=134 696 554 452 307 568 433 1470 1195 2578 1534 419 1925 1425 697 807 768 437 4064 170 2355 694 96 1225 630 1802 1636 1148 1281 348 2580 2015 575 357 4158 1236 66 1572 438 1202 1839 1423 2424 426 2518 746 507 191 239 210 242 3110 728 36 955 155 1429 340 1252 46 182 360 456 1639 157 2115 480 1412 503 2293 200 87 30 1273 160 1380 690 127 350 1416 166 625 1204 1915 108 343 385 2960 140 40 389 601 654 305 617 50 2366 672 851 61 407 324 2029 716 148 363 2295 251 1084 1127 2949 657 646 556 227 792 1904 418 1484 24 1140 1998 661 141 670 1222 872
leaf_count=134 696 554 452 307 568 433 1470 1195 2578 1534 419 1925 1425 697 807 768 437 4064 170 2355 694 96 1225 630 1802 1636 1148 1281 348 2580 2015 575 357 4158 1236 66 1572 438 1202 1839 1423 2424 426 2518 746 507 191 239 210 242 3110 728 36 955 155 1429 340 1252 46 182 360 456 1639 157 2115 480 1412 503 2293 200 87 30 1273 160 1380 690 127 350 1416 166 625 1204 1915 108 343 385 2960 140 40 389 601 654 305 617 50 2366 672 851 61 407 324 2029 716 148 363 2295 251 1084 1127 2949 657 646 556 227 792 1904 418 1484 24 1140 1998 661 141 670 1222 872
internal_value=-1.86581e-05 -0.0117053 0.0107695 -0.0233093 0.0150175 -0.00762061 -0.0110864 -0.0260139 0.0115427 0.00813535 0.00463375 0.00806801 0.00522836 0.0133773 -0.0070388 -0.0117548 0.0199306 -0.0108855 0.00068117 0.00843561 0.0244046 -0.010247 -0.0116912 -0.0138156 -0.00344034 -0.00291226 -0.00574152 0.000588317 0.0164981 -0.0232362 -0.00788753 -0.00814673 -0.0030706 0.00135981 0.00189817 0.00546987 -0.00114417 0.0237041 0.0195439 -0.0104013 -0.00142038 0.00350336 -0.0163925 -0.0153063 -0.0166119 0.016641 -0.0130298 -0.0048735 -0.00511254 -0.0061265 -0.0215482 -0.0248962 0.0158583 -0.00505448 -0.0155488 0.0122281 0.00968482 0.00945625 -0.00371476 0.00494565 -0.0249547 0.011103 0.00188349 -0.000188295 0.000385124 0.0033272 0.010352 0.027879 0.0260871 0.0225299 0.00954306 0.00339521 0.00678905 -0.0308215 -0.028387 0.00252382 0.00906976 -0.00104399 0.0166498 0.0154848 0.0196953 -0.0154718 -0.0142136 0.0200417 0.018148 0.019652 0.00049479 -0.01577 0.0132859 0.0145306 0.016373 0.0143651 0.00821963 -0.0185029 0.0126835 -0.00714598 -0.00313186 -0.00951161 -0.0234491 -0.0141157 0.0200636 0.0169095 -0.0182579 -0.0233697 -0.0308341 -0.00143073 0.00531411 -0.00105162 -0.0031689 0.0141633 0.0263842 0.000704685 0.0127986 0.00535577 0.00416704 0.0176519 -0.0161638 -0.036536 0.0146666 0.024556 0.0232246 -0.0117363 -0.0356928 0.0206917 -0.0111195 0.0264234
internal_weight=119730 57472 62258 14963 36788 42509 23240 12830 21549 12917 25470 12430 9110 6059 2133 22807 15239 21337 5659 3935 6615 20569 16053 10939 19269 18573 10272 8301 8624 10151 3315 7957 4077 13040 12621 5806 6815 6481 3247 5959 1998 6858 7624 6994 6568 8632 4277 1076 4516 4306 8304 1474 3320 2757 1326 3925 1395 2863 1682 1611 4079 3367 5579 4007 4129 2595 1582 3234 2731 2124 287 5544 2554 1847 1540 2315 817 1498 1648 1582 1062 1300 5094 4286 3306 2963 2990 3201 4346 3839 3199 2598 2729 1171 3451 5114 1897 3217 3578 468 4699 2353 4225 1227 511 3720 640 3850 2766 2999 1351 837 2911 1055 1019 1944 2998 2679 1896 1837 2346 3179 501 694 1362 980
internal_count=119730 57472 62258 14963 36788 42509 23240 12830 21549 12917 25470 12430 9110 6059 2133 22807 15239 21337 5659 3935 6615 20569 16053 10939 19269 18573 10272 8301 8624 10151 3315 7957 4077 13040 12621 5806 6815 6481 3247 5959 1998 6858 7624 6994 6568 8632 4277 1076 4516 4306 8304 1474 3320 2757 1326 3925 1395 2863 1682 1611 4079 3367 5579 4007 4129 2595 1582 3234 2731 2124 287 5544 2554 1847 1540 2315 817 1498 1648 1582 1062 1300 5094 4286 3306 2963 2990 3201 4346 3839 3199 2598 2729 1171 3451 5114 1897 3217 3578 468 4699 2353 4225 1227 511 3720 640 3850 2766 2999 1351 837 2911 1055 1019 1944 2998 2679 1896 1837 2346 3179 501 694 1362 980
is_linear=0
shrinkage=0.04


Tree=10
num_leaves=127
num_cat=0
split_feature=9 9 9 17 17 7 7 0 7 9 9 0 7 1 1 14 9 0 0 1 1 17 1 1 1 9 17 0 4 1 0 17 0 1 0 1 1 1 1 1 1 1 0 0 1 9 8 1 1 1 0 0 1 9 1 0 1 1 0 1 7 1 1 7 8 7 1 1 1 1 1 14 9 9 8 1 1 1 0 1 1 1 0 4 1 0 8 0 1 0 1 8 8 1 1 1 0 1 0 0 14 10 1 1 0 1 1 1 1 10 1 1 9 1 1 1 1 10 1 1 1 1 1 1 0 0
split_gain=8707.08 1506.01 1164.71 490.547 417.146 389.625 360.518 270.959 263.924 210.6 185.853 154.464 152.187 146.808 161.85 125.143 119.928 114.427 155.106 112.482 96.3256 92.9195 90.5507 82.5648 117.894 81.9179 80.9525 80.2613 72.7975 65.81 113.995 61.7005 67.278 61.5637 59.4435 59.4397 58.3018 155.128 66.1579 58.8452 58.1964 56.0719 53.3414 53.3313 52.955 52.9343 52.1475 49.811 48.577 47.9442 47.2821 83.1587 60.9276 47.8834 45.0856 44.5212 44.0045 43.8532 58.9602 36.82 35.1216 34.8365 35.7939 34.83 34.2603 32.1814 31.7325 30.9644 30.8497 29.8667 29.6077 29.4522 28.9011 28.7025 28.2004 27.1053 31.7192 27.0374 26.1421 30.4952 26.1057 26.0724 25.8499 25.3719 25.2238 25.1092 25.025 24.7042 34.3634 24.5766 24.1245 24.0969 23.5373 23.3694 23.3136 23.2749 22.8879 22.1281 22.0609 21.9821 21.771 21.0912 20.734 20.4514 20.3357 37.3423 26.2312 23.0154 19.5232 19.5214 19.2635 18.5087 18.4044 20.9848 17.966 17.9166 31.0055 17.6216 17.5998 17.4351 17.4336 17.4007 17.1421 17.5082 16.9676 16.8845
threshold=9.5000000000000018 6.5000000000000009 13.500000000000002 1.0000000180025095e-35 1.0000000180025095e-35 3.5000000000000004 1.5000000000000002 15.500000000000002 1.5000000000000002 16.500000000000004 11.500000000000002 25.500000000000004 1.0000000180025095e-35 118.50000000000001 77.500000000000014 0.92685000000000006 11.500000000000002 6.5000000000000009 14.500000000000002 74.500000000000014 208.50000000000003 1.0000000180025095e-35 19.500000000000004 75.500000000000014 47.500000000000007 4.5000000000000009 1.0000000180025095e-35 7.5000000000000009 14.500000000000002 160.50000000000003 24.500000000000004 1.0000000180025095e-35 10.500000000000002 247.50000000000003 7.5000000000000009 18.500000000000004 118.50000000000001 153.50000000000003 77.500000000000014 225.50000000000003 16.500000000000004 83.500000000000014 7.5000000000000009 6.5000000000000009 266.50000000000006 3.5000000000000004 1.5000000000000002 77.500000000000014 43.500000000000007 87.500000000000014 27.500000000000004 26.500000000000004 176.50000000000003 14.500000000000002 58.500000000000007 13.500000000000002 243.50000000000003 230.50000000000003 26.500000000000004 266.50000000000006 3.5000000000000004 40.500000000000007 85.500000000000014 3.5000000000000004 1.5000000000000002 3.5000000000000004 89.500000000000014 75.500000000000014 225.50000000000003 31.500000000000004 248.50000000000003 0.93475000000000008 3.5000000000000004 18.500000000000004 1.5000000000000002 16.500000000000004 35.500000000000007 241.50000000000003 17.500000000000004 34.500000000000007 167.50000000000003 217.50000000000003 27.500000000000004 13.500000000000002 94.500000000000014 28.500000000000004 1.5000000000000002 3.5000000000000004 161.50000000000003 6.5000000000000009 195.50000000000003 1.5000000000000002 1.5000000000000002 142.50000000000003 56.500000000000007 194.50000000000003 6.5000000000000009 53.500000000000007 25.500000000000004 8.5000000000000018 0.95855000000000012 47020.000000000007 87.500000000000014 222.50000000000003 10.500000000000002 74.500000000000014 212.50000000000003 49.500000000000007 212.50000000000003 84016.500000000015 176.50000000000003 116.50000000000001 10.500000000000002 62.500000000000007 47.500000000000007 47.500000000000007 62.500000000000007 39868.000000000007 197.50000000000003 103.50000000000001 218.50000000000003 159.50000000000003 71.500000000000014 47.500000000000007 8.5000000000000018 12.500000000000002
decision_type=2 2 2 2 2 2 2 2 2 2 2 2 2 2 2 2 2 2 2 2 2 2 2 2 2 2 2 2 2 2 2 2 2 2 2 2 2 2 2 2 2 2 2 2 2 2 2 2 2 2 2 2 2 2 2 2 2 2 2 2 2 2 2 2 2 2 2 2 2 2 2 2 2 2 2 2 2 2 2 2 2 2 2 2 2 2 2 2 2 2 2 2 2 2 2 2 2 2 2 2 2 2 2 2 2 2 2 2 2 2 2 2 2 2 2 2 2 2 2 2 2 2 2 2 2 2
left_child=1 5 4 9 8 12 21 15 16 27 23 13 101 14 22 42 44 -8 19 99 55 59 -9 24 75 57 46 61 50 30 47 32 41 45 49 -20 38 93 -37 -39 -12 94 87 -42 112 -15 72 -25 78 54 51 53 66 81 -18 67 89 58 -13 74 -30 -4 -63 -53 -36 -26 97 -21 100 -48 86 -71 -14 98 -3 -10 -77 -22 79 -24 -74 -29 -41 -55 -69 -68 -31 -7 -89 -43 95 -34 -27 -38 -17 -47 -49 -52 -11 -19 103 -1 -98 110 105 107 -106 -44 -93 -100 -60 -91 114 -114 -2 -76 -117 -75 -82 -16 -83 -32 123 -50 -88 -5
right_child=2 6 3 125 -6 7 17 11 10 73 40 25 26 33 119 31 34 18 35 20 77 -23 48 29 65 92 -28 28 60 70 121 -33 91 -35 64 36 37 39 -40 82 43 56 104 -45 -46 90 69 96 122 -51 52 63 -54 83 -56 -57 -58 -59 68 -61 -62 62 -64 -65 -66 -67 85 84 -70 71 -72 -73 80 117 115 76 -78 -79 -80 -81 118 120 -84 -85 -86 -87 124 88 -90 111 -92 108 -94 -95 -96 -97 102 -99 109 -101 -102 -103 -104 -105 106 -107 -108 -109 -110 -111 -112 -113 113 -115 -116 116 -118 -119 -120 -121 -122 -123 -124 -125 -126 -127
leaf_value=0.01043934409291899 -0.011721457232152635 0.012201726177495492 -0.041176552567156702 0.0045871883358375668 0.021163685646121179 0.048089382574424973 -0.021952626476595141 -0.0073283544824812507 -0.017595069720249951 -0.031738024439894506 -0.02468763180797438 0.024520021554828048 0.030613594455782014 0.0063640008134027296 0.017005024097023775 0.017218874543989748 -0.029535540096424548 0.0068079744102936268 -0.015855488927662122 0.0017981995938241141 0.020486348858792233 0.041018475356092335 0.007817332651184011 -0.023985882010983471 -0.040837201280055246 0.012401765702571808 0.070124408439596844 -0.018159430236567815 -0.015225206852731406 0.0049581119865699866 -0.020220675969533614 0.052243241176543109 0.027133990674678463 0.0142729195584602 0.0054670434230920982 -0.0011567845013162818 -0.0044373510754534811 0.0032986273845943899 0.014235510712806524 -0.0080480332248011044 -0.031037139131916507 -0.02780296723961373 0.012216886913266778 -0.014295326481818877 0.011304424578328838 -0.0013422089451953013 0.011304569808890295 -0.031764863268625036 -0.0001979672043686835 -0.027877201689701127 0.021804194149384861 -0.031568081181226164 -0.024036082805407328 -0.036180496701593873 -0.0034441763067222125 0.052857362491227848 0.025648275791247403 0.026112245279396117 0.012615091826411223 0.01904192552542423 -0.036220466885755087 -0.012221589905637043 -0.029094788008263199 -0.06049197287565318 -0.0073198585173918232 0.00072926033040690043 0.018079841198172898 -0.015536589081819626 0.0020948319897080583 0.018866848840584701 -0.013438751694655329 0.026902960763419526 0.029623126842712871 -0.0049421086987316374 -0.0014176017959263768 -0.0036928168146914283 -0.014096821586972369 0.0067489004314831178 0.022779335222104128 0.018801359495844782 0.011468963024002394 0.0072566647509256597 0.0065303465979252131 -0.02171033204416703 -0.0038936171464724989 -0.005856993473596887 -0.017059967158685626 0.0045248951995649732 -0.019121142031057085 0.0061243508653206361 0.0030851414013178123 0.02417201455262101 0.0034905822450022207 -0.015974886085484773 0.028852467652230741 -0.011161100452888746 0.0039196701148805548 -0.013778746282670611 0.0078533686247847026 0.013863731939007091 0.018280468437434614 -0.0023759929296961633 -0.0094638573410151978 0.020125696063196467 0.020168300953055315 0.0077956501398636522 0.011655749051957248 0.023362995983770722 0.015738274466707211 -0.023576968886429239 0.0038743059094196661 0.01360849865232191 0.0062428892099344003 -0.0061090171867138124 0.002296712168837783 0.014501094033063676 0.0053475946969472653 -0.03836377061854767 0.022505220645254842 0.025328410024159202 -0.012213119282008196 -0.029911367378611758 -0.0039589235865732817 0.0096014900403395571 -0.0049428982656445873 0.018453943231647247
leaf_weight=500 157 1843 318 646 722 15.999999999999998 408 595 766 1120 1089 836 1483 2692 703 529 140 1535 590 1511 304 148 1289 407 30 751 58 2639 162 379 605 92 1539 703 371 4664 334 2330 494 1609 316 26 773 8638 649 2533 581 70 444 396 30 368 381 208 437 23 366 629 1359 534 615 236 1406 82 3442 2991 142 339 388 2658 785 1012 636 26 435 984 898 939 381 591 318 79 221 3094 2462 138 209 341 138 785 1737 956 1292 1804 583 456 197 382 40 1315 1236 348 2978 385 1166 2108 1159 484 822 147 576 1636 260 1421 2113 738 3012 1453 868 960 1016 592 332 846 1626 180
leaf_count=500 157 1843 318 646 722 16 408 595 766 1120 1089 836 1483 2692 703 529 140 1535 590 1511 304 148 1289 407 30 751 58 2639 162 379 605 92 1539 703 371 4664 334 2330 494 1609 316 26 773 8638 649 2533 581 70 444 396 30 368 381 208 437 23 366 629 1359 534 615 236 1406 82 3442 2991 142 339 388 2658 785 1012 636 26 435 984 898 939 381 591 318 79 221 3094 2462 138 209 341 138 785 1737 956 1292 1804 583 456 197 382 40 1315 1236 348 2978 385 1166 2108 1159 484 822 147 576 1636 260 1421 2113 738 3012 1453 868 960 1016 592 332 846 1626 180
internal_value=2.91052e-05 0.00892851 -0.013031 -0.0223392 -0.00890921 0.0135485 0.00161201 0.0116971 -0.00956843 -0.0240965 -0.0118282 0.00892882 0.0212565 0.00648955 0.0111566 0.0161432 -0.00389562 -0.000979665 -0.000561421 0.0036006 0.000296718 0.00967796 0.00719771 -0.00876513 -0.00508545 0.0135965 0.0230469 -0.0216658 -0.0201191 -0.0114225 -0.0143039 0.0196783 0.0192633 0.00295976 -0.00832837 -0.00347372 -0.00283556 -0.00541797 0.000316862 -0.000916348 -0.0159503 0.0157152 0.0119504 -0.014887 0.00071557 0.0018869 0.022684 -0.0107903 0.00942473 -0.017155 -0.0190532 -0.0201795 -0.0111904 -0.0191116 -0.00978579 -0.00251728 0.0127053 0.0161745 0.0148654 0.00896988 -0.0318507 -0.0290301 -0.026673 -0.0368598 -0.00607455 0.000313823 -0.00410961 -0.00281479 0.0128174 0.0197491 -0.00676204 0.0210846 0.0264571 -0.0339494 0.00807667 -0.0112466 -0.00865972 0.0101133 0.0132148 0.0112732 0.0230703 -0.0160039 -0.00628503 -0.0226241 -0.00530468 0.00627024 -0.00439242 -0.000636132 -0.00228175 0.0107668 -0.000662561 0.02346 0.00676871 -0.0141746 0.0233238 -0.00284183 -0.0091333 -0.0111734 -0.0296098 0.0100653 0.0139861 0.00517584 -0.00863209 0.0116959 0.0130461 0.0110537 0.0159272 0.0165133 0.0202763 -0.0168319 0.0100156 0.0111838 -0.00102301 -0.00419591 0.00132494 0.00625886 0.00715041 -0.0377793 0.0195507 0.0218135 -0.0108043 -0.0250188 0.00413855 0.0062258 -0.00632602 0.00761571
internal_weight=119863 71287 48576 14908 33668 43695 27592 35233 32946 14082 23560 21714 8462 14262 6141 13519 9386 20882 20474 8428 5578 6710 4478 13517 5669 7452 7614 11296 9336 7848 4849 7334 7242 8121 4786 12046 11456 6298 5158 4160 10043 3925 6185 8954 4600 7418 7556 3652 3883 973 8559 7486 1073 7036 577 4335 2813 5409 4780 6562 777 1960 1642 450 3813 3021 692 4312 3944 4251 2999 3670 3305 2786 6028 2648 1882 1243 2261 1880 1822 3734 1830 3302 2801 280 2214 495 479 2447 4726 3317 2043 2138 1112 2989 3245 412 1307 2850 3556 848 3175 2320 5690 3365 2325 1257 1778 187 1935 2421 3951 1681 2270 4185 3750 1479 1186 1663 1095 1197 1622 1290 1835 826
internal_count=119863 71287 48576 14908 33668 43695 27592 35233 32946 14082 23560 21714 8462 14262 6141 13519 9386 20882 20474 8428 5578 6710 4478 13517 5669 7452 7614 11296 9336 7848 4849 7334 7242 8121 4786 12046 11456 6298 5158 4160 10043 3925 6185 8954 4600 7418 7556 3652 3883 973 8559 7486 1073 7036 577 4335 2813 5409 4780 6562 777 1960 1642 450 3813 3021 692 4312 3944 4251 2999 3670 3305 2786 6028 2648 1882 1243 2261 1880 1822 3734 1830 3302 2801 280 2214 495 479 2447 4726 3317 2043 2138 1112 2989 3245 412 1307 2850 3556 848 3175 2320 5690 3365 2325 1257 1778 187 1935 2421 3951 1681 2270 4185 3750 1479 1186 1663 1095 1197 1622 1290 1835 826
is_linear=0
shrinkage=0.04


Tree=11
num_leaves=127
num_cat=0
split_feature=9 9 9 17 9 17 9 9 17 1 17 8 9 1 1 1 1 1 1 1 1 1 1 8 1 1 1 1 1 1 11 1 8 1 1 1 1 1 1 1 1 1 1 1 1 1 1 1 1 1 1 1 1 1 1 1 17 1 10 1 1 11 1 1 1 1 14 1 1 1 1 1 10 1 1 1 1 1 1 1 1 1 1 1 8 1 1 11 1 1 1 1 1 1 1 1 1 8 14 14 1 1 1 1 9 1 4 1 9 1 9 1 1 8 1 1 1 11 1 10 10 1 1 1 14 1
split_gain=8034.56 1460.55 873.26 640.576 352.547 259.569 206.536 200.909 179.828 141.638 113.4 108.651 104.521 75.6915 92.1326 111.306 75.4273 82.7252 102.066 136.015 70.7368 70.1366 68.8694 67.7644 59.7571 68.0772 56.9676 65.817 84.7672 59.5383 52.3709 50.4008 50.0016 49.282 47.1979 45.1372 44.0505 43.3105 42.936 42.0587 38.9754 38.6711 38.5884 91.9907 74.6463 44.9549 38.1051 38.0277 137.915 58.3988 48.0775 37.9815 77.4989 54.1548 46.0125 37.1836 37.3309 36.6509 36.5819 36.2354 35.6774 32.5111 31.9702 47.223 31.3011 44.1412 30.9114 30.4934 33.3728 40.6736 44.5402 28.9922 28.964 28.7912 28.4416 33.8705 48.2239 29.636 27.6112 74.9897 60.8334 30.6755 30.0601 27.2465 26.2017 26.1005 26.0271 25.8094 25.687 24.6186 24.4404 63.8108 35.5068 64.9426 24.1422 23.2584 28.3096 23.0462 23.0353 22.4039 21.9911 48.9531 34.0051 21.9483 21.7621 20.0766 20.0211 19.5371 19.5219 19.3028 19.1109 19.0312 51.7782 21.094 18.9732 18.7271 31.556 77.9891 26.4847 18.5974 18.2759 18.0891 25.938 33.1053 17.7566 17.65
threshold=8.5000000000000018 12.500000000000002 4.5000000000000009 1.0000000180025095e-35 14.500000000000002 1.0000000180025095e-35 6.5000000000000009 10.500000000000002 1.0000000180025095e-35 265.50000000000006 1.0000000180025095e-35 1.5000000000000002 18.500000000000004 16.500000000000004 75.500000000000014 230.50000000000003 47.500000000000007 75.500000000000014 160.50000000000003 159.50000000000003 266.50000000000006 217.50000000000003 47.500000000000007 1.5000000000000002 133.50000000000003 197.50000000000003 16.500000000000004 71.500000000000014 47.500000000000007 62.500000000000007 8300.0400000000027 15.500000000000002 1.5000000000000002 43.500000000000007 27.500000000000004 12.500000000000002 233.50000000000003 77.500000000000014 78.500000000000014 234.50000000000003 43.500000000000007 40.500000000000007 197.50000000000003 143.50000000000003 212.50000000000003 145.50000000000003 62.500000000000007 141.50000000000003 166.50000000000003 225.50000000000003 111.50000000000001 197.50000000000003 137.50000000000003 110.50000000000001 212.50000000000003 212.50000000000003 1.0000000180025095e-35 52.500000000000007 140822.00000000003 116.50000000000001 194.50000000000003 9000.8750000000018 142.50000000000003 167.50000000000003 101.50000000000001 48.500000000000007 0.75335000000000008 30.500000000000004 65.500000000000014 110.50000000000001 116.50000000000001 218.50000000000003 144844.50000000003 49.500000000000007 194.50000000000003 145.50000000000003 143.50000000000003 140.50000000000003 197.50000000000003 212.50000000000003 118.50000000000001 111.50000000000001 235.50000000000003 77.500000000000014 1.5000000000000002 52.500000000000007 271.50000000000006 13721.190000000001 189.50000000000003 107.50000000000001 84.500000000000014 77.500000000000014 75.500000000000014 40.500000000000007 43.500000000000007 189.50000000000003 192.50000000000003 1.5000000000000002 0.59410000000000018 0.96265000000000012 266.50000000000006 273.50000000000006 248.50000000000003 248.50000000000003 16.500000000000004 225.50000000000003 22.500000000000004 89.500000000000014 7.5000000000000009 16.500000000000004 14.500000000000002 266.50000000000006 273.50000000000006 1.5000000000000002 83.500000000000014 120.50000000000001 160.50000000000003 10857.250000000002 159.50000000000003 115541.00000000001 134800.50000000003 82.500000000000014 77.500000000000014 75.500000000000014 0.96475000000000011 62.500000000000007
decision_type=2 2 2 2 2 2 2 2 2 2 2 2 2 2 2 2 2 2 2 2 2 2 2 2 2 2 2 2 2 2 2 2 2 2 2 2 2 2 2 2 2 2 2 2 2 2 2 2 2 2 2 2 2 2 2 2 2 2 2 2 2 2 2 2 2 2 2 2 2 2 2 2 2 2 2 2 2 2 2 2 2 2 2 2 2 2 2 2 2 2 2 2 2 2 2 2 2 2 2 2 2 2 2 2 2 2 2 2 2 2 2 2 2 2 2 2 2 2 2 2 2 2 2 2 2 2
left_child=2 5 8 4 21 7 23 13 9 11 20 51 41 -2 22 30 109 125 19 37 26 32 33 24 -4 61 -8 28 40 73 62 35 58 -15 -25 -13 47 -19 -39 -38 -28 -6 43 67 -44 -45 57 50 -49 108 121 52 53 64 -53 -27 -57 -24 119 -52 -47 -26 83 -64 65 -1 -61 -33 85 -70 -71 -23 89 -30 75 76 77 -54 80 -80 81 -36 105 -16 -32 94 97 -86 -82 -40 91 92 93 -34 -69 -65 -97 120 -92 -56 102 -102 -17 -41 -99 -81 111 -100 -50 -9 -5 113 -113 -20 -67 -109 117 118 -117 -3 -43 122 123 -29 -46 -18
right_child=1 3 6 110 12 -7 10 16 -10 -11 -12 31 -14 14 15 100 17 18 106 -21 -22 71 46 34 25 55 27 36 29 -31 84 42 90 -35 78 -37 39 38 72 103 -42 86 44 45 124 60 -48 48 49 -51 59 54 74 -55 99 56 -58 -59 -60 66 -62 -63 63 95 -66 114 -68 68 69 70 -72 -73 -74 -75 -76 -77 -78 -79 79 82 88 -83 -84 -85 87 -87 -88 -89 -90 -91 98 -93 -94 -95 -96 96 -98 104 107 -101 101 -103 -104 -105 -106 -107 -108 115 -110 -111 -112 112 -114 -115 -116 116 -118 -119 -120 -121 -122 -123 -124 -125 -126 -127
leaf_value=0.014274803589510273 -0.016026780231801468 -0.0092871873529454859 0.018032036391654495 0.014485294040659407 -0.033470159088711232 0.026178953696782584 -0.013929933664290677 -0.02177511570804444 0.05721135172411515 0.032997517747953453 0.039507347685823153 0.029305040640531532 -0.036268367748071587 -0.00087129814115179864 -0.018350576286681412 0.004501707643107573 0.00078246632313702831 -0.024084195979234273 -0.00055133922679634015 -0.032780279597086508 0.019879574753852009 0.0079717214285722465 0.0017205417501804411 -0.0028334878940764053 -0.0020953334182424251 0.022160746952100959 0.0025563990494863885 0.0017661579434262835 0.0061516755222328287 0.0041571501855008118 0.0027674283332837289 0.008033546373029412 -0.021105825845538186 -0.012102892639762866 0.0076977227511061891 -0.0078988292866650073 0.025516955655676323 0.0063285433034568116 -0.02144340688706543 0.0074918512778677174 -0.009999906159299082 -0.018793071638974226 0.024238254774924237 -0.007241618715146495 0.01176960719344633 0.008568149111485299 -0.00020257405375801626 -0.012486481534131235 0.007406100775216494 -0.0070964440309701496 0.016159750341822293 0.028899935365821243 0.0084979927541449108 0.029060554153124186 0.016408912678105889 0.010100444295495043 0.053665587939205936 0.011228541871857369 0.014863696304245869 0.043819774885618806 -0.0090946786173261712 0.0091947577409651846 -0.016739268702414316 8.7713502388359882e-05 0.0061058500231444181 0.027221922622498212 0.00098741428960170768 0.01858992598501041 0.0070214293634985872 0.025841892465495033 0.011231505187253689 -0.011478386690745723 0.0046238412570268504 0.016687138844432677 -0.009087139634875353 0.014919656865805507 -0.0037574886583464674 0.027284071863142668 0.018963416763884217 0.0066828341674797015 0.0019245060317688223 0.020041447780360877 0.01059310232586737 -0.0043291386407598772 -0.0070096361948603723 0.025191711851602641 -0.043155473852469255 0.010999976013108467 -0.011406035902123886 -0.011069114988291389 0.013299089774164455 -0.0021129264777529949 -0.030121916767811372 -0.0099535659753314885 0.0068042106410039598 -0.025011400523177702 -0.0070938860238273869 -0.022844260456874488 -0.025294892355679048 0.023705081744182947 0.014057291036554934 -0.013998358839416193 -0.0070518112095743716 -0.0009291011765982962 -0.029249011424968399 -0.0033155634730957424 -0.020306755400567329 -0.016443159149516912 0.0008023240046334865 -0.013699119783484011 0.0041975450291544501 0.0081184266369387012 -0.013565642303395891 -0.0081197109731445428 0.014768662562364605 -0.032463390300374158 -0.019397677807484123 0.0072943750947232471 -0.057047306863378687 -0.030826246802146261 0.00082696197660473304 -0.0042381617316937662 0.013387394651039148 -0.022020904397634326 0.018542945398222949 -0.0052702507235645145
leaf_weight=1554 718 679 2009 669 702 406 342 721 162 679 134 62 1479 1780 253 1038 1356 417 707 569 371 128 1303 724 856 636 1549 1264 567 1910 843 1131 2147 964 2719 326 161 228 423 1307 531 626 1177 381 3710 2696 2913 1592 1549 947 594 825 595 779 2521 1754 32 1294 96 28 196 779 1789 493 358 923 671 1267 1259 548 859 2763 167 1564 104 2342 447 174 1133 737 1510 366 1528 1807 1759 714 107 137 273 2771 32 454 351 1371 358 178 686 4383 1124 925 517 123 671 796 1062 569 158 1902 1335 1400 511 472 281 3572 251 249 1555 68 99 71 86 1165 279 101 747 1783
leaf_count=1554 718 679 2009 669 702 406 342 721 162 679 134 62 1479 1780 253 1038 1356 417 707 569 371 128 1303 724 856 636 1549 1264 567 1910 843 1131 2147 964 2719 326 161 228 423 1307 531 626 1177 381 3710 2696 2913 1592 1549 947 594 825 595 779 2521 1754 32 1294 96 28 196 779 1789 493 358 923 671 1267 1259 548 859 2763 167 1564 104 2342 447 174 1133 737 1510 366 1528 1807 1759 714 107 137 273 2771 32 454 351 1371 358 178 686 4383 1124 925 517 123 671 796 1062 569 158 1902 1335 1400 511 472 281 3572 251 249 1555 68 99 71 86 1165 279 101 747 1783
internal_value=2.79654e-05 -0.0107732 0.00995739 -0.0186586 -0.0202311 -0.00561102 0.00568338 -0.0059876 0.0151923 0.014948 0.00285347 0.0144977 -0.0266037 -0.00328341 -0.00278981 -0.00531422 -0.00945476 -0.008305 -0.010121 -0.0144773 0.0025893 -0.0161191 0.00035805 0.00908024 0.0123879 0.00959161 0.00223752 0.00254655 0.0059118 0.00928894 -0.00757595 0.0122872 -0.0176787 -0.00481885 0.00698071 -0.00193756 0.000798895 -0.0118758 -0.0104556 0.00581411 -0.000647484 -0.0245507 0.0126544 0.0110849 0.0152746 0.00566721 0.00293693 -0.000392801 -0.00259128 0.00151991 0.00251269 0.0173883 0.0156759 0.0196282 0.0204049 0.0138493 0.0108862 0.00645986 -0.00835631 0.00889529 0.00736943 0.00328165 -0.00993188 -0.0124696 0.017245 0.0187051 0.0027149 0.013974 0.0153154 0.0122507 0.0169263 -0.0106156 -0.0115955 0.0138862 0.0115029 0.0121061 0.00668312 0.0127569 0.00778543 0.0102639 0.00576473 0.00916406 0.00678393 -0.00605394 -0.00309639 0.0188061 -0.0235499 -0.00570569 -0.000114852 -0.0124449 -0.0185215 -0.0163103 -0.0179751 -0.0167612 0.0159965 -0.00683693 -0.0107923 -0.0232079 -0.0204212 0.0183692 0.00233391 0.00865775 -3.23257e-05 0.00430267 -0.0240947 0.00232373 -0.00627991 -0.0206382 0.00435074 -0.0164472 0.0100343 -0.00583829 2.04583e-05 -0.0068702 0.0245643 -0.0192851 -0.0220246 -0.0318271 -0.039483 -0.0113354 -0.0164178 -0.000424041 0.00227645 1.6752e-06 0.0129061 -0.00265435
internal_weight=119863 57411 62452 22714 21534 34697 34382 34291 28070 27908 18757 27229 8445 19266 18548 10294 15025 12904 9765 4575 18623 13089 8254 15625 6066 4057 18252 17910 6121 4041 7945 15431 10198 2744 9559 388 11789 4006 3589 2264 2080 6966 15043 9409 5634 3273 5510 9525 5423 3831 4102 11798 7527 3865 4271 2422 1786 2597 846 1293 2892 1635 5206 3146 3086 2728 699 6136 5005 2666 1407 2891 3361 2131 3662 3558 1216 769 8835 3967 4868 3085 2834 2060 2739 2339 6264 1896 1783 3194 9352 4323 3869 3518 1625 1357 864 6157 5029 3446 2349 640 1709 2103 5445 1306 5190 4997 2884 2121 1180 5032 753 4279 1174 3873 1971 416 348 750 712 2809 1644 1365 4457 3139
internal_count=119863 57411 62452 22714 21534 34697 34382 34291 28070 27908 18757 27229 8445 19266 18548 10294 15025 12904 9765 4575 18623 13089 8254 15625 6066 4057 18252 17910 6121 4041 7945 15431 10198 2744 9559 388 11789 4006 3589 2264 2080 6966 15043 9409 5634 3273 5510 9525 5423 3831 4102 11798 7527 3865 4271 2422 1786 2597 846 1293 2892 1635 5206 3146 3086 2728 699 6136 5005 2666 1407 2891 3361 2131 3662 3558 1216 769 8835 3967 4868 3085 2834 2060 2739 2339 6264 1896 1783 3194 9352 4323 3869 3518 1625 1357 864 6157 5029 3446 2349 640 1709 2103 5445 1306 5190 4997 2884 2121 1180 5032 753 4279 1174 3873 1971 416 348 750 712 2809 1644 1365 4457 3139
is_linear=0
shrinkage=0.04


Tree=12
num_leaves=127
num_cat=0
split_feature=9 9 9 17 17 7 7 0 7 9 9 0 7 1 1 13 0 0 9 1 1 17 1 0 17 1 1 9 9 1 0 0 1 1 0 1 1 1 1 1 1 13 0 13 1 1 1 0 1 1 7 1 0 1 0 4 0 1 1 1 8 1 1 7 1 8 18 1 1 13 1 1 8 1 1 1 1 1 1 8 11 8 0 0 1 1 0 8 0 1 1 0 13 0 0 1 1 1 0 1 1 0 1 1 1 0 4 9 11 1 7 1 1 1 11 1 0 0 1 1 1 1 1 1 0 1
split_gain=7408.46 1274.93 993.225 416.527 354.255 343.616 313.01 233.23 227.989 178.577 158.561 138.195 133.74 127.902 141.643 124.806 102.898 134.388 101.44 95.4688 83.9059 79.0989 78.1868 72.0709 70.7839 70.7125 99.4997 68.357 60.3268 57.011 98.3883 55.7432 66.0958 54.6086 52.5778 50.746 50.6218 50.7667 132.962 56.9626 51.4142 49.5549 47.6769 45.5867 45.2234 43.8843 43.0907 42.322 41.7712 41.2552 41.1483 40.2856 51.2837 39.3143 50.905 38.7578 38.4931 31.5339 35.445 31.0062 30.1641 30.0759 45.169 29.3102 29.1745 27.9908 26.979 26.6359 26.5143 25.9741 25.2043 26.5607 24.8279 24.1685 24.0265 22.671 27.273 22.5552 24.9757 22.3069 22.2196 24.6974 23.9409 55.9923 27.3559 22.2047 22.0377 22.0121 21.8912 21.6188 21.3461 21.3221 20.4524 20.4503 20.2035 20.0296 19.2981 22.9917 23.1226 20.3725 18.7969 18.774 19.5669 19.1167 18.0682 17.6788 17.5446 16.9936 16.8997 16.5807 16.2958 16.2801 16.2488 22.7784 16.1678 16.8419 16.0704 15.5743 15.8014 15.3498 29.5319 15.3447 16.248 15.2833 15.1081 14.8597
threshold=9.5000000000000018 6.5000000000000009 13.500000000000002 1.0000000180025095e-35 1.0000000180025095e-35 3.5000000000000004 1.5000000000000002 15.500000000000002 1.5000000000000002 17.500000000000004 11.500000000000002 25.500000000000004 1.0000000180025095e-35 118.50000000000001 77.500000000000014 0.95295000000000007 6.5000000000000009 14.500000000000002 11.500000000000002 74.500000000000014 208.50000000000003 1.0000000180025095e-35 19.500000000000004 7.5000000000000009 1.0000000180025095e-35 75.500000000000014 47.500000000000007 4.5000000000000009 14.500000000000002 160.50000000000003 24.500000000000004 10.500000000000002 69.500000000000014 247.50000000000003 7.5000000000000009 16.500000000000004 27.500000000000004 118.50000000000001 153.50000000000003 77.500000000000014 225.50000000000003 0.94785000000000008 6.5000000000000009 0.95465000000000011 266.50000000000006 43.500000000000007 77.500000000000014 3.5000000000000004 87.500000000000014 58.500000000000007 3.5000000000000004 233.50000000000003 6.5000000000000009 230.50000000000003 26.500000000000004 14.500000000000002 13.500000000000002 40.500000000000007 85.500000000000014 266.50000000000006 1.5000000000000002 48.500000000000007 16.500000000000004 3.5000000000000004 225.50000000000003 1.5000000000000002 1.0000000180025095e-35 248.50000000000003 75.500000000000014 0.94535000000000013 42.500000000000007 151.50000000000003 1.5000000000000002 195.50000000000003 241.50000000000003 16.500000000000004 35.500000000000007 212.50000000000003 267.50000000000006 1.5000000000000002 10213.645000000002 1.5000000000000002 26.500000000000004 27.500000000000004 53.500000000000007 129.50000000000003 27.500000000000004 1.5000000000000002 26.500000000000004 94.500000000000014 265.50000000000006 27.500000000000004 0.96765000000000012 6.5000000000000009 29.500000000000004 142.50000000000003 31.500000000000004 151.50000000000003 7.5000000000000009 197.50000000000003 208.50000000000003 10.500000000000002 83.500000000000014 164.50000000000003 87.500000000000014 8.5000000000000018 13.500000000000002 1.5000000000000002 7587.2700000000013 239.50000000000003 1.0000000180025095e-35 143.50000000000003 62.500000000000007 56.500000000000007 4634.3100000000004 253.50000000000003 17.500000000000004 27.500000000000004 178.50000000000003 83.500000000000014 164.50000000000003 71.500000000000014 47.500000000000007 96.500000000000014 14.500000000000002 75.500000000000014
decision_type=2 2 2 2 2 2 2 2 2 2 2 2 2 2 2 2 2 2 2 2 2 2 2 2 2 2 2 2 2 2 2 2 2 2 2 2 2 2 2 2 2 2 2 2 2 2 2 2 2 2 2 2 2 2 2 2 2 2 2 2 2 2 2 2 2 2 2 2 2 2 2 2 2 2 2 2 2 2 2 2 2 2 2 2 2 2 2 2 2 2 2 2 2 2 2 2 2 2 2 2 2 2 2 2 2 2 2 2 2 2 2 2 2 2 2 2 2 2 2 2 2 2 2 2 2 2
left_child=1 5 4 9 8 12 21 15 18 23 25 13 107 14 22 31 -8 19 44 105 56 59 -9 57 41 26 75 53 80 30 46 32 61 43 48 -12 -19 39 95 -38 -40 96 -37 73 108 69 -27 -17 49 -20 79 52 -34 54 -13 -52 68 -4 -59 72 -36 62 -7 -28 92 101 -60 87 -21 -24 -43 85 124 111 -22 -10 -77 -33 -79 -30 82 -82 -25 -84 -85 -72 -42 -31 -29 -70 -73 -11 117 -48 -90 -39 -14 98 -98 -99 -101 102 -49 -104 -95 -18 -81 -1 -2 -88 -74 -15 113 -110 -5 -116 -71 118 -56 -67 -121 122 -47 -6 -3 -44
right_child=2 6 3 114 123 7 16 11 10 91 35 27 24 33 -16 47 17 36 34 20 74 -23 45 28 -26 29 63 88 50 67 -32 77 51 -35 60 42 37 38 40 -41 86 70 125 -45 -46 121 93 65 -50 -51 55 -53 -54 -55 64 -57 -58 58 66 -61 -62 -63 -64 -65 -66 119 -68 -69 89 116 71 90 110 -75 -76 76 -78 78 -80 106 81 -83 83 84 -86 -87 109 -89 94 -91 -92 -93 -94 104 -96 -97 97 99 -100 100 -102 -103 103 -105 -106 -107 -108 -109 112 -111 -112 -113 -114 -115 115 -117 -118 -119 -120 120 -122 -123 -124 -125 -126 -127
leaf_value=0.018461882089807008 -0.0059074173823406937 0.016676876461508023 -0.038600129464110573 -0.0064331445832607886 0.014131127485007361 0.029073818619959363 -0.020799292087759404 -0.0069727957210877715 -0.016153427517424983 -0.033874059459293518 -0.022888170112844192 0.022681329246058361 0.0081828154703795959 0.0016778011428298821 0.020198050382928493 0.049458409803836693 0.006393803241731541 -0.014395289486674708 -0.027939613752072413 0.0016815353343026293 0.019256670734514651 0.03793641127419585 0.0057306299565028649 -0.015596119643246413 0.065427019115979826 -0.022242605914006036 -0.038999032055420726 0.015933199392198515 -0.0036456388457744545 0.0048033742624327865 -0.023188068255907072 0.019545685741968556 -0.02465632571186617 0.013232560079182373 0.0053236951759500148 -0.02900624220071809 -0.0010448489306396284 -0.0041200740336011493 0.0030784556122523529 0.013241553727406959 -0.0075075337282822932 0.014915792833185108 -0.010481197799728184 0.0047568202507195225 0.01047753052064293 -0.00064326790333183402 -0.029820764231443749 0.024653868208512432 -0.02593522520505909 -0.0029811513526533484 -0.02248588019421649 0.011205805380983052 0.0034490942814863748 0.02435924513486663 0.011447861455949242 -0.034527928088077794 0.049178767142357763 -0.011325829300938863 -0.019945142957289715 0.017609672673385569 -0.0066742768190563694 0.018874684266270893 -0.00030025106524198659 0.00066984940749298188 0.0013800825633953789 0.021659035473128373 -0.031464386786665972 -0.012546401072681186 -0.014363869091501913 0.013055915795774182 0.029260874193261815 0.022056554602579409 -0.010340234072366776 0.0021917263152756794 0.0063060571076039998 -0.0033747060165019698 -0.013022462856648771 0.010749884661377275 0.03088904030182783 -0.040908672457235555 0.014343525263337003 -0.011545006431273959 -0.042639724240805664 0.021305176221651095 -0.018662250672999103 0.048075941215534358 0.041589133077891083 -0.0057795565783661639 0.0041254192768080695 -0.0035845472548145787 0.033427660462911409 -0.019207239402976962 0.016982052478101244 0.0037623655879969282 0.047847628509789172 -0.014802727489485707 0.0038210860503499729 0.0094928993219738893 0.024691704566233721 0.028669035490520984 0.016941877919972533 0.02510760761041687 0.011079606833704883 0.021867463251605272 -0.0087304002931601083 0.012722495450590008 -0.017128517808892893 0.0023216582451006987 -0.0038078337554398366 0.0025615407539856935 0.0062260030867671923 -0.0063015462213434339 -0.0011104353011771526 0.011201257696037982 0.01259285575692122 -0.0023505469784382334 0.023338198200856367 0.016447579509178131 0.0032537163421524052 0.0066274622874000731 0.017098833403949739 -0.0040911618074544109 0.0087971712704256987 0.025858251569632944 0.0089115764678713693 -0.014202602972062391
leaf_weight=122 851 594 326 122 392 110 408 595 766 2023 1089 836 295 547 1663 73 1535 616 140 1511 304 148 692 3374 58 407 30 322 198 379 1197 1388 110 703 371 316 4638 334 2330 494 1609 387 2383 3646 649 444 70 579 396 437 3234 1189 1832 629 1147 495 23 259 504 534 3442 1143 349 2991 388 616 935 785 339 1266 681 1989 97 1611 939 984 898 1276 107 52 64 720 183 30 298 119 19 1835 1704 2462 307 174 1285 197 17 1804 92 516 1190 252 1728 1318 641 449 2978 1315 1213 726 252 202 4088 1614 2398 450 550 154 303 561 563 572 1767 332 846 330 1249 6255
leaf_count=122 851 594 326 122 392 110 408 595 766 2023 1089 836 295 547 1663 73 1535 616 140 1511 304 148 692 3374 58 407 30 322 198 379 1197 1388 110 703 371 316 4638 334 2330 494 1609 387 2383 3646 649 444 70 579 396 437 3234 1189 1832 629 1147 495 23 259 504 534 3442 1143 349 2991 388 616 935 785 339 1266 681 1989 97 1611 939 984 898 1276 107 52 64 720 183 30 298 119 19 1835 1704 2462 307 174 1285 197 17 1804 92 516 1190 252 1728 1318 641 449 2978 1315 1213 726 252 202 4088 1614 2398 450 550 154 303 561 563 572 1767 332 846 330 1249 6255
internal_value=2.6868e-05 0.00823584 -0.01202 -0.0206157 -0.00821371 0.0124867 0.001504 0.010748 -0.00882121 -0.022235 -0.0109215 0.00817961 0.0197253 0.00587236 0.0102286 0.0148729 -0.000910865 -0.00051424 -0.00354868 0.00335985 0.000315998 0.00901974 0.00652498 -0.0202971 0.0214036 -0.00809223 -0.0046868 0.0125947 -0.0188842 -0.0105515 -0.0132334 0.0114304 0.00879025 0.00257765 -0.00762547 -0.014729 -0.00322509 -0.00262262 -0.00502903 0.000329794 -0.000861331 0.0210643 -0.013736 0.00156718 0.00069215 0.00859442 -0.00996902 0.0191667 -0.0159268 -0.00904765 -0.0218533 0.00540681 0.00185388 0.0149497 0.0137101 -0.0240863 -0.00231028 -0.0271779 -0.0249804 0.00836638 -0.00550573 0.0153997 0.00673537 0.000273316 0.011807 0.0187931 -0.0274343 -0.00621363 -0.00258698 0.0121968 0.0245711 0.0257762 0.0075466 -0.00151489 0.0094779 -0.0103469 -0.00798072 0.0159379 0.012313 -0.0161576 -0.0155812 -0.009425 -0.0168223 -0.0249056 -0.0149891 0.0320703 -0.00587964 -0.00396599 0.0063572 -0.00489104 0.0235801 -0.0327152 0.0129435 -0.00842775 0.00456239 -0.013136 0.018064 0.0188342 0.0231975 0.0165907 0.0184378 0.0215283 0.018698 0.0155287 -0.0079539 0.00931563 -0.0181124 0.00465034 -0.000914431 0.00595224 0.00584084 -0.00427995 0.000455081 0.00580791 0.00698659 0.00931844 0.0150455 0.010656 0.00875271 0.0160262 0.0145402 0.00357002 0.00554501 0.0194995 0.0114173 -0.0131766
internal_weight=119863 71287 48576 14908 33668 43695 27592 35233 32946 14082 23560 21714 8462 14262 6141 13519 20882 20474 9386 8428 5578 6710 4478 11885 7614 13517 5669 7452 9861 7848 4849 7504 4733 8121 4786 10043 12046 11430 6298 5132 4160 7556 8954 7418 4600 3883 3652 6015 973 577 5192 3131 1942 5409 4780 3729 4335 2024 1698 6562 3813 1602 459 3021 3944 5942 1439 2999 4312 2261 3483 3096 6028 3772 1243 2648 1882 2771 1383 1463 4669 784 3885 511 328 800 1830 2214 2043 2801 2296 2197 3556 3245 1721 2138 4073 3778 1282 2496 1980 2987 1669 1090 3175 2850 1265 848 3951 221 4185 2161 3100 702 826 704 1569 2271 1710 2955 2339 1622 1290 722 1843 8638
internal_count=119863 71287 48576 14908 33668 43695 27592 35233 32946 14082 23560 21714 8462 14262 6141 13519 20882 20474 9386 8428 5578 6710 4478 11885 7614 13517 5669 7452 9861 7848 4849 7504 4733 8121 4786 10043 12046 11430 6298 5132 4160 7556 8954 7418 4600 3883 3652 6015 973 577 5192 3131 1942 5409 4780 3729 4335 2024 1698 6562 3813 1602 459 3021 3944 5942 1439 2999 4312 2261 3483 3096 6028 3772 1243 2648 1882 2771 1383 1463 4669 784 3885 511 328 800 1830 2214 2043 2801 2296 2197 3556 3245 1721 2138 4073 3778 1282 2496 1980 2987 1669 1090 3175 2850 1265 848 3951 221 4185 2161 3100 702 826 704 1569 2271 1710 2955 2339 1622 1290 722 1843 8638
is_linear=0
shrinkage=0.04


Tree=13
num_leaves=127
num_cat=0
split_feature=9 9 9 8 7 9 0 7 0 7 1 1 1 1 8 8 0 0 9 1 1 1 0 0 0 1 1 1 2 0 1 1 2 1 7 0 1 1 1 0 9 9 0 1 1 1 9 1 2 2 2 0 0 1 9 1 0 0 8 4 1 7 2 1 1 2 2 0 1 9 1 1 1 2 1 1 1 1 1 1 1 1 1 1 1 14 2 2 0 9 1 0 2 2 1 9 13 1 2 2 1 7 2 1 1 9 1 1 2 8 2 2 10 0 0 0 1 13 1 1 1 18 2 2 2 1
split_gain=6837.08 1242.08 744.843 441.992 359.894 284.84 284.739 204.798 177.461 171.776 153.097 129.058 119.944 201.595 117.733 105.682 98.6615 116.863 81.0155 78.1206 143.888 74.6917 72.1776 67.2432 60.428 58.2874 132.803 56.4488 53.4213 52.8543 50.1091 49.0169 48.8475 48.8376 48.1353 46.7237 46.2145 45.5496 45.4448 44.1638 43.2874 42.22 41.364 70.4386 71.28 41.1988 40.4079 38.4886 47.4946 47.9521 37.6718 37.4121 36.7174 40.3819 35.6558 35.5903 35.1011 39.2948 34.5573 34.3208 33.8664 33.5449 33.338 48.1384 33.1683 33.1286 31.6992 58.5904 31.354 30.3279 30.3094 29.1768 30.0729 29.0846 28.9004 28.3226 30.6049 61.3863 59.7745 28.3032 28.2319 26.735 33.9632 25.8761 25.8041 25.5262 25.4508 36.9473 40.6524 25.4453 24.9831 24.8208 23.7796 23.5595 23.4195 24.9634 22.9586 22.8192 34.7162 21.9188 21.6191 22.1967 21.5696 21.3246 21.1302 20.7509 20.2563 20.1142 19.9566 19.9235 23.5026 19.8659 19.8638 19.7584 19.1814 18.5843 18.2372 18.0456 18.0308 17.8895 39.4001 24.841 16.8035 16.2811 15.9228 15.8735
threshold=8.5000000000000018 12.500000000000002 5.5000000000000009 1.5000000000000002 1.5000000000000002 14.500000000000002 15.500000000000002 3.5000000000000004 25.500000000000004 3.5000000000000004 137.50000000000003 77.500000000000014 75.500000000000014 47.500000000000007 1.5000000000000002 1.5000000000000002 6.5000000000000009 16.500000000000004 18.500000000000004 160.50000000000003 159.50000000000003 19.500000000000004 3.5000000000000004 7.5000000000000009 10.500000000000002 208.50000000000003 74.500000000000014 16.500000000000004 706.50000000000011 10.500000000000002 77.500000000000014 60.500000000000007 1315.5000000000002 83.500000000000014 3.5000000000000004 27.500000000000004 78.500000000000014 218.50000000000003 145.50000000000003 7.5000000000000009 7.5000000000000009 9.5000000000000018 27.500000000000004 225.50000000000003 197.50000000000003 69.500000000000014 10.500000000000002 217.50000000000003 393.50000000000006 1839.5000000000002 518.50000000000011 6.5000000000000009 6.5000000000000009 248.50000000000003 7.5000000000000009 31.500000000000004 24.500000000000004 6.5000000000000009 1.5000000000000002 14.500000000000002 43.500000000000007 3.5000000000000004 1128.5000000000002 194.50000000000003 43.500000000000007 158.50000000000003 415.50000000000006 27.500000000000004 178.50000000000003 14.500000000000002 241.50000000000003 118.50000000000001 130.50000000000003 663.50000000000011 48.500000000000007 256.50000000000006 143.50000000000003 77.500000000000014 153.50000000000003 56.500000000000007 62.500000000000007 267.50000000000006 208.50000000000003 56.500000000000007 261.50000000000006 0.87605000000000011 980.50000000000011 902.50000000000011 26.500000000000004 15.500000000000002 241.50000000000003 15.500000000000002 656.50000000000011 1249.5000000000002 191.50000000000003 15.500000000000002 0.9638500000000001 212.50000000000003 736.50000000000011 214.50000000000003 47.500000000000007 1.5000000000000002 335.50000000000006 56.500000000000007 15.500000000000002 11.500000000000002 194.50000000000003 220.50000000000003 772.50000000000011 1.5000000000000002 1463.5000000000002 403.50000000000006 61003.500000000007 15.500000000000002 27.500000000000004 7.5000000000000009 42.500000000000007 0.94055000000000011 29.500000000000004 87.500000000000014 40.500000000000007 1.0000000180025095e-35 1530.5000000000002 817.50000000000011 158.50000000000003 16.500000000000004
decision_type=2 2 2 2 2 2 2 2 2 2 2 2 2 2 2 2 2 2 2 2 2 2 2 2 2 2 2 2 2 2 2 2 2 2 2 2 2 2 2 2 2 2 2 2 2 2 2 2 2 2 2 2 2 2 2 2 2 2 2 2 2 2 2 2 2 2 2 2 2 2 2 2 2 2 2 2 2 2 2 2 2 2 2 2 2 2 2 2 2 2 2 2 2 2 2 2 2 2 2 2 2 2 2 2 2 2 2 2 2 2 2 2 2 2 2 2 2 2 2 2 2 2 2 2 2 2
left_child=2 4 6 9 15 23 14 40 10 69 11 21 13 27 22 39 -9 25 35 20 30 -8 -1 119 45 26 55 113 74 33 -14 -10 41 103 -15 59 -32 62 61 -2 58 -17 43 44 68 79 60 48 114 86 -37 -47 -21 109 75 -18 57 -38 73 94 -29 -33 -12 -64 112 -41 67 115 93 124 123 102 -73 99 -11 76 77 104 -78 125 83 82 -31 -36 -39 -67 87 -50 -89 -61 -53 -49 -28 -40 -7 -96 -35 116 -99 -4 -42 -102 -13 -24 -19 -34 -80 -93 -108 110 -54 -98 -23 -6 -25 -43 -26 -44 -60 120 -5 -121 -52 -27 -3 -16
right_child=1 3 7 5 12 18 8 16 31 28 37 71 19 34 24 32 17 54 -20 52 -22 64 29 47 97 70 92 46 -30 81 36 38 105 96 80 50 56 84 42 65 100 66 117 -45 -46 51 -48 91 49 -51 122 90 53 -55 -56 -57 -58 -59 118 89 -62 -63 63 -65 -66 85 -68 -69 -70 -71 -72 72 -74 -75 -76 -77 78 -79 106 -81 -82 -83 -84 -85 -86 -87 -88 88 -90 -91 -92 107 -94 -95 95 -97 111 98 -100 -101 101 -103 -104 -105 -106 -107 108 -109 -110 -111 -112 -113 -114 -115 -116 -117 -118 -119 -120 121 -122 -123 -124 -125 -126 -127
leaf_value=0.050244709899065459 0.028057175323753843 -0.016940209902706917 0.013010909241284618 -0.031141502483196692 0.027029959962975161 -0.025864644220699978 -0.0064054697149852728 -0.019783700841020053 0.004132666745478286 0.0080739206759207847 -0.0045083634082574249 0.068983307642652494 -0.020848206557601855 -0.03300267722318851 0.027544449472948096 0.00489436187975862 -0.00026506293103379503 -0.012045467045983161 -0.03403851432304298 -0.020242059758409217 -0.028828632057341635 0.014211519535947396 0.017620667157372611 -0.010155066502412357 0.011465565188422911 0.0198231702519817 0.0031134140325387188 -0.00070502684153803574 -0.019351015237433346 0.032613792541015867 0.0047731824596269996 0.031163664926904446 0.0036812352769624531 0.0092653187200017646 0.001482060298755087 0.010546309788762941 -0.028262239418509194 0.0054564433764089908 0.02089462228008623 -0.0037540167236636275 -0.0048265132137495486 -0.021660980909175308 0.012269145054088224 0.00069840821095952055 0.02604077756768482 -0.018885244068652211 -0.013260385557653385 -0.0042681451029473747 -0.018417529904900629 0.00038939614598419454 -0.018640759507435926 0.0050485855170017812 0.006684679447284755 -0.011384976422401121 -0.0032155050103611867 0.012254695553187415 -0.016598253974522813 -0.0085456877150013617 -0.0034976275547834936 -0.041548359400840333 -0.010515710764664073 0.017629964783542486 0.0055164821417574969 -0.0084587038127850508 0.0044936815221281517 0.0087803608245146537 -0.011573012028913827 0.021167493148534017 0.0060442745119478327 -0.00053219907361618446 0.0070428040736286437 -0.0010063342914805155 0.028285912481373923 0.016419908088419963 -0.0097634553229758152 0.024277291173303586 -0.012218634088803328 0.014228261811037521 0.0066369152833771292 0.022127976195148315 -0.0017450517545871225 0.032632805748595908 0.020529361234338794 0.0099873994740730231 0.017901202190402983 0.034549707105490796 -0.01598672736604001 -0.022641802621563421 -0.045950843158932352 -0.022793731265200727 0.012742783300952914 -0.0085761073478531329 -0.0037575018393850509 0.012110543340610205 -0.016307977965087799 -0.025341812757520989 0.052792814262068583 0.026485384918915628 0.012253037514546671 0.04043452523816729 0.0086224603766898271 -0.024318832602025515 0.02083239661902471 0.027784463867010927 0.002048336343246714 -0.0029944110477528878 0.039934275587191752 -0.017075940671955076 -0.0011253409124257797 -0.0049962987434861647 -0.0098095041876614004 0.017109404865897057 0.0031761095727008723 -0.017455482140353289 0.012051275464979368 -0.0040525184505071088 0.021246720384084424 0.022494828634040814 0.011950724657298396 -0.018320426444121806 -0.010520303918956784 -0.029422373485182805 0.017722835235686098 0.010063180475578457 0.011693497034836693 0.0060200790952707299
leaf_weight=133 181 32 66 216 15.999999999999998 3061 552 326 701 207 1535 14.999999999999998 730 67 64 622 430 190 1441 296 787 1781 669 1350 362 655 1227 1453 863 447 330 423 3080 1186 1997 92 167 2418 639 350 221 104 377 740 672 82 1313 817 1545 235 503 1506 528 1497 4350 2320 1250 5245 130 317 920 966 2124 484 1325 1603 1180 147 1058 660 1498 198 78 800 486 86 645 742 803 656 2823 497 2276 803 300 64 3586 351 183 185 1228 924 2346 2105 1120 877 26 318 2023 164 2541 33 1851 661 1624 982 19 866 2209 3303 187 659 307 1430 65 1242 2020 1058 1646 547 476 798 21 474 890 387
leaf_count=133 181 32 66 216 16 3061 552 326 701 207 1535 15 730 67 64 622 430 190 1441 296 787 1781 669 1350 362 655 1227 1453 863 447 330 423 3080 1186 1997 92 167 2418 639 350 221 104 377 740 672 82 1313 817 1545 235 503 1506 528 1497 4350 2320 1250 5245 130 317 920 966 2124 484 1325 1603 1180 147 1058 660 1498 198 78 800 486 86 645 742 803 656 2823 497 2276 803 300 64 3586 351 183 185 1228 924 2346 2105 1120 877 26 318 2023 164 2541 33 1851 661 1624 982 19 866 2209 3303 187 659 307 1430 65 1242 2020 1058 1646 547 476 798 21 474 890 387
internal_value=2.58341e-05 -0.009938 0.00918547 -0.0172098 -0.00517746 -0.0194438 0.0128198 0.00393448 0.00987924 -0.00327156 0.00690959 0.0115164 -0.00768888 -0.00451006 0.0170188 0.00143041 0.00203621 0.0023991 -0.0254905 -0.0100909 -0.0125329 0.00724058 0.0210635 -0.015592 0.0139521 0.00576966 0.00368792 -0.0102586 -0.0127085 0.0204577 -0.0108712 0.0142854 -0.00086849 0.0168125 0.000674113 -0.0234949 -0.00982873 0.00280834 0.0151703 0.00912666 0.010693 -0.00448767 0.0137935 0.0121359 0.0140268 0.0102798 -0.00762871 -0.0142315 -0.0157199 -0.0172991 -0.0130253 0.00770662 -0.00651418 -0.00577631 -0.000428307 0.0102957 -0.0105527 -0.00915534 0.014204 -0.0246539 -0.00451055 0.0217563 0.000167486 0.00292117 0.00944892 0.0074246 -0.00667245 -0.00279606 0.0119016 0.00600803 0.0107784 0.0194287 0.00726467 0.0200378 -0.00442924 0.00149009 0.00117461 0.00453646 -0.00116193 0.0168206 0.00107667 0.0240795 0.0225157 0.00392297 0.00683212 0.00977412 -0.0180336 -0.0215613 -0.0306443 -0.0346507 0.0085063 -0.0100534 -0.00139683 0.0141583 -0.0236603 -0.0202783 0.0126409 0.0170012 0.0141891 0.0325916 0.00716627 0.00819765 0.0212253 0.0226767 0.000569351 0.00206636 0.00118995 -0.0126913 -0.00077162 -0.00368544 0.00236445 0.0184772 0.0125911 -0.0169586 -0.00913138 -0.00541753 0.0197625 0.0198122 0.0108175 -0.0222156 -0.0169663 -0.024912 -0.0171727 0.0157303 0.0106936 0.00908883
internal_weight=119863 57411 62452 22714 34697 19576 36907 25545 21707 3138 12968 6107 25142 10822 15200 9555 19944 19618 7617 14320 8509 3965 6554 11959 8646 8950 6323 5132 1556 6421 7722 8739 7357 3201 5690 6176 6992 6861 8038 2198 5601 3295 6649 5214 4474 3923 3686 9922 7315 5900 616 2816 5811 5515 10668 2750 6662 5412 2806 5560 2373 1389 4143 2608 3413 2017 2673 1493 3802 1582 2627 2142 276 1030 693 6318 6232 2556 3676 1107 5623 3220 2723 2800 2718 1667 5665 2079 534 502 2734 2607 3573 2744 5058 1997 1871 4723 2341 230 2795 2574 1866 1330 1814 4062 3031 1790 2228 4018 715 685 2088 1446 1415 1346 2382 1435 1776 2037 692 1345 524 1129 922 451
internal_count=119863 57411 62452 22714 34697 19576 36907 25545 21707 3138 12968 6107 25142 10822 15200 9555 19944 19618 7617 14320 8509 3965 6554 11959 8646 8950 6323 5132 1556 6421 7722 8739 7357 3201 5690 6176 6992 6861 8038 2198 5601 3295 6649 5214 4474 3923 3686 9922 7315 5900 616 2816 5811 5515 10668 2750 6662 5412 2806 5560 2373 1389 4143 2608 3413 2017 2673 1493 3802 1582 2627 2142 276 1030 693 6318 6232 2556 3676 1107 5623 3220 2723 2800 2718 1667 5665 2079 534 502 2734 2607 3573 2744 5058 1997 1871 4723 2341 230 2795 2574 1866 1330 1814 4062 3031 1790 2228 4018 715 685 2088 1446 1415 1346 2382 1435 1776 2037 692 1345 524 1129 922 451
is_linear=0
shrinkage=0.04


Tree=14
num_leaves=127
num_cat=0
split_feature=13 8 11 13 7 10 7 11 0 10 11 13 0 13 0 0 7 2 1 1 10 8 11 10 2 1 0 13 10 0 1 1 1 1 11 1 10 13 7 0 1 1 0 1 2 1 10 13 2 2 0 2 1 1 0 0 0 7 0 1 1 1 1 2 13 1 2 2 0 10 0 2 11 1 7 1 1 1 1 1 1 1 13 1 0 2 1 2 1 2 11 1 2 2 4 1 1 1 0 2 1 2 1 7 0 2 10 2 1 1 10 1 11 2 11 2 1 2 2 7 1 10 11 0 10 1
split_gain=5145.52 776.16 518.028 445.122 379.881 368.33 248.232 205.498 199.598 162.626 181.394 140.552 109.987 109.262 101.931 103.908 89.3874 83.1373 78.8505 79.4294 77.4306 73.9975 67.8478 57.7571 57.6072 56.9005 55.8721 54.172 53.4621 53.0631 50.8585 102.263 49.8958 90.9309 52.7023 51.4542 49.055 48.6045 46.3059 47.9009 45.0626 71.2274 54.958 48.6021 46.0433 43.811 42.8927 40.6126 39.9993 38.1127 37.1072 36.7394 36.6562 35.8713 35.1906 86.2293 33.9329 32.2865 31.7304 31.1181 41.1175 58.4095 33.1868 30.8402 30.4779 29.724 29.7189 38.3767 29.3065 29.2852 29.0602 29.0496 28.9139 28.7782 28.3416 28.2269 33.9939 27.9471 32.2068 27.7835 27.1265 26.5076 26.2235 25.9226 30.3079 25.6338 31.3822 29.1488 25.7682 25.5916 25.4585 25.184 24.8542 24.3297 23.3276 23.1275 38.8675 22.8467 25.1438 28.8396 22.817 22.6198 22.6063 22.4874 22.4434 22.0301 21.8892 21.7022 21.6324 23.8754 21.4021 24.3571 21.1031 20.965 20.7022 31.1278 20.6243 24.1858 20.508 20.4383 20.2819 20.1733 20.3302 20.1122 20.0876 19.7
threshold=0.90955000000000008 1.5000000000000002 8751.0000000000018 0.94715000000000016 1.5000000000000002 84545.000000000015 3.5000000000000004 6196.0350000000008 15.500000000000002 123262.00000000001 13721.190000000001 0.84850000000000014 25.500000000000004 0.88805000000000012 6.5000000000000009 15.500000000000002 3.5000000000000004 1529.5000000000002 137.50000000000003 19.500000000000004 62090.000000000007 1.5000000000000002 7219.0000000000009 109068.50000000001 1614.5000000000002 15.500000000000002 3.5000000000000004 0.92155000000000009 63341.500000000007 17.500000000000004 208.50000000000003 74.500000000000014 66.500000000000014 169.50000000000003 5345.5250000000005 115.50000000000001 50123.500000000007 0.83855000000000013 2.5000000000000004 13.500000000000002 75.500000000000014 204.50000000000003 15.500000000000002 38.500000000000007 526.50000000000011 245.50000000000003 100001.00000000001 0.84985000000000011 293.50000000000006 817.50000000000011 27.500000000000004 111.50000000000001 77.500000000000014 256.50000000000006 27.500000000000004 26.500000000000004 10.500000000000002 1.0000000180025095e-35 7.5000000000000009 15.500000000000002 143.50000000000003 150.50000000000003 77.500000000000014 102.50000000000001 0.90145000000000008 75.500000000000014 1530.5000000000002 1578.5000000000002 10.500000000000002 36307.500000000007 19.500000000000004 1220.5000000000002 20427.875000000004 43.500000000000007 3.5000000000000004 199.50000000000003 107.50000000000001 87.500000000000014 16.500000000000004 248.50000000000003 42.500000000000007 83.500000000000014 0.87455000000000016 178.50000000000003 27.500000000000004 1665.5000000000002 225.50000000000003 576.50000000000011 129.50000000000003 1345.5000000000002 6376.0350000000008 163.50000000000003 1481.5000000000002 439.50000000000006 28.500000000000004 75.500000000000014 47.500000000000007 84.500000000000014 7.5000000000000009 393.50000000000006 78.500000000000014 1530.5000000000002 118.50000000000001 3.5000000000000004 7.5000000000000009 73.500000000000014 107287.50000000001 1665.5000000000002 167.50000000000003 143.50000000000003 87004.500000000015 52.500000000000007 5895.1750000000011 1598.5000000000002 12320.800000000001 1195.5000000000002 261.50000000000006 1141.5000000000002 1849.5000000000002 3.5000000000000004 176.50000000000003 38506.000000000007 18953.770000000004 8.5000000000000018 52225.500000000007 178.50000000000003
decision_type=2 2 2 2 2 2 2 2 2 2 2 2 2 2 2 2 2 2 2 2 2 2 2 2 2 2 2 2 2 2 2 2 2 2 2 2 2 2 2 2 2 2 2 2 2 2 2 2 2 2 2 2 2 2 2 2 2 2 2 2 2 2 2 2 2 2 2 2 2 2 2 2 2 2 2 2 2 2 2 2 2 2 2 2 2 2 2 2 2 2 2 2 2 2 2 2 2 2 2 2 2 2 2 2 2 2 2 2 2 2 2 2 2 2 2 2 2 2 2 2 2 2 2 2 2 2
left_child=1 4 5 6 51 7 57 13 21 16 37 22 18 25 -8 30 110 32 19 -10 -9 26 46 106 66 -3 -5 124 -18 52 31 80 63 35 36 38 -35 45 -34 -40 43 54 69 58 -44 97 90 50 -14 123 105 -1 73 59 55 75 81 113 -27 -29 62 -62 -61 -6 72 -30 -19 -68 89 -43 -31 -64 94 -21 -39 76 92 78 -22 -46 -16 -28 -13 -63 118 87 119 125 -89 -23 -7 101 -42 -33 -53 96 -15 -11 -99 -100 -94 -67 -37 -83 -82 -12 -24 -71 109 -97 111 -4 -59 -2 115 -112 117 -20 -85 -87 -36 -122 -123 -32 -17 -50
right_child=3 2 9 8 17 11 14 20 12 10 47 82 48 95 15 27 28 24 116 29 77 68 23 -25 -26 40 56 53 65 70 49 93 33 34 120 102 -38 74 39 -41 41 42 44 -45 79 -47 -48 -49 85 -51 -52 64 -54 -55 -56 -57 -58 112 -60 60 61 83 71 -65 -66 91 67 -69 -70 107 -72 -73 -74 -75 -76 -77 -78 -79 -80 -81 104 103 -84 84 -86 86 -88 88 -90 -91 -92 -93 100 -95 -96 108 -98 98 99 -101 -102 -103 -104 -105 -106 -107 -108 -109 -110 -111 114 -113 -114 -115 -116 -117 -118 -119 -120 -121 121 122 -124 -125 -126 -127
leaf_value=-0.0093883661818929039 -0.0071856276484555774 -0.022389928912541449 -0.0051368802085222784 0.049092660174219149 -0.005459542109530334 -0.025769296989788547 -0.018288771523053225 0.0043805449588346689 -0.0046457802810936479 -0.011784394218633084 -0.034108667988093491 -0.013108463500221164 0.041331060982169231 -0.0096626000592857225 0.002969946820304571 -0.006020362501045381 0.0084364896818260576 -0.022739467385271821 -0.00047868693074071305 0.012123738300893909 -0.018714396163844616 0.0082839208504282176 -0.013845666755653721 -0.023017280606619336 -0.0028875254934245444 -0.028623982388779685 0.023313261723999314 -0.011457109208515373 -0.0017518170953199903 0.068897714269646693 0.00024542848181907748 0.0058489038154722764 -0.030751677437379474 0.0038729926462846148 0.025632659038499109 -0.019357696590065296 -0.026250049249333687 -0.0034256865957638552 -0.0024843556373350516 0.020903497997726256 -0.022877343942888272 0.01441780487264647 -0.05589240857622442 -0.0038956075523627382 -0.0075781713989523502 -0.0048101092197035131 -0.031794955428570602 0.0034265425928605223 0.018301796646178561 0.0088448681926582458 0.0069696331312441209 0.0085566877428843516 0.016749885946948012 0.020911089808824862 -0.0051937800858036908 -0.038289792987821279 0.024333649168810163 0.0037417797164291155 -0.011565614643341524 0.004030068073829841 -0.010198238789113176 0.0082286482958699621 0.0033765612453360494 0.0061113889738618598 0.019423971598362202 -0.012464660780181816 0.0045255062694227726 -0.01200167025926213 0.017424420986167758 -0.0025089700343198973 0.022139191012076065 0.016655242693278831 0.023621593486501325 0.0027255951641405271 -0.014738913962530719 -0.026953574526818919 -0.013494966989805193 -0.008575789912540108 -0.0016343560981732415 -0.017289257931097417 0.0072487839201100471 0.050689193608660352 -0.0014668565964423902 -0.0022416971332065096 0.015530538241222022 0.019624745769803911 0.0020514364601672166 0.0071078181423937957 0.021143258518203423 0.017023914677528191 -0.016734314974492574 -0.0040985495996382054 0.0053124635073308456 -0.0019593973305034253 -0.01887323491825553 -0.0079894899568345532 0.003942641184868533 -0.029564339166146841 -0.0020501150664874001 -0.019895957315519925 -0.018852656725688047 0.0025586636060155156 -0.008969928999449147 0.0131181809737993 0.016239162656539879 -0.0080892632278198005 0.0034360053105958331 -0.044934426065701152 -0.0035653833374603245 -0.018607891303110694 -0.0053736951417785294 0.011709767374033429 0.015996643906077058 0.02010996245713554 0.007372344548460529 0.003651005928004227 0.018791396478380837 0.0058278880863302249 0.0075782367391200693 0.010529666827830223 0.020009991958263553 0.0030795306253529266 0.02286653726135322 0.020004088715466228 0.00029041660320349122 0.0084286312538809499
leaf_weight=162 171 1136 166 117 456 1410 318 1429 429 672 55 2799 91 595 499 1368 521 344 1431 1253 191 1479 1470 1737 2145 213 750 220 2722 22 91 923 83 192 94 443 157 968 1368 156 1282 184 38 1566 1182 458 1279 1633 521 2216 278 4339 1289 191 398 303 2372 239 977 1990 614 1111 388 1914 491 1502 254 1930 3072 492 655 828 205 895 560 377 3656 3119 2349 787 654 26 349 1866 207 607 472 236 1923 844 779 1856 103 2070 50 1097 771 383 161 1497 158 179 1393 1287 1400 988 127 20 920 492 990 785 4059 61 857 1599 152 3032 416 1146 154 1083 90 919 1965 860
leaf_count=162 171 1136 166 117 456 1410 318 1429 429 672 55 2799 91 595 499 1368 521 344 1431 1253 191 1479 1470 1737 2145 213 750 220 2722 22 91 923 83 192 94 443 157 968 1368 156 1282 184 38 1566 1182 458 1279 1633 521 2216 278 4339 1289 191 398 303 2372 239 977 1990 614 1111 388 1914 491 1502 254 1930 3072 492 655 828 205 895 560 377 3656 3119 2349 787 654 26 349 1866 207 607 472 236 1923 844 779 1856 103 2070 50 1097 771 383 161 1497 158 179 1393 1287 1400 988 127 20 920 492 990 785 4059 61 857 1599 152 3032 416 1146 154 1083 90 919 1965 860
internal_value=2.48245e-05 -0.00695573 -0.00938302 0.00986433 0.00034063 -0.0123462 0.00606674 -0.00964726 0.0136348 -0.00406626 -0.00855867 -0.0188108 0.0107226 -0.0120637 0.00417322 0.0045318 -0.000989866 -0.00351488 0.00798382 0.0117252 -0.00393732 0.0180299 -0.0220457 -0.0179662 -0.00771162 -0.0138366 0.021788 0.00197151 -0.00387083 0.0134334 0.00778974 0.00546531 -0.000928058 -0.00311624 0.00425027 -0.00690444 -0.00967024 -0.0134413 -0.00167462 -8.64844e-05 -0.0130082 -0.014382 -0.00894956 -0.00852997 -0.0123083 -0.0162664 -0.0259658 -0.000790172 0.0150047 0.0117843 -0.0060057 0.00934703 0.0114143 0.00378949 -0.0167205 -0.0175001 0.0210657 0.0145317 -0.0146244 0.00336065 0.00380068 0.00120229 0.00721465 0.00388326 0.00994487 -0.00489605 -0.011803 -0.0100776 0.014858 0.000730458 0.0236745 0.0124222 0.00893049 0.00821002 -0.00757521 -0.016369 -0.0156002 -0.00603847 -0.00292098 -0.0114624 0.0113463 0.0173054 -0.0118192 0.00314805 0.000878409 0.0145878 0.0112169 0.016705 0.0196113 0.0114617 -0.0225568 -0.00731453 -0.0205845 0.000447354 0.00824287 -0.00617294 -0.00198085 -0.0181987 -0.020308 -0.0181657 -0.00930253 -0.0108625 -0.0114794 0.013869 0.013379 -0.0094683 -0.0124687 -0.00418248 -0.00845352 -0.0112807 0.00345154 0.0087647 0.0153162 0 0.00198388 0.000198458 0.00429977 0.00380491 -0.000449554 0.0136822 0.00767243 0.00639534 0.00460294 0.018228 -0.00229869 0.0121574
internal_weight=119863 70118 52615 49745 17503 33785 24784 23835 24961 18830 7653 9950 15014 16747 20254 19936 11177 12256 9158 4543 7088 9947 6802 3334 4673 12872 4552 11164 6780 4114 8772 5546 7583 5213 1770 3443 349 4699 1607 1524 11736 8980 2703 2756 2007 3171 3468 2954 5856 3226 1321 5247 3437 7831 6277 5879 4435 4530 1190 7640 7420 4214 3206 2370 5085 6259 2528 2184 5395 696 677 1216 4594 2148 1528 5576 5199 5659 2540 1969 2553 2063 3148 3600 2489 5765 2225 3540 2159 2323 2189 3537 1543 2993 4389 3875 1366 2713 2041 1658 261 1681 1836 1313 2054 1043 1597 512 2509 1589 4397 951 4298 232 3446 2589 4615 4463 2282 1753 1421 1327 1173 1010 3333 1381
internal_count=119863 70118 52615 49745 17503 33785 24784 23835 24961 18830 7653 9950 15014 16747 20254 19936 11177 12256 9158 4543 7088 9947 6802 3334 4673 12872 4552 11164 6780 4114 8772 5546 7583 5213 1770 3443 349 4699 1607 1524 11736 8980 2703 2756 2007 3171 3468 2954 5856 3226 1321 5247 3437 7831 6277 5879 4435 4530 1190 7640 7420 4214 3206 2370 5085 6259 2528 2184 5395 696 677 1216 4594 2148 1528 5576 5199 5659 2540 1969 2553 2063 3148 3600 2489 5765 2225 3540 2159 2323 2189 3537 1543 2993 4389 3875 1366 2713 2041 1658 261 1681 1836 1313 2054 1043 1597 512 2509 1589 4397 951 4298 232 3446 2589 4615 4463 2282 1753 1421 1327 1173 1010 3333 1381
is_linear=0
shrinkage=0.04


Tree=15
num_leaves=127
num_cat=0
split_feature=13 7 14 7 13 13 17 12 13 0 13 0 13 2 7 0 10 0 13 0 0 17 14 12 2 13 2 13 2 2 0 0 10 0 0 0 13 12 13 13 0 2 4 10 0 0 2 10 2 0 0 2 2 2 0 2 7 0 2 2 2 2 2 2 0 2 14 0 13 10 2 0 2 4 17 10 2 2 2 4 2 2 2 0 2 13 2 10 4 10 2 2 7 2 0 0 2 17 2 2 13 2 10 13 2 2 0 10 2 2 2 2 14 4 2 14 0 2 2 14 2 2 2 2 0 14
split_gain=4772 475.772 360.993 355.364 335.231 310.138 270.212 259.039 552.398 238.991 175.79 138.034 104.155 93.6506 87.6653 83.3994 80.4882 77.5572 71.5356 70.6641 80.9794 67.7366 62.6907 86.7526 61.9833 65.8045 59.1531 56.0725 54.2124 70.9757 100.323 62.7585 50.1956 44.2345 42.136 41.6335 40.1267 46.5102 39.7173 38.9302 37.8522 37.6988 36.672 35.4821 33.692 33.2269 32.9673 32.9194 29.7744 29.5788 58.6446 29.1244 28.5107 28.3236 26.9479 26.29 26.1365 25.7507 25.5906 34.5447 42.8765 32.1776 27.1336 25.4042 25.2853 29.9645 25.2719 24.8468 24.8324 24.8124 24.7322 24.4029 34.3404 24.3312 24.1026 23.9728 23.5495 23.52 21.8473 21.7849 20.9626 20.6024 19.5359 19.2408 21.3792 19.2333 19.0556 18.8643 18.7675 18.69 18.6126 18.3502 18.2847 18.2494 18.0799 18.009 18.0019 17.8052 27.1844 17.3949 17.3613 18.2363 17.2999 17.1335 17.6306 16.9675 16.7756 16.6094 16.5007 16.4452 16.4364 16.1118 15.9503 15.6265 15.619 15.4777 15.4031 15.1961 31.8919 15.1936 14.7438 20.3264 14.7086 17.403 14.6474 14.4588
threshold=0.91275000000000006 3.5000000000000004 0.73090000000000011 3.5000000000000004 0.86685000000000012 0.94715000000000016 1.0000000180025095e-35 1.5000000000000002 0.87275000000000014 7.5000000000000009 0.66805000000000014 15.500000000000002 0.84850000000000014 1463.5000000000002 1.0000000180025095e-35 6.5000000000000009 67894.000000000015 25.500000000000004 0.90065000000000006 15.500000000000002 6.5000000000000009 1.0000000180025095e-35 0.67015000000000013 1.5000000000000002 439.50000000000006 0.88805000000000012 1904.5000000000002 0.94485000000000008 1320.5000000000002 324.50000000000006 27.500000000000004 16.500000000000004 56502.000000000007 24.500000000000004 10.500000000000002 3.5000000000000004 0.64935000000000009 1.5000000000000002 0.92155000000000009 0.8226500000000001 24.500000000000004 1665.5000000000002 13.500000000000002 85006.000000000015 10.500000000000002 17.500000000000004 1320.5000000000002 66693.500000000015 371.50000000000006 27.500000000000004 26.500000000000004 817.50000000000011 293.50000000000006 427.50000000000006 27.500000000000004 1338.5000000000002 1.5000000000000002 16.500000000000004 1141.5000000000002 1493.5000000000002 1675.5000000000002 1205.5000000000002 970.50000000000011 1062.5000000000002 14.500000000000002 1305.5000000000002 0.75085000000000013 26.500000000000004 0.93915000000000015 75074.000000000015 473.50000000000006 10.500000000000002 913.50000000000011 14.500000000000002 1.0000000180025095e-35 95889.000000000015 1681.5000000000002 902.50000000000011 626.50000000000011 14.500000000000002 1922.5000000000002 1141.5000000000002 1493.5000000000002 24.500000000000004 1115.5000000000002 0.93415000000000015 1287.5000000000002 103024.00000000001 15.500000000000002 71006.000000000015 38.500000000000007 1530.5000000000002 1.0000000180025095e-35 1567.5000000000002 27.500000000000004 27.500000000000004 293.50000000000006 1.0000000180025095e-35 1315.5000000000002 1598.5000000000002 0.86425000000000007 556.50000000000011 173491.00000000003 0.9708500000000001 305.50000000000006 1598.5000000000002 11.500000000000002 25000.500000000004 1654.5000000000002 1797.5000000000002 1756.5000000000002 473.50000000000006 0.68135000000000012 7.5000000000000009 38.500000000000007 0.71235000000000015 13.500000000000002 491.50000000000006 335.50000000000006 0.82945000000000013 970.50000000000011 902.50000000000011 1141.5000000000002 1578.5000000000002 19.500000000000004 0.66430000000000011
decision_type=2 2 2 2 2 2 2 2 2 2 2 2 2 2 2 2 2 2 2 2 2 2 2 2 2 2 2 2 2 2 2 2 2 2 2 2 2 2 2 2 2 2 2 2 2 2 2 2 2 2 2 2 2 2 2 2 2 2 2 2 2 2 2 2 2 2 2 2 2 2 2 2 2 2 2 2 2 2 2 2 2 2 2 2 2 2 2 2 2 2 2 2 2 2 2 2 2 2 2 2 2 2 2 2 2 2 2 2 2 2 2 2 2 2 2 2 2 2 2 2 2 2 2 2 2 2
left_child=1 4 22 14 6 19 9 8 12 13 53 35 39 79 105 96 36 40 43 20 -5 27 -3 -24 90 75 -15 107 29 30 42 113 83 71 85 -7 -11 -38 -21 -4 45 78 -18 56 55 80 -47 67 -41 50 -35 -36 -25 114 58 86 97 119 62 61 99 -60 77 -52 65 106 -55 -14 -56 116 -29 -31 -73 89 -20 -26 82 -40 103 -1 117 -42 -33 -27 -85 -22 -37 -71 -32 -54 -17 -84 -39 -93 122 -92 -10 98 -6 -61 101 -49 -45 -19 -105 -2 -34 -16 111 -72 120 -46 -91 -30 -9 -78 -8 118 -13 -12 121 -66 -59 -124 -63 -44
right_child=3 2 7 5 18 11 69 10 15 16 57 17 47 26 21 24 28 41 74 38 34 -23 23 52 25 32 -28 70 31 33 88 76 64 49 51 44 37 92 54 48 81 -43 125 102 108 46 -48 100 -50 -51 63 -53 73 66 68 -57 -58 94 59 60 -62 124 -64 -65 110 -67 -68 -69 -70 87 109 72 -74 -75 -76 -77 115 -79 -80 -81 -82 -83 91 84 -86 -87 -88 -89 -90 112 95 93 -94 -95 -96 -97 -98 -99 -100 -101 -102 -103 -104 104 -106 -107 -108 -109 -110 -111 -112 -113 -114 -115 -116 -117 -118 -119 -120 -121 -122 -123 123 -125 -126 -127
leaf_value=-0.021774629348400829 0.00047522967744708836 -0.02375798119589485 -0.027983353727769496 -0.016954755097530656 -0.0073518949430657291 0.042656282487412406 -0.010035732689367803 -0.0072064826342503252 0.0037920469419032406 -0.0097428030829981721 0.0057994864371252383 -0.0016436390909991645 -0.016512883965294371 -0.002244673437192517 -0.0049936209074201042 -0.0048003965895702565 -0.033139847102717619 0.0077703485008447379 0.010470127486060179 -0.0023223503584644824 0.0047884079059374975 0.044932846221705292 -0.032943768797386357 -0.0053585176468090899 -0.01108352974915985 -0.0057998864376576642 -0.032041677010617116 0.029131694429429627 -0.017427948217103046 -0.0096416783010091177 0.02085259995664316 0.035798413927191935 -0.0059191094480453219 -0.012522768719395075 0.019025264836798502 0.012300101717320232 -0.0076471561272787956 -0.00070124737119563413 0.002228083234018627 -0.0085327883170776622 -0.00069482272315026222 0.0080263998863804985 -0.015164267440626279 0.0042190897546968038 0.028551732382780887 0.022879463311766452 0.0085619290567496252 -0.0085916725405891237 -0.020580117113391284 -0.0097233785596929911 -0.035038878226206147 0.0091428252841555067 -0.018974907272316512 -0.010372404943455229 0.0068017989788485165 0.017474445771011173 -0.02959903343473675 -0.0043414246065782 0.0041619034895550421 0.00012571860197420833 0.0053273671361845415 -0.0059916473567627393 -0.0063001491968427093 -0.0054840753743917361 -0.001970658617730828 0.0064458095038820162 -0.0048774374356331425 -0.036656167626843421 0.026780382183837364 0.02064897707796232 0.01925220029374795 -0.0068999080385003806 0.01209706263901392 -0.031307788142204987 0.035597016029236997 -0.0048350185167229552 -0.0086809029893652936 0.039928180828305619 0.018400995994891298 -0.036684781172815747 0.017044382605455301 0.0069589882381256582 -0.0237049560526158 -0.0037055585798705022 -0.015670703217875344 0.0097279893800859465 0.0031558898490966296 0.010112078527192219 -0.0038506006886749795 -0.022078881966695635 0.00083953453763203456 -0.0051091259362635111 0.017917441933755301 -0.016467362988950802 0.013882233391681011 0.034212521154761769 -0.023129739852900139 0.014770691747602488 0.0028434020309230272 -0.0099154865183879622 -0.008778838358065295 -0.015353488835955116 0.016989648759130817 0.048005830766467437 0.015391406261225296 0.012906863951508063 0.016490310826523167 0.014933456545886275 0.032451930956048772 0.028510771153193667 5.5899476057174829e-05 0.017287113146423682 -0.01154267495404014 0.0055025992459868242 0.0023193786254952151 0.0016197300621470755 0.019897493226376264 0.0055019787879886277 0.015551839113721971 0.013752204810072647 -0.0070489184889053046 0.029165980374371563 0.010824704123710473 0.00045439750148189783 0.018385243617142829 -0.0033804600520604511
leaf_weight=1525 508 1766 1059 215 816 93 115 386 43 202 1009 230 2157 692 68 1170 75 753 2081 2306 4300 157 396 610 4028 3265 126 601 49 1134 314 14.999999999999998 658 809 771 2011 184 99 1187 379 1323 1482 186 3725 219 474 566 884 2520 1108 354 1260 940 2092 325 1427 53 583 683 702 2827 42 833 54 755 1084 3736 103 144 458 2842 416 240 136 63 1303 332 27 1960 176 328 978 138 350 760 1789 447 676 58 253 3064 824 556 313 190 26 483 106 858 454 2055 2330 178 28 526 269 58 3210 133 347 1438 3080 2636 1441 960 784 36 3925 686 624 1986 35 357 945 582 1616
leaf_count=1525 508 1766 1059 215 816 93 115 386 43 202 1009 230 2157 692 68 1170 75 753 2081 2306 4300 157 396 610 4028 3265 126 601 49 1134 314 15 658 809 771 2011 184 99 1187 379 1323 1482 186 3725 219 474 566 884 2520 1108 354 1260 940 2092 325 1427 53 583 683 702 2827 42 833 54 755 1084 3736 103 144 458 2842 416 240 136 63 1303 332 27 1960 176 328 978 138 350 760 1789 447 676 58 253 3064 824 556 313 190 26 483 106 858 454 2055 2330 178 28 526 269 58 3210 133 347 1438 3080 2636 1441 960 784 36 3925 686 624 1986 35 357 945 582 1616
internal_value=-3.3864e-05 -0.00646773 -0.00867183 0.00987901 -0.00171008 0.0083076 -0.0051993 -0.00731911 -0.00913243 -0.00683086 -0.00198756 0.0116726 -0.0161551 -0.0179726 0.0175598 -0.00519822 -0.00434688 0.00922802 0.00497779 0.00453707 0.00726413 0.018933 -0.0172799 -0.0149772 -0.00478399 -0.0059438 -0.00684268 0.0183542 -0.00542236 -0.00769751 -0.00198122 -0.00170485 -0.00408919 -0.0108206 0.00790609 0.0160459 0.00624871 0.0101043 0.0022888 -0.0214102 0.00694155 0.0133242 -0.00574398 0.00264673 0.0157066 0.00856582 0.0150928 -0.0133917 -0.0190068 -0.0144607 -0.0187693 0.0128971 -0.0134205 -0.00564284 0.00365152 0.0131511 -0.00194234 0.00508333 0.00305649 0.00452609 0.00267295 0.0101697 -0.000739408 -0.0311393 -0.00171683 0.00225022 -0.00685072 -0.0174343 0.0129489 0.012344 0.0216701 -0.0060897 4.4891e-05 -0.0146597 0.011212 -0.00955714 -0.00570066 0.00307307 0.0157259 -0.0233218 0.00725155 0.00255672 -0.0093818 -0.00734928 -0.0119022 0.00624049 0.010639 0.0143727 0.0169903 -0.0140665 -0.000503176 -0.00991923 0.0150975 -0.00824058 0.0021235 0.00112274 -0.020921 -0.00111499 -0.0021241 -0.00381486 -0.0116567 -0.0134952 0.00480295 0.0117101 0.0170554 0.00478536 -0.00409619 0.0145187 0.0185977 0.0202618 -0.0034123 0.018037 -0.0124675 0.0047447 -0.000409767 -0.00144154 -0.00286442 0.00658688 0.0112301 0.00884147 -0.00521025 -0.000582608 0.000935477 0.00330155 0.0167374 -0.00459976
internal_weight=119715 72597 49612 47118 22985 39116 15105 42875 31993 13820 10882 20669 11487 2519 8002 20506 11301 13259 7880 18447 8335 7225 6737 4971 19980 15720 818 7068 10260 6364 2249 3896 10389 4115 8120 7410 1041 839 10112 3958 8510 4749 1877 5736 7317 6209 1040 7529 2899 2325 1217 2031 4575 7174 7806 3885 1833 3708 7337 5290 3983 1307 2047 408 6014 1800 5828 2260 469 1285 3790 1790 656 3965 2144 5331 2406 1214 3267 1701 5169 2301 1290 4375 1110 6089 2458 1134 372 3829 4260 1275 655 1137 2075 3090 526 1780 1674 1156 5269 3214 3903 1307 554 777 716 3278 3432 3189 4214 3299 2889 1490 1346 1116 151 4841 916 1633 2776 790 1885 1302 624 1802
internal_count=119715 72597 49612 47118 22985 39116 15105 42875 31993 13820 10882 20669 11487 2519 8002 20506 11301 13259 7880 18447 8335 7225 6737 4971 19980 15720 818 7068 10260 6364 2249 3896 10389 4115 8120 7410 1041 839 10112 3958 8510 4749 1877 5736 7317 6209 1040 7529 2899 2325 1217 2031 4575 7174 7806 3885 1833 3708 7337 5290 3983 1307 2047 408 6014 1800 5828 2260 469 1285 3790 1790 656 3965 2144 5331 2406 1214 3267 1701 5169 2301 1290 4375 1110 6089 2458 1134 372 3829 4260 1275 655 1137 2075 3090 526 1780 1674 1156 5269 3214 3903 1307 554 777 716 3278 3432 3189 4214 3299 2889 1490 1346 1116 151 4841 916 1633 2776 790 1885 1302 624 1802
is_linear=0
shrinkage=0.04


Tree=16
num_leaves=127
num_cat=0
split_feature=9 9 9 17 17 7 7 0 7 9 9 0 7 13 0 0 9 0 0 17 17 8 0 9 0 4 18 0 0 0 0 0 0 9 0 17 0 0 7 0 0 13 0 8 0 0 8 0 9 0 0 0 4 8 0 11 8 18 8 9 8 10 0 0 0 0 13 10 13 0 7 4 0 13 4 13 0 11 0 10 8 0 13 9 4 4 0 0 7 13 4 14 7 10 0 0 0 0 7 13 0 10 10 4 4 18 8 0 18 7 4 9 4 0 0 0 10 13 4 9 0 9 0 7 0 0
split_gain=5460 922.762 759.244 307.702 285.313 257.518 230.302 168.38 163.568 133.24 113.695 100.457 96.5019 92.2055 78.7238 99.5204 74.6131 62.7074 76.7462 61.2481 60.6933 57.3674 55.3534 51.9523 42.9322 42.8801 39.4746 39.4039 38.8373 33.6656 69.8589 33.3428 48.8713 39.495 33.262 32.2146 31.9849 31.2301 31.0284 29.9129 28.9456 28.9321 28.5359 28.7091 28.305 43.3235 27.6597 27.3814 27.0649 26.4488 22.1298 28.2182 22.0974 21.6036 21.532 20.7899 20.368 20.248 19.7285 19.4884 19.0708 18.7141 18.6662 27.4271 25.5341 18.5284 18.348 18.0858 17.2934 16.0652 15.5533 15.1194 14.3269 13.8843 13.7542 13.6159 13.6017 13.58 13.4238 13.3476 13.2522 13.1617 13.153 13.0563 13.0323 12.9604 13.9258 49.4657 12.5857 12.5279 12.4116 12.3804 12.3566 12.3036 12.3015 11.879 44.0269 34.8081 11.3702 13.1938 11.2929 11.2117 11.0458 13.2155 12.9328 10.616 10.3011 10.58 10.2903 10.2943 10.1216 11.1078 13.5519 9.94858 25.3388 10.6443 12.3544 9.89601 9.77789 9.73724 9.5682 9.41775 11.7958 9.34633 9.33813 9.30398
threshold=9.5000000000000018 6.5000000000000009 13.500000000000002 1.0000000180025095e-35 1.0000000180025095e-35 3.5000000000000004 1.5000000000000002 15.500000000000002 1.5000000000000002 17.500000000000004 11.500000000000002 25.500000000000004 1.0000000180025095e-35 0.95295000000000007 6.5000000000000009 14.500000000000002 11.500000000000002 24.500000000000004 17.500000000000004 1.0000000180025095e-35 1.0000000180025095e-35 1.5000000000000002 7.5000000000000009 4.5000000000000009 7.5000000000000009 14.500000000000002 1.0000000180025095e-35 6.5000000000000009 23.500000000000004 24.500000000000004 27.500000000000004 27.500000000000004 26.500000000000004 14.500000000000002 6.5000000000000009 1.0000000180025095e-35 3.5000000000000004 28.500000000000004 3.5000000000000004 6.5000000000000009 6.5000000000000009 0.94785000000000008 23.500000000000004 1.5000000000000002 26.500000000000004 27.500000000000004 1.5000000000000002 10.500000000000002 7.5000000000000009 10.500000000000002 26.500000000000004 25.500000000000004 13.500000000000002 1.5000000000000002 27.500000000000004 2336.4150000000004 1.5000000000000002 1.0000000180025095e-35 1.5000000000000002 3.5000000000000004 1.5000000000000002 47459.000000000007 23.500000000000004 19.500000000000004 25.500000000000004 15.500000000000002 0.94785000000000008 168278.50000000003 0.96765000000000012 14.500000000000002 3.5000000000000004 19.500000000000004 24.500000000000004 0.94345000000000012 13.500000000000002 0.97215000000000007 8.5000000000000018 11001.600000000002 11.500000000000002 82727.000000000015 1.5000000000000002 10.500000000000002 0.56605000000000005 3.5000000000000004 14.500000000000002 15.500000000000002 27.500000000000004 26.500000000000004 1.0000000180025095e-35 0.90145000000000008 14.500000000000002 0.79955000000000009 3.5000000000000004 168278.50000000003 8.5000000000000018 25.500000000000004 24.500000000000004 26.500000000000004 3.5000000000000004 0.81295000000000006 14.500000000000002 198295.50000000003 106465.50000000001 15.500000000000002 15.500000000000002 1.0000000180025095e-35 1.5000000000000002 25.500000000000004 1.0000000180025095e-35 3.5000000000000004 14.500000000000002 12.500000000000002 13.500000000000002 27.500000000000004 28.500000000000004 26.500000000000004 123262.00000000001 0.59715000000000007 13.500000000000002 10.500000000000002 10.500000000000002 12.500000000000002 8.5000000000000018 3.5000000000000004 15.500000000000002 27.500000000000004
decision_type=2 2 2 2 2 2 2 2 2 2 2 2 2 2 2 2 2 2 2 2 2 2 2 2 2 2 2 2 2 2 2 2 2 2 2 2 2 2 2 2 2 2 2 2 2 2 2 2 2 2 2 2 2 2 2 2 2 2 2 2 2 2 2 2 2 2 2 2 2 2 2 2 2 2 2 2 2 2 2 2 2 2 2 2 2 2 2 2 2 2 2 2 2 2 2 2 2 2 2 2 2 2 2 2 2 2 2 2 2 2 2 2 2 2 2 2 2 2 2 2 2 2 2 2 2 2
left_child=1 5 4 9 8 12 20 13 16 22 29 17 61 24 -8 21 42 18 41 26 53 47 57 44 35 31 59 -18 83 39 50 32 33 -24 -12 40 -15 56 -34 -10 -7 -9 43 -2 -13 68 -29 -16 62 84 51 -31 -35 65 98 -43 -33 -4 81 -14 -25 94 63 -17 -64 89 -28 108 -46 74 106 102 -67 -19 -41 -57 -45 -74 -51 -56 123 -38 -76 -20 -26 86 87 121 -55 91 -59 -3 -71 -66 -1 96 118 -97 99 -11 -48 -73 104 -104 -5 -80 107 -54 -27 -110 111 112 -102 115 -115 -44 -117 -78 -50 -84 -60 122 -36 -39 -120 -68
right_child=2 6 3 71 -6 7 14 11 10 54 34 23 19 36 15 48 27 73 28 -21 -22 -23 25 60 49 67 66 46 -30 30 -32 37 38 52 85 -37 58 80 -40 69 -42 55 113 76 45 -47 100 -49 95 78 -52 -53 70 88 79 75 -58 90 120 -61 -62 -63 64 -65 93 72 125 -69 -70 92 -72 101 77 -75 82 -77 117 -79 105 -81 -82 -83 119 -85 -86 -87 -88 -89 -90 -91 -92 -93 -94 -95 -96 97 -98 -99 -100 -101 110 -103 103 -105 -106 -107 -108 -109 109 -111 -112 -113 -114 114 -116 116 -118 -119 124 -121 -122 -123 -124 -125 -126 -127
leaf_value=-0.015009166675752025 0.011221257956106378 0.017127950975916226 -0.016719987597792817 0.010371610995888266 0.017445155135330265 -0.018592852958426623 -0.018066017448512557 0.0021786918957529058 -0.019872910457596961 -0.025479407718405574 -0.025431393983257077 0.01951726296381184 0.027291342062363763 0.042466934277461128 0.0059119555700174629 0.0012011816111160403 -0.021137966857113177 -0.0023857307808275415 0.02894701121694248 0.058016638225979279 0.033146859340162038 0.00022218613225548773 -0.012649262828926493 0.010361445131433816 0.009157152797024757 -0.013545558253390298 0.014467234498798751 0.0048381746556671939 0.0072615556198668595 -0.014368703907669009 -0.0015864718841831699 0.021384451277062941 -0.024032409766870745 -0.030103845864789723 -0.0059347056726377322 0.037490122440718449 0.015900003728583235 0.00019747784004421219 -0.050710312273444205 -0.016343386664957025 0.0023703068924031214 -0.0021210036418573149 -0.0049735622089984331 -0.0044955663654972456 0.0065564685873618911 0.017432079130248693 -0.0093739674132760058 0.019554736224495634 -0.014046342757653849 0.026715977898644574 -0.019813809090942706 0.0044891547605223486 -0.01871302879362035 -0.0091157313970323447 0.0036903896274897647 0.0064118252707877693 -0.004687276090906997 -0.024724491552333052 0.011285883250652376 0.019100788934778738 0.0022729652993760865 -0.0037881396837812133 -0.0080856203065921475 0.016933209078893226 0.001060513084554832 0.0016862942901507375 0.018782202977771657 -0.0087235872169935252 0.012676174218600881 -0.034072058429921642 -0.018983725073942848 -0.016466757245204619 0.003694039456313913 0.0025113556752082568 -0.010610784842962325 0.011271764998849323 -0.005756563440941556 0.015295766008040957 0.018449680338643411 -0.021179654321169347 -0.019769054098880912 0.021238765376091685 -0.0021010462404408947 0.017291724570797178 0.00021387253290288991 -0.018451299107951485 -0.0051679270089336161 -0.02688498313789562 0.0058898378257417616 0.019513017930035313 -0.037229521964151704 0.0046799135669218436 -0.0074135191694233663 0.034392796089636024 0.010099288497632718 0.015351565226002813 -0.010814213290039041 -0.0030576159558610007 -0.030833017111850689 0.0010564155593468022 0.02049426839357317 0.021411566292213288 0.0052001982690290391 -0.022105747424904551 0.036980765214961638 0.011814139824385296 -0.014559628263790165 0.0062934344684173913 -0.016781560771795268 -0.031119874274339973 -0.015688580500562783 -0.0071104138380431309 -0.0025817552067093946 0.016742793876775536 -0.0049152739687040045 -0.010374218658052919 -0.043171535203181406 0.0034223834987579284 -0.010103246199454885 -0.0054010098644590721 0.015849262290392005 -0.012885243874234042 -0.011298175885996724 -0.024324228340220223 -0.0023578450479065419 0.037248527416897451
leaf_weight=33 523 235 520 348 745 143 413 3298 243 414 314 847 918 74 3100 1698 281 1438 193 62 147 5127 3682 739 3973 79 3273 366 703 674 844 53 380 245 832 33 1683 109 86 151 399 372 911 572 1916 1384 1522 255 126 120 934 156 40 91 46 3528 491 1370 1424 956 1269 301 806 198 870 471 2243 96 1208 28 2869 71 266 2601 463 1254 209 415 473 135 378 1337 3159 791 280 504 476 353 4389 446 142 283 4189 18 521 185 1502 1463 1638 32 42 14.999999999999998 318 31 32 2173 601 83 96 543 136 1274 1217 118 322 71 25 1834 263 2624 1546 4334 3174 32 4802 45
leaf_count=33 523 235 520 348 745 143 413 3298 243 414 314 847 918 74 3100 1698 281 1438 193 62 147 5127 3682 739 3973 79 3273 366 703 674 844 53 380 245 832 33 1683 109 86 151 399 372 911 572 1916 1384 1522 255 126 120 934 156 40 91 46 3528 491 1370 1424 956 1269 301 806 198 870 471 2243 96 1208 28 2869 71 266 2601 463 1254 209 415 473 135 378 1337 3159 791 280 504 476 353 4389 446 142 283 4189 18 521 185 1502 1463 1638 32 42 15 318 31 32 2173 601 83 96 543 136 1274 1217 118 322 71 25 1834 263 2624 1546 4334 3174 32 4802 45
internal_value=-3.24981e-05 0.00702872 -0.0103668 -0.0178585 -0.00702974 0.0106538 0.00130194 0.00915525 -0.00758456 -0.0192342 -0.00937311 0.00695185 0.0169689 0.01263 -0.000778171 -0.000428117 -0.00313273 0.00498275 0.00666179 0.018421 0.00772696 0.0028841 -0.0175398 0.0107428 0.00969159 -0.0162996 0.0180895 -0.00659779 0.0144525 -0.00697377 -0.0110565 -0.0155071 -0.0163936 -0.0156131 -0.0126075 -0.000809815 0.016309 -0.00884239 -0.0289742 -0.00599258 -0.00315559 0.00510616 0.000522717 0.00266633 0.0128008 0.0115376 -0.00569987 0.00695063 -0.00278318 0.0105524 -0.0155849 -0.0108194 -0.0184549 0.00715934 -0.0281294 0.00697857 -0.00213638 -0.0235566 0.0159844 0.0231164 0.00525211 0.0042303 0.000119673 0.002847 -0.0029305 0.0104925 0.0163944 -0.0251022 0.00892447 -0.00567424 -0.0176587 0.00603688 0.00706073 0.000766846 -0.00440911 0.00768731 0.000953456 0.0107712 0.0135998 -0.0148385 -0.015862 0.0182655 -0.0041197 0.0195845 0.00856932 -0.0121906 -0.0118458 -0.0122109 0.00558395 0.0145881 -0.0259039 0.0103371 -0.00759228 0.00174447 0.008594 -0.00403305 -0.00478225 -0.000987818 -0.0292811 -0.0235667 -0.00662121 -0.00979642 0.00791131 0.00275765 0.012632 0.0130025 -0.0124005 -0.00181485 -0.027285 -0.028975 -0.00504966 -0.00447626 -0.0018072 -0.00412308 0.000886422 -0.00631578 -0.0189928 0.00248118 -0.00303597 -0.00359914 0.0136631 -0.011589 -0.0101854 -0.00535268 -0.00276101 0.0191488
internal_weight=119715 71120 48595 14975 33620 43551 27569 35199 32875 14160 23452 21541 8352 13658 20826 20413 9423 14178 10139 7497 6743 8482 11895 7363 7594 9863 7435 4838 1687 13465 2608 9049 7986 7520 9987 575 6064 1063 466 10857 542 8452 4585 3138 5355 4508 4557 3355 11931 7019 1764 830 3838 6596 2265 5154 544 2032 5990 1874 2008 855 3590 1896 1694 2116 5561 814 3124 10614 3593 815 1152 4039 6397 4782 2615 681 2766 181 519 3020 6246 984 4253 9673 9169 8693 4480 964 1512 518 4217 888 554 8341 6693 1648 2084 446 4191 86 729 349 380 2646 724 123 718 639 2669 2533 1259 1447 440 1007 96 2043 5191 5783 2970 8340 4006 141 5065 2288
internal_count=119715 71120 48595 14975 33620 43551 27569 35199 32875 14160 23452 21541 8352 13658 20826 20413 9423 14178 10139 7497 6743 8482 11895 7363 7594 9863 7435 4838 1687 13465 2608 9049 7986 7520 9987 575 6064 1063 466 10857 542 8452 4585 3138 5355 4508 4557 3355 11931 7019 1764 830 3838 6596 2265 5154 544 2032 5990 1874 2008 855 3590 1896 1694 2116 5561 814 3124 10614 3593 815 1152 4039 6397 4782 2615 681 2766 181 519 3020 6246 984 4253 9673 9169 8693 4480 964 1512 518 4217 888 554 8341 6693 1648 2084 446 4191 86 729 349 380 2646 724 123 718 639 2669 2533 1259 1447 440 1007 96 2043 5191 5783 2970 8340 4006 141 5065 2288
is_linear=0
shrinkage=0.04


Tree=17
num_leaves=127
num_cat=0
split_feature=9 9 9 17 17 7 7 0 7 9 9 0 1 1 7 13 2 0 0 0 1 2 1 1 17 17 1 2 0 2 0 2 2 1 1 1 1 1 1 1 1 0 1 4 18 0 9 13 1 0 0 1 0 1 1 1 0 0 2 1 1 0 1 1 1 1 1 1 0 1 1 2 2 1 2 2 2 1 1 1 0 2 2 2 1 14 0 7 1 0 2 0 0 2 10 2 2 2 2 1 2 2 0 0 1 13 2 2 2 1 0 1 9 2 0 2 7 2 1 0 2 1 1 1 1 0
split_gain=5032.11 850.432 699.731 283.596 262.951 237.328 212.255 155.182 150.744 122.908 104.78 92.583 91.8188 104.635 88.941 85.332 78.8452 75.272 72.5535 91.7195 73.4178 65.7348 62.4071 60.3773 56.4533 55.9368 55.197 54.7342 74.2395 50.2886 46.1872 43.7346 44.2596 42.0923 41.7533 41.7475 41.5222 39.9428 106.074 45.0758 39.7313 38.9467 53.264 38.5701 36.3772 35.4701 34.7027 34.1848 34.1241 41.9771 56.2905 33.0026 45.8077 31.3156 31.2583 47.2353 30.3422 27.7931 27.1527 27.0594 46.8631 26.4608 26.166 26.0411 27.4454 27.9684 26.0019 36.1322 25.8144 23.5039 58.9223 23.3169 23.0498 22.7417 22.1083 20.9805 20.8061 20.4582 22.376 46.5251 20.3443 20.2027 20.0133 30.5136 19.922 19.8355 28.7948 19.8009 19.7877 19.6783 19.3481 19.2198 19.0664 18.9453 18.8336 18.5202 18.4259 18.0885 17.7616 23.9343 23.0156 20.299 17.0592 53.3018 16.8299 17.4364 16.4505 16.3104 16.107 15.9413 15.4745 15.3381 15.2932 15.0674 14.9424 14.899 14.8138 14.7051 14.6324 14.6045 14.4206 15.7064 14.4517 14.3106 19.3871 14.0588
threshold=9.5000000000000018 6.5000000000000009 13.500000000000002 1.0000000180025095e-35 1.0000000180025095e-35 3.5000000000000004 1.5000000000000002 15.500000000000002 1.5000000000000002 16.500000000000004 11.500000000000002 25.500000000000004 118.50000000000001 77.500000000000014 1.0000000180025095e-35 0.95625000000000016 1351.5000000000002 7.5000000000000009 6.5000000000000009 14.500000000000002 74.500000000000014 1665.5000000000002 208.50000000000003 19.500000000000004 1.0000000180025095e-35 1.0000000180025095e-35 29.500000000000004 888.50000000000011 24.500000000000004 415.50000000000006 27.500000000000004 305.50000000000006 58.500000000000007 27.500000000000004 225.50000000000003 247.50000000000003 16.500000000000004 118.50000000000001 166.50000000000003 225.50000000000003 77.500000000000014 10.500000000000002 69.500000000000014 14.500000000000002 1.0000000180025095e-35 6.5000000000000009 11.500000000000002 0.9577500000000001 217.50000000000003 27.500000000000004 26.500000000000004 242.50000000000003 6.5000000000000009 65.500000000000014 210.50000000000003 176.50000000000003 27.500000000000004 3.5000000000000004 556.50000000000011 47.500000000000007 75.500000000000014 13.500000000000002 30.500000000000004 48.500000000000007 62.500000000000007 266.50000000000006 48.500000000000007 16.500000000000004 27.500000000000004 75.500000000000014 107.50000000000001 902.50000000000011 1128.5000000000002 212.50000000000003 656.50000000000011 1900.5000000000002 1115.5000000000002 267.50000000000006 83.500000000000014 164.50000000000003 27.500000000000004 751.50000000000011 183.50000000000003 279.50000000000006 252.50000000000003 0.79955000000000009 25.500000000000004 3.5000000000000004 218.50000000000003 27.500000000000004 998.50000000000011 27.500000000000004 28.500000000000004 1849.5000000000002 60167.000000000007 382.50000000000006 1419.5000000000002 102.50000000000001 556.50000000000011 216.50000000000003 706.50000000000011 809.50000000000011 26.500000000000004 28.500000000000004 151.50000000000003 0.94535000000000013 1654.5000000000002 1463.5000000000002 971.50000000000011 167.50000000000003 7.5000000000000009 239.50000000000003 18.500000000000004 1530.5000000000002 24.500000000000004 1530.5000000000002 3.5000000000000004 1724.5000000000002 266.50000000000006 16.500000000000004 1894.5000000000002 47.500000000000007 66.500000000000014 82.500000000000014 192.50000000000003 26.500000000000004
decision_type=2 2 2 2 2 2 2 2 2 2 2 2 2 2 2 2 2 2 2 2 2 2 2 2 2 2 2 2 2 2 2 2 2 2 2 2 2 2 2 2 2 2 2 2 2 2 2 2 2 2 2 2 2 2 2 2 2 2 2 2 2 2 2 2 2 2 2 2 2 2 2 2 2 2 2 2 2 2 2 2 2 2 2 2 2 2 2 2 2 2 2 2 2 2 2 2 2 2 2 2 2 2 2 2 2 2 2 2 2 2 2 2 2 2 2 2 2 2 2 2 2 2 2 2 2 2
left_child=1 5 4 9 8 14 25 15 16 26 27 12 13 23 96 41 17 -2 -8 20 97 54 61 -9 44 63 108 69 59 30 82 32 -28 -21 89 47 -12 40 117 -40 120 42 66 48 58 -38 118 72 49 50 71 52 -44 94 55 91 -34 -17 -16 93 87 74 -46 -3 -65 68 67 -7 -66 -10 -71 -33 -14 -43 -22 -73 -30 78 -59 -80 -41 -75 -19 -84 -24 112 -87 -61 -50 109 -76 -13 -70 -29 -25 -56 114 -20 -47 101 -101 -100 -103 -104 110 -106 -6 -62 -4 -23 -64 -82 -11 -51 -1 -78 -52 -39 -18 -90 122 -122 -35 -31 -125 -120
right_child=2 6 3 -5 106 7 18 11 10 85 36 21 35 -15 24 57 46 29 19 33 22 34 84 53 -26 -27 31 28 76 123 -32 43 56 37 -36 -37 45 38 39 80 -42 73 51 -45 62 98 -48 -49 88 113 116 -53 -54 -55 95 -57 -58 77 -60 60 107 -63 104 64 65 -67 -68 -69 92 70 -72 75 -74 81 90 -77 115 -79 79 -81 111 -83 83 -85 -86 86 -88 -89 119 -91 -92 -93 -94 -95 -96 -97 -98 -99 99 100 -102 102 103 -105 105 -107 -108 -109 -110 -111 -112 -113 -114 -115 -116 -117 -118 -119 125 -121 121 -123 -124 124 -126 -127
leaf_value=-0.0053398657769366644 -0.019292643327570021 -9.1513594711365511e-05 -0.030517811477700003 0.0057957770299281158 0.014895449246799853 0.025365560886266608 -0.01734355175388376 -0.0066290685882448765 -5.4585975911389074e-06 -0.023285958344261934 -0.019488763439437087 0.017227963480389116 -0.0059955197004557641 0.017053083071804628 0.030712576985647326 0.043237090801042259 0.0022932469462755181 -0.0056499546767034567 0.0010136027352732769 -0.012777325002370195 0.0011211246937960389 0.0023519370306435694 0.010557781447320294 0.0099570351882935677 0.055699711045589233 0.031821886353716411 -0.034771704863272732 -0.013177675163735081 -0.0050279016309025416 -0.00076112006017947751 0.018017218972364902 -0.020798472881552135 -0.0089121626664474297 0.0012821459657756955 -0.0022210561063034781 0.011321093746486382 -0.024414462064793443 -0.012293738675786021 0.0034509569138582038 -0.0066160107730516074 0.011541440202684652 0.016405842918421946 -0.021468615258189275 -0.025706544994532999 0.0049171637883617062 -0.0071412637491841584 -0.0032169420955245223 0.0043139426769419611 0.0021176361648932748 -0.010494703981043671 -0.029421829020873203 0.016544193926022067 0.0043399359857700546 -0.0015298230372365375 0.053337806891569327 0.0045815665619771363 0.0098076967863249109 0.020378269569087292 0.019455006455392387 -0.032714026882130903 -0.010352171709575794 0.042558499693305565 0.0022448823144035259 0.014445404986014477 0.0048970315045958343 0.01530288009500653 0.016270542581128349 -0.0010640161044872373 0.033565788689944531 -0.021776967665481629 -0.0035240423108501779 -0.014335631456094532 0.000585095315345161 0.024591779223427035 -0.014514731751622253 -0.026933664136842665 -0.020527257222101494 0.027306681442340854 0.006967579192495168 0.016662843404107015 0.035788382989951809 0.0082827870242374365 0.014121569830868716 -0.0019734107836974859 -0.0019576380044070006 -0.021738015404430135 0.01537485949124648 0.0011713639859568489 -0.0073833470213102922 0.035026743211984089 -0.0034656795347816935 0.0060062912775111412 0.0097340095820589619 -0.0042013227259691125 0.0017553285126068185 0.017168314524440224 0.01075141688034407 0.0094718122255375865 -0.019588065985907392 0.0015418308066149206 -0.0099050832693323397 -0.011175566221727683 -0.032746605774562905 -0.0061684368017085505 0.012301916469690293 0.017846030295895939 0.036008054151696181 -0.0049389501712578136 -0.020159410280569442 0.010188462807698369 0.020811049185443929 0.0025321936069857397 -0.029420799357271744 0.0076588997175411101 0.010554014771230271 -0.011110972875687993 -0.048684255500842204 -2.1189596002449501e-05 0.011079573845149801 -0.014785159539177953 -0.0079817548571672371 0.0018349481986136584 -0.01008820232293519 -0.013686829666057609 -0.0053693157033620122 -0.010004680641333551
leaf_weight=354 626 759 520 815 680 108 413 590 2046 1164 1087 1325 1170 1661 455 60 1784 1236 490 625 1764 579 997 2741 62 147 93 1435 228 294 196 2121 884 3286 790 700 314 2022 2198 1606 474 1639 114 696 337 1771 1745 3082 154 656 264 339 3058 571 23 1160 164 1077 1419 28 1883 21 76 846 4226 534 1254 352 86 321 2393 2766 3126 133 285 230 1041 238 1119 2725 25 1442 248 783 255 148 43 1514 596 44 2320 301 145 512 537 1658 372 2350 687 334 1752 3558 237 247 1915 1742 65 1698 455 1483 1491 195 1512 82 129 366 86 170 598 1526 739 402 189 1095 763 55
leaf_count=354 626 759 520 815 680 108 413 590 2046 1164 1087 1325 1170 1661 455 60 1784 1236 490 625 1764 579 997 2741 62 147 93 1435 228 294 196 2121 884 3286 790 700 314 2022 2198 1606 474 1639 114 696 337 1771 1745 3082 154 656 264 339 3058 571 23 1160 164 1077 1419 28 1883 21 76 846 4226 534 1254 352 86 321 2393 2766 3126 133 285 230 1041 238 1119 2725 25 1442 248 783 255 148 43 1514 596 44 2320 301 145 512 537 1658 372 2350 687 334 1752 3558 237 247 1915 1742 65 1698 455 1483 1491 195 1512 82 129 366 86 170 598 1526 739 402 189 1095 763 55
internal_value=-3.1197e-05 0.00674769 -0.00995234 -0.0171444 -0.00674868 0.0102278 0.00124992 0.00878917 -0.00728132 -0.0184651 -0.00899832 0.00667387 0.0047835 0.00848796 0.0162903 0.012125 -0.00300754 -0.00627603 -0.000747023 -0.00041096 0.00276879 0.0103133 0.000127729 0.00528182 0.0176844 0.00741807 -0.0165861 -0.00669495 -0.00858106 -0.00450915 -0.00060434 -0.0157251 -0.00833147 -0.00267185 0.00561664 0.00198557 -0.0121034 -0.00211275 -0.00426423 -0.000406577 0.000513918 0.00963721 0.00750393 -0.0166439 0.0173661 -0.0112007 0.00108771 0.00109916 -0.0158994 -0.0174375 -0.018647 0.00468016 0.00341048 0.00710876 0.013357 0.0107535 -0.00597825 0.0161467 0.0221919 -0.00680351 -0.00527624 -0.0021182 0.0157387 0.00687313 0.00777943 0.00664844 0.0132853 0.00513666 0.00561032 -0.00324471 -0.00568511 -0.0175832 -0.00120628 0.0131037 -0.00233483 -0.015305 -0.0162642 0.01583 0.0152736 0.0138418 -0.00505211 0.009664 -0.00221681 0.00189524 0.00800557 -0.0258642 -0.0133582 0.00055139 -0.0117036 0.00855857 -0.00467655 0.0151536 0.0186344 -0.0108196 0.00861475 0.0176687 0.00406067 0.00801397 -0.0107167 -0.0116451 -0.00807036 -0.0132209 -0.0121373 -0.0191953 0.016436 0.0149443 0.0167474 -0.00778672 -0.0256906 0.00799016 0.0199133 0.00634402 -0.0267547 -0.00847145 -0.00108533 -0.0180816 -0.0341789 -0.0113438 0.00417169 -0.0127086 -0.000617816 -0.00451975 0.000662306 -0.00897617 -0.0102738 0.00929633
internal_weight=119715 71120 48595 14975 33620 43551 27569 35199 32875 14160 23452 21541 14178 6100 8352 13658 9423 5241 20826 20413 8482 7363 5642 4439 7497 6743 11293 13465 8705 4615 2463 10318 1141 11931 2896 8078 9987 11306 6216 4024 5090 8439 5225 9177 7435 8900 4182 7378 8481 6205 5467 3511 3172 3849 4467 2786 1048 5219 1874 7070 5123 4390 5561 6596 5837 4991 1714 460 4457 4760 2714 5117 4296 3214 4369 2996 1635 5159 4921 3844 1826 1575 2267 1031 1252 2867 191 1542 2276 2106 2605 1626 231 1947 3278 1681 855 2840 8586 6815 2086 4729 4042 484 5224 3657 745 3581 975 2062 1567 220 2676 738 483 1407 350 2192 2437 2122 4616 1141 3475 2152 1858 653
internal_count=119715 71120 48595 14975 33620 43551 27569 35199 32875 14160 23452 21541 14178 6100 8352 13658 9423 5241 20826 20413 8482 7363 5642 4439 7497 6743 11293 13465 8705 4615 2463 10318 1141 11931 2896 8078 9987 11306 6216 4024 5090 8439 5225 9177 7435 8900 4182 7378 8481 6205 5467 3511 3172 3849 4467 2786 1048 5219 1874 7070 5123 4390 5561 6596 5837 4991 1714 460 4457 4760 2714 5117 4296 3214 4369 2996 1635 5159 4921 3844 1826 1575 2267 1031 1252 2867 191 1542 2276 2106 2605 1626 231 1947 3278 1681 855 2840 8586 6815 2086 4729 4042 484 5224 3657 745 3581 975 2062 1567 220 2676 738 483 1407 350 2192 2437 2122 4616 1141 3475 2152 1858 653
is_linear=0
shrinkage=0.04


Tree=18
num_leaves=127
num_cat=0
split_feature=9 9 9 7 17 7 9 0 17 9 9 9 0 0 17 0 2 0 0 0 0 17 0 2 2 7 9 0 2 0 2 2 2 2 2 2 0 2 0 2 2 0 2 2 0 0 2 2 0 2 9 2 2 2 2 0 0 9 2 2 2 2 2 2 0 7 2 0 2 2 2 2 0 0 2 2 2 2 18 2 0 2 7 7 0 7 0 0 2 2 0 2 13 0 2 2 7 2 0 2 11 7 11 18 7 0 0 2 2 13 0 0 2 2 2 2 0 0 2 9 2 2 2 13 11 2
split_gain=4643.12 856.855 503.914 268.522 261.371 188.72 164.006 153.35 150.414 113.291 111.419 109.054 90.7388 75.3494 63.9602 59.0861 57.1635 49.3436 49.0522 47.3399 45.6237 44.1588 43.0071 46.5421 36.2612 35.8773 35.5135 35.3624 34.7464 32.302 31.4708 30.6609 29.821 30.596 29.624 29.0815 28.5831 28.494 28.3967 57.1 38.9383 38.7546 45.9698 31.5906 27.392 25.5225 24.3098 35.3393 36.8446 24.0224 23.4814 22.8353 22.7829 22.5648 22.0253 21.698 24.7572 21.2435 20.8445 20.7211 64.4975 54.219 35.2798 32.0031 20.6901 20.4235 20.3882 20.3194 19.9884 19.7273 23.9824 19.5494 19.5007 19.1675 18.6791 18.5319 44.9372 43.7365 18.4171 18.2215 18.0033 17.2352 16.9281 16.7567 16.0699 16.4419 16.0227 15.783 15.7639 22.5255 15.6201 15.3541 15.1305 14.9569 28.7582 14.574 14.4547 14.2397 14.1733 14.0815 13.6831 13.4485 13.4119 12.9022 12.7187 12.7063 16.8483 12.6357 12.4429 12.4239 12.0483 11.8464 11.723 11.7047 11.6122 12.3384 12.2198 11.4451 18.9189 16.2664 11.5434 11.4377 19.9949 11.4368 10.6096 10.5178
threshold=8.5000000000000018 13.500000000000002 4.5000000000000009 1.5000000000000002 1.0000000180025095e-35 1.5000000000000002 11.500000000000002 15.500000000000002 1.0000000180025095e-35 17.500000000000004 10.500000000000002 7.5000000000000009 25.500000000000004 16.500000000000004 1.0000000180025095e-35 6.5000000000000009 439.50000000000006 10.500000000000002 24.500000000000004 7.5000000000000009 10.500000000000002 1.0000000180025095e-35 7.5000000000000009 1463.5000000000002 1781.5000000000002 3.5000000000000004 7.5000000000000009 17.500000000000004 1338.5000000000002 6.5000000000000009 1287.5000000000002 293.50000000000006 473.50000000000006 1654.5000000000002 1320.5000000000002 274.50000000000006 6.5000000000000009 556.50000000000011 14.500000000000002 970.50000000000011 1530.5000000000002 6.5000000000000009 1302.5000000000002 1429.5000000000002 14.500000000000002 8.5000000000000018 1351.5000000000002 415.50000000000006 27.500000000000004 817.50000000000011 11.500000000000002 101.50000000000001 38.500000000000007 263.50000000000006 1366.5000000000002 27.500000000000004 26.500000000000004 14.500000000000002 235.50000000000003 1141.5000000000002 1507.5000000000002 1074.5000000000002 1801.5000000000002 1176.5000000000002 19.500000000000004 3.5000000000000004 1338.5000000000002 25.500000000000004 1109.5000000000002 1621.5000000000002 856.50000000000011 1922.5000000000002 27.500000000000004 7.5000000000000009 1530.5000000000002 1338.5000000000002 1287.5000000000002 1366.5000000000002 1.0000000180025095e-35 1567.5000000000002 27.500000000000004 1449.5000000000002 3.5000000000000004 1.0000000180025095e-35 8.5000000000000018 1.0000000180025095e-35 11.500000000000002 25.500000000000004 491.50000000000006 335.50000000000006 19.500000000000004 626.50000000000011 0.96765000000000012 26.500000000000004 947.50000000000011 656.50000000000011 1.0000000180025095e-35 817.50000000000011 24.500000000000004 335.50000000000006 4634.3100000000004 3.5000000000000004 8330.9300000000021 1.0000000180025095e-35 1.5000000000000002 27.500000000000004 23.500000000000004 1542.5000000000002 1470.5000000000002 0.92645000000000011 25.500000000000004 27.500000000000004 1610.5000000000002 635.50000000000011 1567.5000000000002 1489.5000000000002 15.500000000000002 14.500000000000002 293.50000000000006 6.5000000000000009 850.50000000000011 183.50000000000003 279.50000000000006 0.96765000000000012 21791.115000000002 706.50000000000011
decision_type=2 2 2 2 2 2 2 2 2 2 2 2 2 2 2 2 2 2 2 2 2 2 2 2 2 2 2 2 2 2 2 2 2 2 2 2 2 2 2 2 2 2 2 2 2 2 2 2 2 2 2 2 2 2 2 2 2 2 2 2 2 2 2 2 2 2 2 2 2 2 2 2 2 2 2 2 2 2 2 2 2 2 2 2 2 2 2 2 2 2 2 2 2 2 2 2 2 2 2 2 2 2 2 2 2 2 2 2 2 2 2 2 2 2 2 2 2 2 2 2 2 2 2 2 2 2
left_child=2 3 7 8 9 21 16 14 10 19 114 13 18 15 20 -7 52 75 27 78 28 26 23 -12 38 51 84 65 30 -13 96 -14 -22 69 64 111 -8 -38 41 67 43 -18 -43 -41 66 108 47 48 121 125 -48 -21 -5 58 -30 56 -33 93 -53 61 63 87 -62 -61 -29 104 95 -40 -20 70 97 88 -11 102 -55 76 -17 -77 -3 -57 -69 -68 -58 -28 -4 109 -51 98 89 -67 -65 -10 -84 110 -95 -31 -1 -34 99 -15 -6 -98 -54 -49 112 106 -76 -74 -44 -86 -37 -27 -9 -112 115 124 -116 120 -119 -120 -87 -24 -123 -103 -2 -19
right_child=1 4 5 6 100 11 36 12 91 72 22 29 31 59 -16 17 24 49 68 25 32 -23 46 -25 -26 35 83 34 54 44 -32 55 33 -35 -36 57 37 -39 39 40 -42 42 45 -45 -46 -47 50 103 -50 86 -52 53 73 74 -56 79 82 -59 -60 60 62 -63 -64 90 -66 71 81 80 -70 -71 -72 -73 107 -75 105 77 -78 -79 -80 -81 -82 -83 92 -85 85 117 -88 -89 -90 -91 -92 -93 -94 94 -96 -97 101 -99 -100 -101 -102 123 -104 -105 -106 -107 -108 -109 -110 -111 113 -113 -114 -115 116 -117 -118 118 119 -121 -122 122 -124 -125 -126 -127
leaf_value=-0.0083608554638985241 0.002229082900669462 -0.015208638996327069 0.0022784137387176977 -0.0058403704946863788 -0.0070103759164026891 -0.017728752132423822 -0.02343819412673518 -0.00057801499141381797 0.013932270259852188 -0.027025189896298599 -0.018784579233711591 -0.016062141230499056 0.034484493134637265 -0.0079534187832897268 0.042457303489075164 0.0066658333996397999 -0.018376175208909544 0.028632465562463121 -0.0052890604857846893 -0.033793275085584898 0.025368956399645565 0.032303019073671488 -0.0062523813535055577 -0.0028167752966636712 -0.0015548410207390573 -0.010123867715678884 -0.011843264444045603 0.062864899819727094 0.021590692599723314 0.0020275200488050265 0.00063190562820379908 0.017447257820767115 0.01712871812208994 0.029241894412770652 0.0080683843159174949 -0.014371576095673194 -0.0066102412527884518 -0.012197709302850954 -0.0077027617580658174 -0.011768963163635515 -0.0082201809801480917 -0.0068971712397345834 -0.0072184707799686368 -0.022254340732249314 -0.0028538142652813877 0.0080363077640259913 0.0063893337588148951 -0.00084802130308975145 0.015753660172610769 0.022141003624019585 -0.0028383010098940497 -0.007799336836220994 -0.0072067996974048967 -0.014371547971888285 0.012781092472918318 0.015599484035422492 0.013712648323613469 -0.019715322775409459 0.016424496575892324 0.0042991799613416107 -0.0015513605796758465 -0.0072964028339365409 0.0048515527913835224 -0.0018339399308462303 0.01932376187507294 -0.0011748985620720497 0.010512845355564819 0.018091778262290113 0.0035602485077787394 0.008281474913571462 0.019178787993271069 0.014590848804059354 -0.020813149891725488 0.0011397332095626049 -0.0065554970273388755 0.018948314610129163 -0.0031696861860180687 0.0056962782297183849 -0.02396741056622009 0.037151048562169622 -0.00090519045175280622 0.00086023413210782303 0.0060444196624620155 0.0065979653517650458 -0.0097124201488754912 0.01222892264578598 0.0079474769254478574 0.0078682065552979838 0.0045369567060694399 0.013623294390921178 0.016845192792109213 0.027616139728963415 0.011773716872435424 -0.01422747591297837 -0.043132737230035564 -0.0055717143299736207 0.022170829960268649 0.011002831603536586 -0.0069308026573346049 0.0049587567521304837 0.0076992123495889459 0.0088352147103116837 -0.037730571955346598 -0.010612545388847306 0.021828481839959047 0.0073529169134042447 -0.020648161977944703 0.0014810670865928288 0.00089726987764570407 0.0092014207043225743 -0.015692633398184289 0.018937052730874065 0.016815854154871235 0.011097054887383233 0.010976358222851026 -0.0048037382072526405 0.0035318326462514403 0.030359944837895926 0.013885603934991986 0.0069967304847731509 0.019257614545264628 0.011693131653062213 -0.0032290883578529775 0.014921171439279367 0.014392056215514154 0.015702858401924397
leaf_weight=59 2654 520 263 1256 118 151 314 116 568 2084 657 230 101 160 135 2425 327 116 513 73 619 140 920 527 2122 704 81 18 730 1171 556 820 1043 271 591 2007 1796 7905 825 1518 3726 3468 488 662 4384 561 668 253 181 140 1299 171 91 2001 1215 1397 1298 3424 85 819 3221 1210 2404 78 601 212 656 86 1997 554 2347 420 120 3065 776 485 1071 2244 1512 66 1092 541 1908 2665 87 731 1438 775 4127 728 825 172 1208 162 84 616 180 1472 302 861 697 1549 31 1540 226 82 165 61 792 153 46 23 132 60 529 394 1067 81 1173 1037 778 188 608 731 120 818
leaf_count=59 2654 520 263 1256 118 151 314 116 568 2084 657 230 101 160 135 2425 327 116 513 73 619 140 920 527 2122 704 81 18 730 1171 556 820 1043 271 591 2007 1796 7905 825 1518 3726 3468 488 662 4384 561 668 253 181 140 1299 171 91 2001 1215 1397 1298 3424 85 819 3221 1210 2404 78 601 212 656 86 1997 554 2347 420 120 3065 776 485 1071 2244 1512 66 1092 541 1908 2665 87 731 1438 775 4127 728 825 172 1208 162 84 616 180 1472 302 861 697 1549 31 1540 226 82 165 61 792 153 46 23 132 60 529 394 1067 81 1173 1037 778 188 608 731 120 818
internal_value=-2.99359e-05 -0.00823166 0.00753621 -0.00533062 -0.0164588 0.00428981 -0.00736668 0.0115249 -0.000361759 -0.0177267 -0.00147708 0.00276324 0.00905285 0.00434425 0.0150789 0.00706386 -0.00528348 0.007493 0.00656461 -0.0161643 0.0147518 0.0100525 -0.004748 -0.0116815 -0.00641922 -0.0150172 0.00960954 0.00824926 0.0119032 -0.00130278 0.00925295 0.0125956 0.0170186 0.0161086 0.0144869 -0.0167502 -0.0115492 -0.0111638 -0.00718098 -0.00872775 -0.0107073 -0.00500956 -0.00418518 -0.0149558 -0.000841297 0.000921495 -0.00329595 -0.00521042 -0.00140212 0.0122264 0.000293568 -0.011651 -0.00127763 -0.011156 0.0160905 0.0122644 0.0110579 -0.0176989 0.000231387 0.00207524 0.00325894 -0.000552548 0.00118443 0.0100326 0.0206063 0.00698222 0.00211409 -0.00288873 0.00174987 0.0154501 0.016266 0.00629258 -0.0259293 0.000519418 -0.0121213 0.0055821 0.00365157 0.00805351 -0.0217288 0.0165769 0.000479708 0.006154 0.00986964 0.00605213 0.0118786 0.0125025 0.00921058 0.00333516 0.00560368 0.0102818 0.0152273 0.0171216 0.00826712 -0.0147698 -0.0241273 -0.000589953 0.0111541 0.0135455 0.000676327 0.0029308 0.00556397 0.0116241 -0.0150201 -0.00923708 0.014954 -0.00771485 -0.00903276 -0.0132809 -0.00219405 0.0023273 -0.0136774 -0.00919649 0.00866694 -0.000494792 0.00321907 0.00181545 0.00600239 0.013144 0.0113551 0.0106554 0.0158564 -0.00321482 0.000291257 0.0107888 0.00275718 0.0173159
internal_weight=119715 57445 62270 42470 14975 34330 30125 27940 12345 14160 11605 27141 16479 19543 11461 8888 20110 8737 9681 11895 11326 7189 6841 1184 15667 9863 7049 7171 5020 7598 3075 6798 6306 5687 1210 6510 10015 9701 13545 7909 5906 5636 5309 2180 7368 1841 5657 3690 1897 2512 1967 3353 4443 3280 1945 6697 5234 5783 256 10655 7347 3308 5625 1722 619 5961 2984 2003 2510 5416 4862 5487 2265 3187 3024 6225 3496 2729 2032 1463 1178 1197 4414 2746 4303 4040 1578 2098 5067 940 903 740 3116 2359 246 1787 2519 2515 1323 1021 815 2460 122 1793 474 1023 941 181 1280 240 2113 727 248 106 4764 3168 1596 3800 2291 2210 1509 1716 796 2280 2774 934
internal_count=119715 57445 62270 42470 14975 34330 30125 27940 12345 14160 11605 27141 16479 19543 11461 8888 20110 8737 9681 11895 11326 7189 6841 1184 15667 9863 7049 7171 5020 7598 3075 6798 6306 5687 1210 6510 10015 9701 13545 7909 5906 5636 5309 2180 7368 1841 5657 3690 1897 2512 1967 3353 4443 3280 1945 6697 5234 5783 256 10655 7347 3308 5625 1722 619 5961 2984 2003 2510 5416 4862 5487 2265 3187 3024 6225 3496 2729 2032 1463 1178 1197 4414 2746 4303 4040 1578 2098 5067 940 903 740 3116 2359 246 1787 2519 2515 1323 1021 815 2460 122 1793 474 1023 941 181 1280 240 2113 727 248 106 4764 3168 1596 3800 2291 2210 1509 1716 796 2280 2774 934
is_linear=0
shrinkage=0.04


Tree=19
num_leaves=127
num_cat=0
split_feature=9 9 9 7 7 7 6 0 6 9 9 9 7 6 13 2 0 0 1 2 1 1 1 1 2 4 2 2 2 1 1 0 1 1 0 1 1 0 1 1 1 1 10 1 1 1 1 1 0 1 2 0 1 1 6 2 1 0 0 1 2 9 13 6 2 0 0 1 0 0 1 0 1 1 2 1 2 1 1 1 1 2 1 1 0 1 1 1 1 1 7 2 1 1 14 0 2 1 2 2 2 2 10 2 0 0 1 0 1 1 1 2 0 4 10 1 0 2 2 1 9 2 0 1 0 2
split_gain=4282.15 722.56 592.821 201.853 200.808 181.104 157.153 132.066 104.968 103.389 87.0881 79.3201 76.4497 75.4711 73.0187 67.161 61.5107 78.5298 64.3643 55.5853 54.0693 48.8514 67.4895 45.8657 45.8355 48.1713 45.3611 55.8715 43.7609 38.7333 38.1772 41.9419 38.1173 68.9298 38.0933 37.8473 36.2853 57.3509 35.8265 94.3438 39.578 35.4197 35.0453 34.4437 34.4222 33.7942 71.7386 41.8138 32.3029 31.4529 31.1837 30.6427 29.2211 32.6713 29.1644 28.8266 28.4119 28.2393 27.9537 38.6069 27.8208 27.4879 26.7788 24.791 24.3554 23.5895 23.496 23.2913 23.0791 22.9633 20.9337 23.1936 20.8151 20.3659 20.855 20.127 19.9484 19.8834 19.5593 19.3561 18.6496 18.481 18.1671 18.148 18.1351 17.7328 17.5816 20.164 40.5275 17.4343 17.3381 17.1138 17.0808 16.9375 16.8829 24.0295 16.565 22.6481 20.9176 18.7085 16.4971 16.3478 16.1219 15.9103 15.7256 49.1245 15.3589 15.2842 15.2567 15.2178 14.6834 20.6262 14.5649 14.1966 13.9661 13.9379 13.9274 13.8212 13.6513 13.5241 13.5031 13.4447 13.3859 13.2033 13.0819 13.0788
threshold=9.5000000000000018 6.5000000000000009 13.500000000000002 3.5000000000000004 1.5000000000000002 1.5000000000000002 1.0000000180025095e-35 15.500000000000002 1.0000000180025095e-35 16.500000000000004 11.500000000000002 3.5000000000000004 1.0000000180025095e-35 1.5000000000000002 0.95625000000000016 1351.5000000000002 6.5000000000000009 14.500000000000002 74.500000000000014 415.50000000000006 208.50000000000003 75.500000000000014 47.500000000000007 15.500000000000002 305.50000000000006 14.500000000000002 183.50000000000003 274.50000000000006 58.500000000000007 16.500000000000004 217.50000000000003 27.500000000000004 143.50000000000003 150.50000000000003 25.500000000000004 27.500000000000004 160.50000000000003 24.500000000000004 118.50000000000001 153.50000000000003 225.50000000000003 77.500000000000014 65998.500000000015 77.500000000000014 236.50000000000003 69.500000000000014 206.50000000000003 165.50000000000003 26.500000000000004 77.500000000000014 473.50000000000006 6.5000000000000009 42.500000000000007 16.500000000000004 1.5000000000000002 626.50000000000011 143.50000000000003 6.5000000000000009 25.500000000000004 225.50000000000003 1220.5000000000002 11.500000000000002 0.90225000000000011 1.0000000180025095e-35 817.50000000000011 27.500000000000004 3.5000000000000004 19.500000000000004 13.500000000000002 7.5000000000000009 48.500000000000007 27.500000000000004 248.50000000000003 29.500000000000004 902.50000000000011 42.500000000000007 1681.5000000000002 210.50000000000003 71.500000000000014 75.500000000000014 192.50000000000003 1900.5000000000002 120.50000000000001 266.50000000000006 27.500000000000004 151.50000000000003 267.50000000000006 83.500000000000014 164.50000000000003 252.50000000000003 3.5000000000000004 1849.5000000000002 218.50000000000003 94.500000000000014 0.79955000000000009 25.500000000000004 556.50000000000011 216.50000000000003 706.50000000000011 809.50000000000011 706.50000000000011 102.50000000000001 47459.000000000007 635.50000000000011 26.500000000000004 28.500000000000004 150.50000000000003 8.5000000000000018 87.500000000000014 227.50000000000003 197.50000000000003 866.50000000000011 8.5000000000000018 19.500000000000004 97504.000000000015 239.50000000000003 29.500000000000004 382.50000000000006 1895.5000000000002 62.500000000000007 18.500000000000004 1654.5000000000002 6.5000000000000009 142.50000000000003 16.500000000000004 1675.5000000000002
decision_type=2 2 2 2 2 2 2 2 2 2 2 2 2 2 2 2 2 2 2 2 2 2 2 2 2 2 2 2 2 2 2 2 2 2 2 2 2 2 2 2 2 2 2 2 2 2 2 2 2 2 2 2 2 2 2 2 2 2 2 2 2 2 2 2 2 2 2 2 2 2 2 2 2 2 2 2 2 2 2 2 2 2 2 2 2 2 2 2 2 2 2 2 2 2 2 2 2 2 2 2 2 2 2 2 2 2 2 2 2 2 2 2 2 2 2 2 2 2 2 2 2 2 2 2 2 2
left_child=1 3 4 12 8 62 9 14 15 24 21 34 102 -8 45 19 -7 18 101 26 68 22 55 -13 28 30 69 -28 -4 -12 31 48 49 -34 56 -19 37 41 43 123 -41 -23 50 118 58 52 47 -47 73 78 -14 -31 53 -5 121 -6 67 -52 125 -60 100 -17 70 83 -48 -30 -16 -9 79 -2 -3 119 107 -26 -75 -59 77 -36 -25 -20 -21 -76 -50 -64 -42 112 87 -68 -89 -22 -24 -57 -32 -81 120 -96 -53 99 -99 -98 -51 -18 -1 -87 -101 -106 -58 -38 -43 110 -105 -112 -77 -27 -73 -86 -46 -79 -37 -72 -11 -10 -110 -40 -94 -35
right_child=2 5 6 7 10 16 13 11 54 94 29 23 42 -15 66 61 17 35 20 80 89 36 90 32 25 113 27 -29 65 51 92 -33 33 44 76 38 72 -39 39 40 84 108 -44 -45 116 46 64 -49 82 60 57 96 -54 -55 -56 91 106 75 59 -61 -62 -63 63 -65 -66 -67 86 -69 -70 -71 71 114 -74 74 81 85 -78 117 -80 93 -82 -83 -84 -85 115 103 -88 88 -90 -91 -92 -93 124 -95 95 -97 97 98 -100 104 -102 -103 -104 109 105 -107 -108 -109 122 -111 111 -113 -114 -115 -116 -117 -118 -119 -120 -121 -122 -123 -124 -125 -126 -127
leaf_value=0.0077353881144325686 -0.023250260916259365 -0.0026433226116974579 -0.031659273618356847 0.023821817106058157 -0.0006151408199988257 -0.015968963016655104 0.0053247383367348222 -0.0014650701454296203 0.013699166982934979 -0.021351000526130239 -0.018221421320659237 -0.010675318661377609 0.027147691902442636 -0.018847398582166969 0.039815018712581689 0.0038093994674868741 0.0008199864841193429 -0.012052519917178204 0.0014121983016554156 -0.012330362497470793 0.0098116308868248202 -0.018878605979216097 -0.030523116003151888 0.0053017449324088729 -0.02298607356244986 -0.030629652688344923 0.014847971663022741 -0.0025392162039478668 -0.0076869907400232834 -0.022500964883395876 0.0023942861103834452 -0.0075960648004979358 -0.0069516811900576878 -0.0016184328608895768 0.011646400210434235 0.00061138624317656147 -0.011964274134762155 -0.018011122333487915 -0.0034097124601181845 0.0031488884153561304 -0.0062550619022075172 0.0046343886074154596 0.012933295504010765 0.010815189588619319 0.010887842669438326 0.0036383960386700029 0.015995531805612882 -0.013331163773840009 -0.00076027462309580923 0.015472280632637943 0.057276587163850499 -0.0063458463190937311 0.016096751793092987 -0.0013101875467886642 -0.0029520897240416389 -0.012438873946607977 -0.0047720899810584881 0.0088681538307505258 0.0083656454214161621 -0.0022199432164319182 0.014357317766701395 -0.0028191806279185892 0.0080741360658833899 0.025109699200078769 0.0088301732376544709 0.0089852432075476062 0.018942089587505019 0.010878670701364099 0.039724357478426529 -0.0052353383774940065 0.011606385597194265 -0.0033494697884757104 -0.010240639665964847 -0.019173861782096721 -0.013009133654776262 0.00087395549745623142 0.0066965219912919318 0.049840121496291384 -0.0086663022299222157 -0.012498053786915129 -0.004793124541936482 -0.024914966233235424 -0.031972608382265129 0.021497460760087336 0.034049076711039142 0.035660150132840157 0.025252827917112617 0.0063207908889148789 0.015369935793027072 -0.0018956035138438234 0.0010405778529634943 -0.0039711210457762684 -0.0065957822757644917 -0.003012023125745846 -0.019640502999042669 0.015278385904364455 -0.018316820309925867 0.0019679383621560849 -0.0089433545625192488 -0.010240661454847973 0.0027097520745612185 0.0088611790906673732 -0.0037571500367706134 0.011514316574978206 -0.030949591221763134 -0.0054340881610082667 0.0050178643801555038 -0.0015030215415736954 -0.024552304696415683 0.0094312774865419405 0.014909528506348402 0.024105272989581983 0.024369019673287511 -0.019790138826710348 0.024000217557166179 0.0023460171952736741 0.044650804510164017 0.01836265976366009 -0.0047373514043391306 0.0043741093975520479 -0.02717626808249014 0.033559326141725562 -0.0067148524550935361 -0.012116993591268577 -0.013637295003376231 0.0040775135030126104
leaf_weight=554 125 503 110 108 648 413 788 269 636 1145 1087 321 587 280 60 2395 490 625 1536 1759 997 414 28 2760 804 420 456 840 888 314 148 722 1001 1871 1497 3651 253 1187 331 2248 1606 187 2969 474 862 1928 992 264 33 207 28 1796 1531 352 172 1522 296 439 2323 722 1378 1719 1963 169 3264 160 1077 2631 21 1212 475 36 809 2088 2708 45 677 23 170 343 752 227 340 176 25 67 238 1119 2725 255 2996 512 592 2490 146 40 687 334 1755 3558 751 2350 301 523 237 247 1896 1923 69 481 827 747 784 366 168 195 20 882 965 3253 1473 60 2931 1811 1497 984
leaf_count=554 125 503 110 108 648 413 788 269 636 1145 1087 321 587 280 60 2395 490 625 1536 1759 997 414 28 2760 804 420 456 840 888 314 148 722 1001 1871 1497 3651 253 1187 331 2248 1606 187 2969 474 862 1928 992 264 33 207 28 1796 1531 352 172 1522 296 439 2323 722 1378 1719 1963 169 3264 160 1077 2631 21 1212 475 36 809 2088 2708 45 677 23 170 343 752 227 340 176 25 67 238 1119 2725 255 2996 512 592 2490 146 40 687 334 1755 3558 751 2350 301 523 237 247 1896 1923 69 481 827 747 784 366 168 195 20 882 965 3253 1473 60 2931 1811 1497 984
internal_value=-2.87012e-05 0.00622467 -0.00918074 0.00943251 -0.00623195 0.00115704 -0.0158006 0.00810572 -0.00152263 -0.0169362 -0.00826149 0.00615428 0.0150236 -0.00100995 0.0111831 -0.00277003 -0.00068754 -0.00037809 0.00256414 -0.00581689 9.12337e-05 -0.00616153 -0.00334966 0.00425614 -0.0152017 -0.0160791 -0.00175436 0.00357609 -0.00766252 -0.0110873 -0.0152622 -0.0167314 0.00462383 0.00284465 0.00925959 -0.00247012 -0.00822507 -0.0103837 -0.00193995 -0.00397757 -0.000403254 -0.00786788 0.0163161 0.00054767 0.00429123 0.00888172 0.00747355 0.00159228 -0.0177944 0.00725255 0.018533 -0.0102181 0.0134396 0.00458557 0.0117762 -0.00796894 0.00713379 0.0172482 0.00318836 0.00585439 0.0107159 0.00103873 0.00685462 0.0103505 0.0105016 -0.00513718 0.0149034 0.00973229 -0.00199924 -0.00692421 0.00503422 0.00601743 -0.00476109 -0.0170617 -0.0161122 0.0169592 0.0127736 0.0144843 0.00448968 -0.00220161 -0.010075 -0.0139321 -0.0292229 0.00918145 -0.00477844 0.0179803 0.0146121 0.0140962 0.012737 0.00742401 0.000745999 -0.0103096 -0.0107135 -0.00416234 -0.023802 -0.0121054 -0.00976962 -0.0106708 -0.00719688 -0.0122044 0.00547292 0.00747528 0.00368483 0.0163737 -0.0111641 -0.0179403 0.00369388 -0.00272167 -0.00643575 0.0158695 0.0173439 0.0192775 0.0230987 -0.0255905 0.0191549 0.00598064 0.011663 0.0191725 -0.000506008 0.00529696 -0.024631 0.0154216 -0.00712725 -0.0107736 -0.0116441 0.000343396
internal_weight=119715 71120 48595 43551 33620 27569 14975 35199 10126 13907 23494 21541 8352 1068 13658 9258 20826 20413 8482 5144 5642 13479 5706 13370 11103 9945 2633 1296 1158 10015 9159 6922 13049 7783 8171 11931 7773 4788 11306 6216 4074 3601 7497 5090 6782 8439 6448 2192 6200 5266 4528 8928 1991 460 868 2682 5092 3941 5900 3045 2336 4114 6743 2308 4256 1048 5219 2900 4390 1337 4435 3932 2985 5827 5023 3913 3079 2402 2930 4369 2511 2935 373 2139 1826 3474 5159 4921 3844 1252 3024 2034 2237 2833 2804 186 8614 6818 2089 4729 958 2840 855 2645 4042 484 2192 2176 3187 2578 2097 1574 829 786 204 220 882 905 4616 3728 2618 696 3000 2142 2089 2855
internal_count=119715 71120 48595 43551 33620 27569 14975 35199 10126 13907 23494 21541 8352 1068 13658 9258 20826 20413 8482 5144 5642 13479 5706 13370 11103 9945 2633 1296 1158 10015 9159 6922 13049 7783 8171 11931 7773 4788 11306 6216 4074 3601 7497 5090 6782 8439 6448 2192 6200 5266 4528 8928 1991 460 868 2682 5092 3941 5900 3045 2336 4114 6743 2308 4256 1048 5219 2900 4390 1337 4435 3932 2985 5827 5023 3913 3079 2402 2930 4369 2511 2935 373 2139 1826 3474 5159 4921 3844 1252 3024 2034 2237 2833 2804 186 8614 6818 2089 4729 958 2840 855 2645 4042 484 2192 2176 3187 2578 2097 1574 829 786 204 220 882 905 4616 3728 2618 696 3000 2142 2089 2855
is_linear=0
shrinkage=0.04


Tree=20
num_leaves=127
num_cat=0
split_feature=9 9 9 7 7 8 7 0 8 9 9 7 9 2 13 7 0 0 1 1 0 2 0 1 8 1 2 0 0 1 1 1 1 8 1 1 1 1 1 0 0 1 1 1 0 0 0 18 1 0 2 0 8 1 0 1 0 0 1 6 6 1 1 1 13 1 1 1 2 2 1 1 2 1 1 2 0 0 2 1 14 1 1 1 1 2 1 1 2 1 2 9 2 2 0 1 7 2 0 9 2 1 2 2 2 2 1 1 2 9 0 1 2 0 1 2 1 2 9 14 2 1 2 0 13 1
split_gain=3919.88 660.264 526.723 185.785 184.757 183.71 160.357 126.483 126.483 96.5538 84.5884 75.8104 73.1594 72.7087 70.6343 61.1995 55.1655 70.7667 58.3819 51.2401 45.5487 45.4461 59.079 41.8782 41.3047 40.5708 38.1047 42.1391 37.0294 36.46 33.8433 63.1129 34.663 34.0852 32.8844 34.0986 85.5194 38.8252 33.6582 32.845 32.0284 41.7382 31.273 39.0199 33.5035 48.2924 39.9016 30.8846 29.9691 37.4635 29.1384 28.983 28.8383 25.7941 25.4139 25.3452 24.6515 24.4372 32.4883 24.3999 23.3422 23.1183 38.0707 23.0251 22.9368 21.7405 29.757 20.2649 19.9487 19.8205 19.4344 51.3327 19.3702 18.9433 18.8205 18.2164 18.0541 17.7615 17.4626 17.1406 16.641 16.1415 16.0668 18.9624 37.5536 15.9259 21.084 53.0202 19.9737 19.7288 18.536 15.8835 15.694 15.5691 15.1398 15.0356 14.9904 14.7796 14.6635 14.6291 14.3012 14.1676 14.1637 15.7218 14.0214 13.8304 16.0231 13.5085 13.478 13.2531 13.1608 13.1416 12.9518 12.7955 23.4005 12.6211 14.3086 12.6116 12.5157 12.3573 12.2425 27.1779 12.2355 12.0802 12.0794 12.0617
threshold=9.5000000000000018 6.5000000000000009 13.500000000000002 1.5000000000000002 3.5000000000000004 1.5000000000000002 1.5000000000000002 15.500000000000002 1.5000000000000002 16.500000000000004 11.500000000000002 1.0000000180025095e-35 3.5000000000000004 1351.5000000000002 0.95625000000000016 3.5000000000000004 6.5000000000000009 14.500000000000002 74.500000000000014 208.50000000000003 7.5000000000000009 888.50000000000011 24.500000000000004 29.500000000000004 1.5000000000000002 15.500000000000002 415.50000000000006 27.500000000000004 25.500000000000004 16.500000000000004 143.50000000000003 150.50000000000003 236.50000000000003 1.5000000000000002 27.500000000000004 118.50000000000001 167.50000000000003 225.50000000000003 77.500000000000014 24.500000000000004 10.500000000000002 69.500000000000014 84.500000000000014 188.50000000000003 27.500000000000004 28.500000000000004 26.500000000000004 1.0000000180025095e-35 242.50000000000003 6.5000000000000009 427.50000000000006 6.5000000000000009 1.5000000000000002 143.50000000000003 13.500000000000002 271.50000000000006 3.5000000000000004 25.500000000000004 225.50000000000003 1.0000000180025095e-35 1.0000000180025095e-35 47.500000000000007 75.500000000000014 19.500000000000004 0.8549500000000001 48.500000000000007 16.500000000000004 42.500000000000007 1665.5000000000002 1115.5000000000002 75.500000000000014 107.50000000000001 656.50000000000011 212.50000000000003 48.500000000000007 998.50000000000011 27.500000000000004 12.500000000000002 305.50000000000006 266.50000000000006 0.93995000000000006 210.50000000000003 267.50000000000006 83.500000000000014 164.50000000000003 427.50000000000006 176.50000000000003 159.50000000000003 993.50000000000011 82.500000000000014 706.50000000000011 11.500000000000002 751.50000000000011 1598.5000000000002 2.5000000000000004 252.50000000000003 3.5000000000000004 102.50000000000001 29.500000000000004 15.500000000000002 1542.5000000000002 239.50000000000003 1909.5000000000002 1922.5000000000002 1849.5000000000002 782.50000000000011 34.500000000000007 150.50000000000003 1463.5000000000002 11.500000000000002 24.500000000000004 159.50000000000003 158.50000000000003 7.5000000000000009 8.5000000000000018 1895.5000000000002 66.500000000000014 971.50000000000011 18.500000000000004 0.92290000000000016 1675.5000000000002 195.50000000000003 751.50000000000011 8.5000000000000018 0.97905000000000009 167.50000000000003
decision_type=2 2 2 2 2 2 2 2 2 2 2 2 2 2 2 2 2 2 2 2 2 2 2 2 2 2 2 2 2 2 2 2 2 2 2 2 2 2 2 2 2 2 2 2 2 2 2 2 2 2 2 2 2 2 2 2 2 2 2 2 2 2 2 2 2 2 2 2 2 2 2 2 2 2 2 2 2 2 2 2 2 2 2 2 2 2 2 2 2 2 2 2 2 2 2 2 2 2 2 2 2 2 2 2 2 2 2 2 2 2 2 2 2 2 2 2 2 2 2 2 2 2 2 2 2 2
left_child=1 4 3 8 11 15 52 14 39 23 21 93 28 20 40 77 -8 18 97 54 -10 70 61 117 47 -14 27 -22 53 -12 33 -32 57 102 -19 38 110 -38 115 113 41 65 100 44 46 -46 64 59 49 -43 74 -31 60 63 72 112 -16 120 122 -13 105 104 96 -9 -44 66 -6 -26 81 -24 -5 -72 -20 -42 -17 -74 -39 94 -35 -54 -69 -30 83 -58 -85 -53 87 88 89 -87 -88 123 -75 119 99 -21 -63 -18 -34 -4 -25 -78 -27 -104 -23 -3 -107 -55 -64 -41 -37 -48 -45 114 -2 116 -36 -7 -11 -1 121 -33 -59 -15 -86 -49
right_child=2 6 5 10 7 9 16 12 13 118 29 24 25 91 56 50 17 34 19 95 26 22 69 42 67 30 -28 -29 68 51 31 32 98 78 35 36 37 76 -40 109 73 48 43 55 45 -47 111 125 -50 -51 -52 85 79 107 -56 -57 82 58 -60 -61 -62 62 108 -65 -66 -67 -68 80 -70 -71 71 -73 75 92 -76 -77 101 -79 -80 -81 -82 -83 -84 84 124 86 90 -89 -90 -91 -92 -93 -94 -95 -96 -97 -98 -99 -100 -101 -102 -103 103 -105 -106 106 -108 -109 -110 -111 -112 -113 -114 -115 -116 -117 -118 -119 -120 -121 -122 -123 -124 -125 -126 -127
leaf_value=-0.0075853424180146083 0.0085065648840380158 0.014450450397296252 0.0050833841413441185 0.00019299063097863198 0.022970914175553105 -0.027941267045995831 -0.015045961131078844 -0.0015565224918407355 -0.017523600661009425 -0.020596465708924618 -0.017575281642531353 0.022820264042674974 -0.010129259127316041 -0.0033165468526329951 0.038371023501593646 0.012815167746779963 0.00076504045614659416 -0.011493462421621201 0.0010870658462983367 0.0095236152153491925 -0.0037581575809634165 -0.011751867627661144 -0.003635355822172291 -0.010743173367975653 0.006383788492963758 0.012311196238168492 -0.009883775686026967 0.015552602597502676 0.011509504331670589 -0.022129712972537165 -0.0065845667942147365 -0.0090743527667628728 0.01060241080939312 -0.0080612118613608459 0.0011980620354440279 -0.004523462811364262 0.0032486236883272107 -0.0060963836911434597 0.010417539869442336 -0.0028098912827218049 0.014648430645012955 -0.018891737363457586 -0.019373013164079057 -0.032222820116427735 0.011698669019610126 -0.017788180345044795 -0.027567279665400079 0.021129683282471778 0.015516900037494846 0.0037048129708932179 -0.015206275824294258 -0.0056759323703999189 0.0040115645891183214 -0.0045618837145171651 0.038221460547580181 -0.032885012704308728 0.018286029172440602 0.0028583661825288737 -0.0018159898842159139 0.049696389238387609 0.024755150661131257 -0.029322138910549352 -0.0091952470263244896 0.010422846904209457 -0.01102944625590201 0.014404586485078925 -0.0010788409029813095 0.012801190318543303 0.006247523336441573 -0.016231711224207239 -0.019878748326921294 -0.0029516646976768929 -0.013746588037912668 0.021863270930593839 -0.0098810165679962501 -0.0031396632019042286 0.032862144636513921 0.0087762955551582891 0.0050521474261102433 0.014455823033036512 0.019704041169009725 0.0183550706086048 0.024020631123618671 0.0061387848570346329 0.013514151319299336 -0.02119478354639797 -7.4722097023864944e-06 -0.030477358070717366 -0.0092550721633916609 -0.010450611780323069 -0.0089236250829567883 -0.0025518207221706885 0.0072808377369519405 0.010524590010774802 -0.012686810454537401 -0.0012725128385251596 0.0012530977411940271 0.0084126787199999501 0.042963005804912351 -0.011453002512620403 0.001018945048778181 0.002275363811521075 -0.0025081288386162894 0.022419423942794343 -0.0040026053421152721 -0.0063725013916664207 0.008338148999367842 0.0047166177306877241 -0.0042658816062246209 0.0087145287298420523 -0.011831264256326066 -0.045812656215439118 -0.011255113486950217 0.0085249815388864798 0.027729861875624685 -0.0045441910970086133 -0.0098262574726885009 -0.017884613901112081 -0.026169178580745141 0.004348265103328414 0.0039571312923750452 0.0015176780113483911 0.0095283475705223424 0.0042596980689021194 0.020281881536236075 0.014308453098113747
leaf_weight=241 229 561 410 2049 106 479 414 284 603 1181 1108 1148 315 424 68 112 488 590 1774 989 1644 1432 234 1582 632 1728 1741 203 1464 299 1015 545 872 171 3482 517 2201 1603 504 521 1645 122 2840 48 143 234 262 566 329 3017 742 1485 4135 289 25 92 1083 594 738 57 164 26 1865 2615 651 1253 366 2822 666 1408 325 2434 292 129 122 2316 28 430 3151 268 701 891 250 1128 2195 521 447 234 3096 581 2283 1684 1434 302 153 260 1488 2392 23 108 184 179 210 50 508 129 1404 1890 1702 230 1691 85 3150 898 183 962 199 349 1459 327 986 1340 1720 1626 527 1599
leaf_count=241 229 561 410 2049 106 479 414 284 603 1181 1108 1148 315 424 68 112 488 590 1774 989 1644 1432 234 1582 632 1728 1741 203 1464 299 1015 545 872 171 3482 517 2201 1603 504 521 1645 122 2840 48 143 234 262 566 329 3017 742 1485 4135 289 25 92 1083 594 738 57 164 26 1865 2615 651 1253 366 2822 666 1408 325 2434 292 129 122 2316 28 430 3151 268 701 891 250 1128 2195 521 447 234 3096 581 2283 1684 1434 302 153 260 1488 2392 23 108 184 179 210 50 508 129 1404 1890 1702 230 1691 85 3150 898 183 962 199 349 1459 327 986 1340 1720 1626 527 1599
internal_value=6.20877e-06 0.00597603 -0.00878544 -0.00600852 0.00903941 -0.015066 0.00113039 0.00776773 -0.00143671 -0.0168646 -0.007949 0.0143723 0.00585938 -0.00373277 0.0107807 -0.00403231 -0.000591479 -0.000299188 0.00248251 0.000121214 -0.00734919 -0.00587612 -0.00760722 -0.0150827 0.0156649 0.00405108 -0.00563772 -0.00163286 0.00886362 -0.0107259 0.00439132 0.00271921 0.00410493 0.00685708 -0.00228553 -0.0018071 -0.00380032 -0.000319021 0.000600509 0.00738996 0.00850466 0.00656147 -0.0143115 -0.0154394 -0.0179898 -0.00659277 -0.0191081 0.0189584 0.00403037 0.00282473 -0.0113251 -0.00987693 0.00653514 0.00677549 -0.00190493 -0.0121703 0.0144211 0.00299523 0.0054872 0.0240989 0.0102118 -0.00600863 -0.00458869 0.0092479 -0.0178186 0.0116472 0.00431741 0.0129922 0.0123719 -0.0144394 -0.00275613 -0.00494771 -0.00213564 0.0116487 0.000965862 -0.00432926 -0.0046595 0.00242935 0.00437571 0.0046485 0.0141764 0.0141019 0.0141054 0.0136016 0.0122824 -0.00945254 -0.0102349 -0.0119399 -0.010905 -0.0155353 -0.00746525 0.00032528 0.00848826 0.00318696 -0.00163273 0.0072731 0.000723484 0.00711829 0.0114432 0.00162638 -0.00951542 0.00644589 0.0110011 0.00227703 -0.00972505 0.00906979 0.00709732 0.00348402 -0.0068445 0.000714923 -0.0101222 -0.03206 -0.0115721 0.0112132 0.0170594 -0.000464475 0.000600735 -0.0237099 -0.0236786 -0.000708517 0.000344655 -0.00154294 0.0078181 0.00269067 0.0148266 0.0160945
internal_weight=119498 71171 48327 33511 43604 14816 27567 35209 9986 12739 23525 8395 21557 7925 13652 2077 20906 20492 8536 5656 4191 13471 8663 10099 7525 13458 3588 1847 8099 10054 13143 7833 6818 5310 11956 11366 6219 4011 5147 2061 8401 5193 9271 7505 4215 377 3838 3370 3468 3139 976 8946 6661 5078 4407 3290 5251 5923 3052 1205 2258 7021 5081 2899 3491 1725 472 4155 3021 1642 4808 2759 4382 3208 234 2608 1810 1101 3322 4403 3523 2355 5183 4933 3850 8647 7162 4432 4198 1102 2730 3734 1563 870 671 1249 1514 2880 895 518 1766 207 1988 260 1940 2094 1533 2179 3567 751 2208 347 3198 1310 412 4643 3681 828 2640 568 2871 1885 2314 2050 2722 2165
internal_count=119498 71171 48327 33511 43604 14816 27567 35209 9986 12739 23525 8395 21557 7925 13652 2077 20906 20492 8536 5656 4191 13471 8663 10099 7525 13458 3588 1847 8099 10054 13143 7833 6818 5310 11956 11366 6219 4011 5147 2061 8401 5193 9271 7505 4215 377 3838 3370 3468 3139 976 8946 6661 5078 4407 3290 5251 5923 3052 1205 2258 7021 5081 2899 3491 1725 472 4155 3021 1642 4808 2759 4382 3208 234 2608 1810 1101 3322 4403 3523 2355 5183 4933 3850 8647 7162 4432 4198 1102 2730 3734 1563 870 671 1249 1514 2880 895 518 1766 207 1988 260 1940 2094 1533 2179 3567 751 2208 347 3198 1310 412 4643 3681 828 2640 568 2871 1885 2314 2050 2722 2165
is_linear=0
shrinkage=0.04


Tree=21
num_leaves=127
num_cat=0
split_feature=9 9 9 17 17 7 7 0 7 9 9 7 9 14 0 0 9 17 4 17 8 0 0 0 8 0 8 17 0 0 0 0 0 0 9 7 9 0 0 0 0 8 0 8 7 0 4 18 8 0 8 0 8 4 8 0 8 0 0 9 9 0 0 0 0 0 0 11 9 0 8 0 4 0 0 11 4 11 8 11 4 0 18 13 0 0 0 8 0 11 4 9 13 0 18 14 9 11 9 4 11 13 9 11 9 11 13 7 9 0 4 0 11 14 4 11 0 0 4 7 4 4 13 18 4 13
split_gain=3612.68 608.515 485.439 203.799 187.37 170.275 147.789 116.571 111.887 88.6467 78.8579 69.8661 67.423 65.323 50.8416 65.2197 49.1127 44.0509 43.2308 42.8838 41.5523 35.5564 34.1268 32.2994 31.0399 37.9272 30.6555 29.9994 27.7404 23.57 42.7388 23.2548 22.7309 21.7985 21.2185 21.1515 20.8802 20.311 26.7401 23.7776 49.3613 20.1068 19.8432 19.7601 18.9982 18.9396 18.7013 18.6218 17.5512 22.3599 16.3714 16.3667 16.1302 15.8918 15.6275 15.5306 15.0282 14.9263 14.3715 13.4789 13.4148 12.8251 12.6325 12.5467 11.8963 18.3363 17.9584 11.8659 13.3892 11.6036 11.0792 11.0726 10.9874 12.3666 34.9506 10.9775 10.8391 10.8195 10.7648 10.5974 10.3294 10.2624 10.1853 9.90988 9.88635 12.4857 15.5684 9.88483 9.86322 9.85098 9.79644 9.646 9.52932 9.52678 9.2941 9.29302 9.0977 8.87139 8.81811 11.901 8.81469 8.71011 8.69803 9.14537 8.50229 10.2705 8.49687 8.45992 8.81973 9.24676 8.42205 8.3811 12.9714 8.36348 8.29603 8.22561 7.92596 21.3159 7.91505 7.89059 7.86997 7.6613 7.57569 7.55141 7.63991 7.55024
threshold=9.5000000000000018 6.5000000000000009 13.500000000000002 1.0000000180025095e-35 1.0000000180025095e-35 3.5000000000000004 1.5000000000000002 15.500000000000002 1.5000000000000002 16.500000000000004 11.500000000000002 1.0000000180025095e-35 3.5000000000000004 0.94715000000000016 6.5000000000000009 14.500000000000002 11.500000000000002 1.0000000180025095e-35 14.500000000000002 1.0000000180025095e-35 1.5000000000000002 7.5000000000000009 25.500000000000004 27.500000000000004 1.5000000000000002 6.5000000000000009 1.5000000000000002 1.0000000180025095e-35 6.5000000000000009 27.500000000000004 26.500000000000004 28.500000000000004 6.5000000000000009 23.500000000000004 14.500000000000002 3.5000000000000004 7.5000000000000009 6.5000000000000009 14.500000000000002 27.500000000000004 26.500000000000004 1.5000000000000002 10.500000000000002 1.5000000000000002 1.0000000180025095e-35 4.5000000000000009 13.500000000000002 1.0000000180025095e-35 1.5000000000000002 25.500000000000004 1.5000000000000002 10.500000000000002 1.5000000000000002 15.500000000000002 1.5000000000000002 3.5000000000000004 1.5000000000000002 25.500000000000004 10.500000000000002 15.500000000000002 1.5000000000000002 27.500000000000004 28.500000000000004 10.500000000000002 24.500000000000004 25.500000000000004 19.500000000000004 7801.8550000000005 18.500000000000004 26.500000000000004 1.5000000000000002 15.500000000000002 15.500000000000002 27.500000000000004 26.500000000000004 11750.365000000002 13.500000000000002 11841.415000000003 1.5000000000000002 4634.3100000000004 22.500000000000004 24.500000000000004 1.0000000180025095e-35 0.94345000000000012 24.500000000000004 19.500000000000004 23.500000000000004 1.5000000000000002 8.5000000000000018 18488.750000000004 14.500000000000002 4.5000000000000009 0.70420000000000005 29.500000000000004 1.0000000180025095e-35 0.93475000000000008 4.5000000000000009 9052.7450000000026 12.500000000000002 8.5000000000000018 23643.085000000003 0.59715000000000007 12.500000000000002 10941.165000000003 10.500000000000002 17687.510000000006 0.89055000000000006 3.5000000000000004 12.500000000000002 8.5000000000000018 14.500000000000002 25.500000000000004 11001.600000000002 0.85975000000000013 22.500000000000004 3686.9400000000005 27.500000000000004 28.500000000000004 26.500000000000004 3.5000000000000004 13.500000000000002 7.5000000000000009 0.88735000000000008 1.0000000180025095e-35 25.500000000000004 0.97345000000000015
decision_type=2 2 2 2 2 2 2 2 2 2 2 2 2 2 2 2 2 2 2 2 2 2 2 2 2 2 2 2 2 2 2 2 2 2 2 2 2 2 2 2 2 2 2 2 2 2 2 2 2 2 2 2 2 2 2 2 2 2 2 2 2 2 2 2 2 2 2 2 2 2 2 2 2 2 2 2 2 2 2 2 2 2 2 2 2 2 2 2 2 2 2 2 2 2 2 2 2 2 2 2 2 2 2 2 2 2 2 2 2 2 2 2 2 2 2 2 2 2 2 2 2 2 2 2 2 2
left_child=1 5 4 9 8 11 17 13 16 18 37 60 22 24 -8 20 33 44 21 26 42 82 27 54 45 91 47 84 -18 30 34 52 -12 41 -23 59 64 -10 70 40 57 -2 97 -30 -3 -7 -36 -13 49 -11 71 96 -31 -20 92 -15 93 81 -57 -32 -1 95 69 80 66 -66 -17 68 -50 -24 -39 77 73 74 107 94 -72 -46 -33 115 -47 119 -4 -49 85 125 -87 -59 -43 -56 98 -26 -14 -25 -55 -28 -27 -16 99 -45 -67 -90 103 -76 -35 -106 -78 -34 109 -109 113 -73 -113 116 -114 -5 -52 -118 -82 -40 -100 -103 -111 -74 -125 -9
right_child=2 6 3 79 -6 7 14 12 10 48 32 19 23 55 15 36 28 -19 53 -21 -22 29 62 56 25 51 61 -29 43 31 35 78 72 104 46 -37 -38 38 39 -41 -42 88 -44 90 50 63 -48 83 67 -51 110 -53 -54 75 89 58 -58 87 -60 -61 -62 -63 -64 -65 65 100 -68 -69 -70 -71 76 111 123 -75 102 -77 106 -79 -80 -81 118 -83 -84 -85 -86 86 -88 -89 101 -91 -92 -93 -94 -95 -96 -97 -98 -99 120 -101 -102 121 -104 -105 105 -107 -108 108 -110 122 -112 112 114 -115 -116 -117 117 -119 -120 -121 -122 -123 -124 124 -126 -127
leaf_value=0.014960784364540756 0.0095676171094601515 -0.0068747844493612523 -0.013357610417188198 0.010102604706861966 0.014385083704594077 0.033518176086600592 -0.014444268057237527 0.0048220862149514626 -0.016959777490811869 -0.026506483518575173 -0.021244820227484685 0.02177806118528448 -0.00031231720387011149 0.035112858163305075 0.0064757599502027552 0.00099541498026565665 -0.01772118971474803 0.027852794399622086 -0.031880519223844994 0.048447053889010813 0.00015150675182892321 -0.010136316184670853 0.016098801227252754 0.014746577268454606 0.0024765013649078187 0.0080247396991934786 0.011039310860586699 0.061050164536659748 0.0044983057943004312 0.018538620106987466 -0.018484698842550436 -0.0034207015165523026 -0.031136608811997871 -0.00025891670509398676 -0.026304740281971807 -0.042420077361375534 -0.0032848039722211111 -0.00047829699622767031 -0.028153748018988244 -0.00093230642260859204 -0.016557780835185779 -0.0038170242374772137 0.016717049317663074 0.01723436283166551 0.017160596289252178 0.009955805317015046 -0.013776522912333921 0.012551793712344193 -0.020514519722894208 0.0046698960769190334 0.0035044797984561948 0.0096691093153450161 -0.0033809158929317528 -0.010369655017881016 0.0025887508550245918 0.011935943653534708 0.0065011436608751402 0.015166679805872938 0.016680061196544652 -0.049004991728946026 0.00098049273317062221 0.034767399762378699 0.018382888840350858 0.014442909418188567 -0.0067217162217880141 0.0011618490524876344 0.012431009911186184 -0.016809458616309638 -0.026836430413233577 0.0094786428367527008 -0.017669652199465688 0.0023964280415638556 -0.009274033738026018 -0.0034609027120250471 -0.01758146036526681 -0.0033858623737011775 -0.0053042461845923348 0.0084271344378307588 -0.016417004352194398 0.0069753496316645302 -0.0099455463156084244 -0.011455175826954092 -0.020290158036947434 0.018000036849976156 0.0032319997481314137 0.023101556539394531 0.0082642447843705499 -0.0046216454403298322 -0.0056109919863639958 -0.0027016402005624008 -0.014912047745959361 -0.018467109905656916 0.0056271636373747711 0.041251925101011853 -0.023188123703002925 0.015261705442598446 0.0036099749592577567 0.0018766065339116851 -0.020454304171402048 -0.0035432798979576825 0.028646367058079904 -0.013189179763825665 -0.038073660953467342 -0.041679291826974448 -0.0076024688643748888 0.0099765636415698692 -0.0016181888322389197 -0.0043273289600524447 -0.010710565925537281 -0.0086833111744712942 -0.0027635750132155709 0.0023553905469924741 0.016060062677243324 0.0078760565171971837 -0.0051432075827292567 -0.012646234705081139 0.03119760626262013 -0.0021874519319475738 0.012620118999015289 -0.0060452915101569726 -0.00638385691427558 0.0034874878309640151 -0.018684372022619033 -0.015367231337101746 -0.028857719920097145 0.0087167237293731391
leaf_weight=129 515 184 467 36 722 61 414 1935 251 64 299 1144 477 58 2084 1675 274 148 215 61 5208 3704 536 428 50 1226 2937 15.999999999999998 351 60 340 142 29 682 204 89 8386 1418 26 849 931 554 250 45 415 2326 3106 1014 996 86 2699 2497 504 111 6823 2127 620 82 1988 25 741 41 414 1165 754 869 253 454 1190 2071 98 476 184 481 280 63 3423 508 370 688 75 690 1289 1151 1247 169 347 79 205 613 166 116 4474 23 528 1177 1926 994 66 1897 19 45 49 28 743 57 1419 828 4360 3037 225 247 338 1267 32 85 59 63 37 4187 1923 1789 127 224 98 1364
leaf_count=129 515 184 467 36 722 61 414 1935 251 64 299 1144 477 58 2084 1675 274 148 215 61 5208 3704 536 428 50 1226 2937 16 351 60 340 142 29 682 204 89 8386 1418 26 849 931 554 250 45 415 2326 3106 1014 996 86 2699 2497 504 111 6823 2127 620 82 1988 25 741 41 414 1165 754 869 253 454 1190 2071 98 476 184 481 280 63 3423 508 370 688 75 690 1289 1151 1247 169 347 79 205 613 166 116 4474 23 528 1177 1926 994 66 1897 19 45 49 28 743 57 1419 828 4360 3037 225 247 338 1267 32 85 59 63 37 4187 1923 1789 127 224 98 1364
internal_value=5.96231e-06 0.00573709 -0.00843416 -0.0144635 -0.00576827 0.00867796 0.00108521 0.00745713 -0.00621221 -0.0155911 -0.00768387 0.0137976 0.00562506 0.0103497 -0.000567807 -0.000287197 -0.00250144 0.00627384 -0.0140028 0.0150385 0.00238325 -0.0132606 0.00850914 0.00388909 0.00851262 0.00669379 0.0147643 0.00650445 -0.0053655 -0.0121935 -0.0129916 -0.00665009 -0.01037 0.000444161 -0.0122202 -0.0248939 -0.0021941 -0.00568202 -0.00546718 -0.00720288 -0.00809021 0.00234841 0.0058744 -0.0046031 0.00578245 0.0113979 -0.0145506 0.0176401 -0.0219744 -0.00861417 0.00615116 0.00724806 -0.00103909 -0.0223322 0.00331235 0.0145213 0.0105548 -0.00653239 0.0142292 -0.0205989 0.00305951 0.0124726 0.0118772 0.0110213 0.000366872 -0.00213381 0.00249868 -0.0227316 -0.0239589 0.0108418 -0.00359809 0.00912899 -0.010035 -0.00971871 -0.0100627 -0.019398 -0.00449277 0.0123596 -0.0128217 0.00505283 0.00938415 -0.00692629 -0.0184496 0.0154508 0.00633005 0.00734154 0.013135 0.00543521 0.000912732 0.00215206 -0.00538391 -0.012137 0.00505413 0.016116 -0.0209697 0.0122486 0.00532861 0.00499193 -0.00498016 -0.0030589 0.00175758 0.0021999 -0.0223276 -0.019798 -0.00354655 -0.00634387 -0.00422489 -0.0095395 -0.00946366 -0.00810058 0.00475815 0.00639627 0.00947468 0.00517317 0.0142146 -0.0058422 0.00395757 0.0139373 -0.00245053 -0.00618335 -0.00685377 0.00307542 -0.00908659 -0.0157876 -0.0194931 0.00643379
internal_weight=119498 71171 48327 14816 33511 43604 27567 35209 32789 14007 23477 8395 21557 13652 20906 20492 9312 6661 11217 7525 8536 10300 8099 13458 9479 5815 7464 5078 4722 8544 7468 1076 10024 4590 7014 454 11956 13453 13202 6844 5995 3108 3328 4448 6513 3664 3310 3309 2790 150 6329 5649 564 917 12387 4173 1071 5064 4115 365 870 4155 3021 3603 3570 1642 1928 2640 2186 2607 6358 2016 9725 9219 8738 702 4940 923 512 809 2438 4903 1756 2165 5062 3815 516 161 2593 7436 4097 166 4951 451 639 4114 3152 3078 3931 1942 888 2039 357 308 1482 800 4842 8381 8352 3992 4313 1093 617 4088 370 121 2821 122 112 4213 1989 1834 3164 506 322 3299
internal_count=119498 71171 48327 14816 33511 43604 27567 35209 32789 14007 23477 8395 21557 13652 20906 20492 9312 6661 11217 7525 8536 10300 8099 13458 9479 5815 7464 5078 4722 8544 7468 1076 10024 4590 7014 454 11956 13453 13202 6844 5995 3108 3328 4448 6513 3664 3310 3309 2790 150 6329 5649 564 917 12387 4173 1071 5064 4115 365 870 4155 3021 3603 3570 1642 1928 2640 2186 2607 6358 2016 9725 9219 8738 702 4940 923 512 809 2438 4903 1756 2165 5062 3815 516 161 2593 7436 4097 166 4951 451 639 4114 3152 3078 3931 1942 888 2039 357 308 1482 800 4842 8381 8352 3992 4313 1093 617 4088 370 121 2821 122 112 4213 1989 1834 3164 506 322 3299
is_linear=0
shrinkage=0.04


Tree=22
num_leaves=127
num_cat=0
split_feature=9 9 9 17 17 7 7 0 7 9 9 7 0 14 2 0 0 0 2 2 4 17 0 0 17 8 2 0 2 2 2 0 2 2 0 8 0 8 9 0 9 2 8 2 9 2 2 2 0 0 2 7 0 18 8 0 8 0 18 8 0 0 0 2 0 2 2 2 9 0 2 2 8 7 2 0 0 2 0 2 2 2 0 2 18 0 11 0 14 2 2 2 2 2 9 11 0 0 0 2 2 2 2 2 2 2 2 2 2 2 2 0 0 2 2 0 4 9 2 0 2 2 2 11 14 2
split_gain=3329.6 560.819 447.388 187.83 172.685 156.93 136.207 107.431 103.118 81.6929 72.679 64.3855 63.2729 60.2002 59.521 52.6683 46.8569 60.107 46.658 41.149 41.0627 40.5986 40.3422 59.8545 39.5262 38.2959 37.6995 50.0821 36.6481 33.2224 33.214 32.3866 30.4658 29.8924 28.8035 28.606 34.9531 28.2495 22.7495 20.9468 20.82 20.7287 20.128 19.8791 19.245 19.1288 18.8914 18.3574 18.287 17.8315 17.5119 17.5107 17.456 17.1582 17.0244 16.9699 16.1726 20.6111 15.5904 15.0887 15.0818 14.9984 14.6799 14.5734 14.3136 14.1761 21.905 14.1363 13.8088 13.2421 14.057 12.8171 12.2361 15.4547 12.0589 12.7824 11.9522 11.9126 21.6382 21.206 12.0157 11.8227 11.8208 11.7918 11.6033 11.5611 11.3994 11.2666 11.2 11.1897 21.5162 11.4513 22.2911 11.1823 11.0363 11.3752 11.0093 19.8338 16.1722 15.328 10.9934 21.8014 17.4509 10.9495 19.361 33.8137 10.9373 10.933 15.353 10.8019 10.4918 10.4231 17.9221 10.3284 10.2867 10.1929 27.0705 10.003 9.97083 9.46639 9.45705 9.45262 11.2574 9.36401 9.29539 9.12475
threshold=9.5000000000000018 6.5000000000000009 13.500000000000002 1.0000000180025095e-35 1.0000000180025095e-35 3.5000000000000004 1.5000000000000002 15.500000000000002 1.5000000000000002 16.500000000000004 11.500000000000002 1.0000000180025095e-35 25.500000000000004 0.94715000000000016 1351.5000000000002 7.5000000000000009 6.5000000000000009 14.500000000000002 1665.5000000000002 305.50000000000006 14.500000000000002 1.0000000180025095e-35 24.500000000000004 17.500000000000004 1.0000000180025095e-35 1.5000000000000002 888.50000000000011 24.500000000000004 415.50000000000006 183.50000000000003 1141.5000000000002 27.500000000000004 1315.5000000000002 1922.5000000000002 7.5000000000000009 1.5000000000000002 6.5000000000000009 1.5000000000000002 3.5000000000000004 6.5000000000000009 11.500000000000002 58.500000000000007 1.5000000000000002 556.50000000000011 7.5000000000000009 1530.5000000000002 997.50000000000011 263.50000000000006 10.500000000000002 19.500000000000004 1115.5000000000002 1.0000000180025095e-35 4.5000000000000009 1.0000000180025095e-35 1.5000000000000002 27.500000000000004 1.5000000000000002 25.500000000000004 1.0000000180025095e-35 1.5000000000000002 10.500000000000002 27.500000000000004 7.5000000000000009 692.50000000000011 3.5000000000000004 183.50000000000003 279.50000000000006 1598.5000000000002 3.5000000000000004 10.500000000000002 1338.5000000000002 38.500000000000007 1.5000000000000002 3.5000000000000004 1849.5000000000002 14.500000000000002 6.5000000000000009 1305.5000000000002 8.5000000000000018 656.50000000000011 657.50000000000011 1757.5000000000002 27.500000000000004 1530.5000000000002 1.0000000180025095e-35 10.500000000000002 10804.835000000001 16.500000000000004 0.92290000000000016 1863.5000000000002 1598.5000000000002 335.50000000000006 600.50000000000011 1463.5000000000002 15.500000000000002 11438.040000000003 23.500000000000004 19.500000000000004 25.500000000000004 393.50000000000006 1338.5000000000002 1270.5000000000002 1400.5000000000002 1771.5000000000002 970.50000000000011 902.50000000000011 1880.5000000000002 782.50000000000011 183.50000000000003 1530.5000000000002 556.50000000000011 24.500000000000004 25.500000000000004 1305.5000000000002 817.50000000000011 12.500000000000002 15.500000000000002 18.500000000000004 1507.5000000000002 23.500000000000004 1285.5000000000002 843.50000000000011 1621.5000000000002 8330.9300000000021 0.90065000000000006 93.500000000000014
decision_type=2 2 2 2 2 2 2 2 2 2 2 2 2 2 2 2 2 2 2 2 2 2 2 2 2 2 2 2 2 2 2 2 2 2 2 2 2 2 2 2 2 2 2 2 2 2 2 2 2 2 2 2 2 2 2 2 2 2 2 2 2 2 2 2 2 2 2 2 2 2 2 2 2 2 2 2 2 2 2 2 2 2 2 2 2 2 2 2 2 2 2 2 2 2 2 2 2 2 2 2 2 2 2 2 2 2 2 2 2 2 2 2 2 2 2 2 2 2 2 2 2 2 2 2 2 2
left_child=1 5 4 9 8 11 21 13 14 19 26 67 22 35 15 -2 -8 25 42 29 34 51 23 33 37 48 62 46 31 41 124 65 49 38 84 52 -37 53 -9 -12 -16 -4 110 -41 96 72 -28 -31 71 -25 -29 -3 -7 -13 63 81 57 -11 -22 107 -38 87 123 -30 -15 -17 -67 88 -44 70 120 -18 73 -36 75 76 -48 79 -79 -27 -81 -20 -39 -6 -21 100 117 -47 -1 90 91 -40 -93 -42 -74 -96 97 -19 -98 -100 101 -54 -102 104 105 111 -91 108 -53 -52 -14 -46 -113 -70 -62 116 -5 125 -115 -95 -66 -116 -123 -10 -24 -58
right_child=2 6 3 115 83 7 16 12 10 56 39 24 18 64 40 28 17 44 55 20 58 -23 30 32 -26 77 27 50 54 47 -32 -33 -34 -35 45 36 60 82 89 43 93 -43 68 -45 103 61 74 -49 -50 -51 109 59 85 -55 -56 -57 86 -59 -60 -61 114 -63 -64 -65 69 66 -68 -69 113 -71 -72 -73 94 -75 -76 -77 -78 78 -80 80 -82 -83 -84 -85 -86 -87 -88 -89 -90 106 -92 92 -94 119 95 -97 98 -99 99 -101 102 -103 -104 -105 -106 -107 -108 -109 -110 -111 -112 112 -114 118 121 -117 -118 -119 -120 -121 -122 122 -124 -125 -126 -127
leaf_value=-0.0073212580015393812 -0.016362926011466206 -0.0065999424277457253 -0.028153773809408218 0.0058291579438159774 0.012174427875227781 0.0321796425977042 -0.013866636741567252 0.0058125473753313341 -0.0096002294464634375 -0.025447878247118218 -0.020395311572116 0.020907014854009438 0.0091168925270929038 0.033710761259016606 0.0035602529727909904 -0.0047445537804261155 -0.0038784615329948246 0.00095560077401069335 0.0010821240039882011 -0.012823420412865577 -0.009761462726201443 0.026739434547153867 -0.0085268014534907715 0.058623329067822562 0.046512341319831813 0.0015857372604838715 -0.012074187100992895 -0.0031642865482837102 0.016787021042870692 0.0093353799047305834 0.0044635366854071682 0.014859745611424287 0.0060172165344671829 0.012482194039668756 -0.0002351313749676729 -0.011650959874118114 0.0051155295079577945 0.011758754999813372 -0.0080060953399421608 -0.0058310936505021217 -0.023657480838104809 -0.0086407493680073482 0.011753926487417271 -0.010495887727548876 5.8596543344970429e-05 -0.0024652646821918434 -0.016614251130399271 -0.0088003851368224067 0.016048634809191255 0.016047003161626359 -0.017024714285073867 0.006843701813416714 0.0097397329994948073 0.01483293793857212 -0.0093213012301227235 0.030291940767568838 -0.030683169206134717 0.0044833174157502629 -0.025502262803848597 0.0045678556353596651 0.014310630848625869 0.0076570081719401252 -0.002186937832284424 -0.0035950193033670104 0.010879511412388909 0.012129557521585477 -0.0016150705984369321 0.0099294099169519711 0.0029071124211009851 0.016012892324358822 0.016060278261390691 0.0055603536095539087 -0.01396173586691692 -0.013338442897013025 -0.00089998722380987123 -0.0077247263104469142 -0.0032753784389422404 -0.00060203318416949126 0.0095350118617629383 -0.018506046133631604 -0.0036189379950432956 0.0063057014793273638 0.03338008787800216 0.029960447374883473 -0.020255232749424437 0.013865242618998687 -0.002199663291121744 -0.011121123961761632 0.0040394422077542225 0.009807419376817875 -0.005734170540236525 0.0095489563282458341 0.00018451183189521764 -0.00028256885064428816 -0.019120895423371306 -0.04705260003230486 -0.006184694316730863 0.01373166984506544 0.030762675512727888 0.00073284542955325634 0.017650860599028526 -0.0015935355360525126 0.0074265920280752488 -0.00083546897490501979 -0.0059495932642988636 0.026038805679996072 0.0022278730082212796 0.0070031238406234198 0.020518586913264955 -0.008885806430087571 0.015319960426884594 -0.010491404075963355 0.00024717463172695565 0.015023725447475976 0.0046533777409984859 0.013157215755471501 -0.01786195816131067 -0.024412908811840283 0.0011442976804771194 -0.0081123283252867284 0.0029549340532311159 0.013752171160737679 0.0057980227981278146 -0.033777225530036141 -0.0016277783498907217 -0.018239019376871505
leaf_weight=241 603 184 100 536 656 61 414 3101 133 64 299 1144 601 58 2431 1215 250 1675 1215 467 120 148 376 15.999999999999998 61 2145 647 234 67 259 1841 203 758 591 226 166 3152 4114 170 1798 38 687 1008 7927 1418 273 112 136 250 938 1058 263 979 2165 1741 40 105 86 661 4313 518 78 4626 343 1107 243 782 302 836 1988 710 2828 4039 400 1018 2525 2718 883 544 92 1544 1621 41 66 1241 1165 47 2111 327 395 792 564 1461 1343 394 25 787 220 28 860 486 375 598 2351 3553 70 1341 1488 265 350 1636 512 482 272 816 183 90 1440 120 303 310 655 508 32 1864 1048
leaf_count=241 603 184 100 536 656 61 414 3101 133 64 299 1144 601 58 2431 1215 250 1675 1215 467 120 148 376 16 61 2145 647 234 67 259 1841 203 758 591 226 166 3152 4114 170 1798 38 687 1008 7927 1418 273 112 136 250 938 1058 263 979 2165 1741 40 105 86 661 4313 518 78 4626 343 1107 243 782 302 836 1988 710 2828 4039 400 1018 2525 2718 883 544 92 1544 1621 41 66 1241 1165 47 2111 327 395 792 564 1461 1343 394 25 787 220 28 860 486 375 598 2351 3553 70 1341 1488 265 350 1636 512 482 272 816 183 90 1440 120 303 310 655 508 32 1864 1048
internal_value=5.71663e-06 0.00550773 -0.00809699 -0.0138852 -0.00553771 0.008331 0.00104187 0.00715897 -0.0059639 -0.0149677 -0.00737672 0.0132459 0.00540018 0.00993581 -0.00240147 -0.00524723 -0.000545041 -0.000275643 0.00841383 -0.013443 -0.0142748 0.00602304 0.00384107 0.00519415 0.0144372 0.00228799 -0.00545488 -0.00702993 -0.00378701 -0.00637695 0.000482357 -0.00043287 0.0120128 0.00380631 -0.0135301 0.00817223 0.0064261 0.0141739 0.0031503 -0.00995552 0.00119162 -0.0111285 0.0109701 -0.00963392 -0.00210629 -0.0124664 -0.00555782 0.0030804 0.00563955 0.0167713 -0.0133205 0.00555127 0.0109421 0.0169347 -0.00759442 0.00443648 -0.0210956 -0.00826912 -0.0230904 0.00590527 0.00695821 -0.00956625 -0.0026063 -0.000251261 0.0139405 -0.00182115 0.00164038 0.00293739 0.00828101 0.0136601 0.0114585 0.00479232 -0.0138698 -0.00861504 -0.00489546 -0.00565423 -0.00380526 0.000145447 0.00326 -0.00102902 -0.00445964 0.00406934 0.0119739 0.0138098 -0.0182264 0.0105805 -0.0218226 -0.0101317 -0.000774254 0.00140141 -8.15898e-05 0.00195632 0.002795 -0.00222535 -0.0146065 -0.0208078 0.000352328 0.0024416 -0.00200897 0.00168759 0.0090088 0.00659806 0.0120154 -0.00315341 -0.0040557 -0.00134284 0.00395525 0.00876415 0.0137172 -0.0150052 0.0136557 -0.00214021 -0.00528064 0.00542629 0.00928236 0.00485074 0.00241439 -0.0221766 0.0107865 -0.00172673 0.00914899 0.00796354 0.010282 -0.0143309 -0.00278794 -0.0193783
internal_weight=119498 71171 48327 14816 33511 43604 27567 35209 32789 14007 23477 8395 21557 13652 9312 5197 20906 20492 7349 11217 10035 6661 14208 10127 7525 8536 13453 8662 4594 1182 4081 2443 1712 8415 9254 9479 5815 7464 7824 10024 4115 787 4473 9725 11956 7546 7020 395 3328 954 1642 6513 3664 3309 2151 2876 2790 150 781 6329 5649 2462 4791 410 4173 2240 1025 870 2236 4115 2127 3078 5084 626 6373 5355 2830 5208 1427 3781 1636 2836 4155 722 1708 3603 2640 2384 568 4723 2987 2195 2025 1684 4458 419 3570 1895 1675 888 2438 1354 1084 8386 6035 2482 1736 2016 528 1408 2237 2412 994 1228 2497 809 626 2593 392 1646 1417 1979 1163 165 2240 1153
internal_count=119498 71171 48327 14816 33511 43604 27567 35209 32789 14007 23477 8395 21557 13652 9312 5197 20906 20492 7349 11217 10035 6661 14208 10127 7525 8536 13453 8662 4594 1182 4081 2443 1712 8415 9254 9479 5815 7464 7824 10024 4115 787 4473 9725 11956 7546 7020 395 3328 954 1642 6513 3664 3309 2151 2876 2790 150 781 6329 5649 2462 4791 410 4173 2240 1025 870 2236 4115 2127 3078 5084 626 6373 5355 2830 5208 1427 3781 1636 2836 4155 722 1708 3603 2640 2384 568 4723 2987 2195 2025 1684 4458 419 3570 1895 1675 888 2438 1354 1084 8386 6035 2482 1736 2016 528 1408 2237 2412 994 1228 2497 809 626 2593 392 1646 1417 1979 1163 165 2240 1153
is_linear=0
shrinkage=0.04


Tree=23
num_leaves=127
num_cat=0
split_feature=9 9 9 17 17 0 7 7 9 0 9 8 9 0 0 9 0 17 4 0 0 0 0 0 8 0 0 7 0 0 0 0 0 0 9 0 0 0 9 7 0 9 0 8 8 0 0 0 0 4 7 0 14 7 8 10 8 0 0 0 7 4 8 0 13 0 9 7 11 9 13 4 4 0 0 12 10 8 8 0 13 11 0 0 10 10 0 4 8 13 8 0 9 0 7 0 0 9 10 0 0 0 10 7 9 10 0 13 7 9 13 4 4 10 11 7 0 0 0 4 8 7 4 14 11 7
split_gain=3068.68 518.678 412.326 173.112 159.157 130.434 128.427 95.0349 88.3794 81.103 75.287 73.306 66.9762 43.9855 48.4093 42.2531 40.2353 39.6512 37.1397 36.7898 36.2615 31.06 30.5828 30.1591 29.1638 28.7231 27.3184 24.4901 24.4894 23.835 23.614 23.2394 22.8817 22.9606 21.2146 20.7296 38.6663 20.7473 19.8899 19.5825 19.3036 19.116 18.9641 18.7035 17.8277 17.2743 22.3474 20.6545 42.7924 17.055 16.411 15.9529 15.9015 15.2222 14.9025 22.5824 14.4092 14.314 14.1505 17.245 19.4739 14.083 13.8803 13.3413 13.0565 11.4713 11.2886 10.694 10.653 11.5546 10.3863 10.0723 10.0137 11.3867 32.024 9.94442 9.92861 9.85505 9.82348 9.81025 11.2032 9.65969 9.63217 14.8847 9.61787 9.53142 9.39401 24.9505 9.19983 9.17054 9.12637 9.07225 8.86452 8.64673 11.0841 8.74161 8.60092 8.41907 8.28296 8.21138 16.2572 11.396 10.5678 8.13315 8.01736 8.43284 7.8932 7.82746 7.77299 8.0182 8.39237 7.48669 7.37556 7.35786 7.96136 7.31784 7.37607 30.3243 28.362 8.17095 7.82882 7.22966 7.15743 7.07216 7.06396 10.031
threshold=9.5000000000000018 5.5000000000000009 13.500000000000002 1.0000000180025095e-35 1.0000000180025095e-35 15.500000000000002 1.5000000000000002 1.5000000000000002 7.5000000000000009 25.500000000000004 16.500000000000004 1.5000000000000002 11.500000000000002 24.500000000000004 17.500000000000004 11.500000000000002 3.5000000000000004 1.0000000180025095e-35 14.500000000000002 6.5000000000000009 14.500000000000002 23.500000000000004 23.500000000000004 7.5000000000000009 1.5000000000000002 10.500000000000002 19.500000000000004 1.0000000180025095e-35 10.500000000000002 7.5000000000000009 19.500000000000004 6.5000000000000009 15.500000000000002 10.500000000000002 7.5000000000000009 27.500000000000004 26.500000000000004 28.500000000000004 3.5000000000000004 3.5000000000000004 6.5000000000000009 14.500000000000002 23.500000000000004 1.5000000000000002 1.5000000000000002 6.5000000000000009 14.500000000000002 27.500000000000004 26.500000000000004 13.500000000000002 3.5000000000000004 7.5000000000000009 0.96475000000000011 3.5000000000000004 1.5000000000000002 67894.000000000015 1.5000000000000002 25.500000000000004 27.500000000000004 26.500000000000004 1.5000000000000002 15.500000000000002 1.5000000000000002 25.500000000000004 0.85935000000000017 29.500000000000004 15.500000000000002 3.5000000000000004 7801.8550000000005 18.500000000000004 0.93975000000000009 13.500000000000002 15.500000000000002 27.500000000000004 26.500000000000004 2.5000000000000004 10015.000000000002 1.5000000000000002 1.5000000000000002 11.500000000000002 0.96205000000000007 3332.8200000000002 8.5000000000000018 14.500000000000002 168278.50000000003 46002.000000000007 12.500000000000002 15.500000000000002 1.5000000000000002 0.91895000000000016 1.5000000000000002 8.5000000000000018 3.5000000000000004 26.500000000000004 3.5000000000000004 28.500000000000004 24.500000000000004 3.5000000000000004 89863.500000000015 27.500000000000004 28.500000000000004 26.500000000000004 123262.00000000001 3.5000000000000004 12.500000000000002 131814.00000000003 5.5000000000000009 0.59715000000000007 3.5000000000000004 12.500000000000002 0.88735000000000008 24.500000000000004 14.500000000000002 168278.50000000003 19562.885000000002 3.5000000000000004 24.500000000000004 25.500000000000004 26.500000000000004 13.500000000000002 1.5000000000000002 3.5000000000000004 7.5000000000000009 0.81525000000000014 14107.305000000002 1.0000000180025095e-35
decision_type=2 2 2 2 2 2 2 2 2 2 2 2 2 2 2 2 2 2 2 2 2 2 2 2 2 2 2 2 2 2 2 2 2 2 2 2 2 2 2 2 2 2 2 2 2 2 2 2 2 2 2 2 2 2 2 2 2 2 2 2 2 2 2 2 2 2 2 2 2 2 2 2 2 2 2 2 2 2 2 2 2 2 2 2 2 2 2 2 2 2 2 2 2 2 2 2 2 2 2 2 2 2 2 2 2 2 2 2 2 2 2 2 2 2 2 2 2 2 2 2 2 2 2 2 2 2
left_child=1 5 4 10 7 11 17 15 21 13 18 16 45 14 38 42 -1 27 23 -10 43 26 30 -4 58 51 31 -3 53 64 -16 -8 33 89 82 36 41 62 50 66 -14 -25 44 -21 -2 -9 71 48 63 98 -7 -13 93 -18 55 -12 -31 -23 59 -11 -61 -20 -37 96 106 113 -38 -35 69 -56 -15 -47 73 74 108 77 -40 -73 -36 -30 -81 -78 -29 -84 -63 -27 87 -5 -39 -33 -65 -46 -55 -26 124 -96 121 -62 -43 101 -101 -44 -103 -60 105 -76 -17 -93 -42 110 -110 -53 -58 114 -59 -22 119 -118 120 -117 -119 -48 -109 -85 125 -95
right_child=2 6 3 86 -6 9 8 12 19 24 54 25 40 70 22 29 28 -19 61 20 115 57 -24 35 52 85 -28 34 79 56 -32 32 -34 67 78 37 39 88 76 -41 72 49 99 -45 91 46 47 -49 -50 -51 -52 111 -54 92 68 -57 112 65 103 60 97 84 -64 90 -66 -67 -68 -69 -70 -71 -72 75 -74 -75 104 -77 81 -79 -80 80 -82 -83 83 123 -86 -87 -88 -89 -90 -91 -92 107 -94 94 95 -97 -98 -99 -100 100 -102 102 -104 -105 -106 -107 -108 122 109 -111 -112 -113 -114 -115 -116 116 117 118 -120 -121 -122 -123 -124 -125 -126 -127
leaf_value=0.035202098623632501 0.0090006071789661343 -0.0060148979085492306 -0.016996824201244893 0.0055960351671626406 0.01325782459418565 0.015081983866385774 -0.014350002179221038 -0.0156379868826606 -0.014144295004051269 0.017130471077588909 0.012997736138924814 -0.0017456176531529639 -0.019579771706807657 -0.0044086755994105029 0.053511551332649704 -0.022212920540622801 0.020175628181985265 0.026272930469671784 -0.02961554626928602 0.0044683606062062078 -0.017987199955389273 -0.0036156956649571175 0.0057642545081398825 -0.0092713179331492986 0.011312760686640786 0.012605939870672154 0.013938700751715705 0.00048864681379225474 0.026360566086407911 0.0041941788951128638 0.015576116375471237 0.0014329744816385982 0.00088518922362916367 0.0353932866442251 0.0074523844925901885 0.017425515544593036 -0.017234735889658792 -0.0031712940031168413 -0.0058212758573960586 -0.040167335686592684 -0.029477032550012119 -0.018515666572979834 -0.0038993198007605642 -0.00047510369337393443 -0.0036852045756161473 -0.013755991517480779 -0.026724107457303449 -0.00078090134123499292 -0.015336662484712009 -0.012722011911735706 0.0059279926027382777 0.0076601884294237744 0.013877523778873944 0.013158416040269127 -0.01891206377918803 -0.019419683315604161 -0.0039213437060713081 0.002021194938917982 0.026112168022549939 0.015677011930353729 0.0098497256740695954 -0.019334624890763236 -0.0029084966692277609 0.014662883896993226 -0.0020616482876138144 0.035543845514333025 -0.045177993584439094 0.0090036876476426702 -0.015338273158034835 -0.024786629114666562 0.0016858589885971164 0.00053386888798405972 -0.014740318079821131 -0.0029419193222429241 -0.016458767494722078 -0.0085337474996190505 0.012288329150948145 -0.0034893659302146149 0.0034950733475837244 0.014054561073016373 0.018981250978866306 0.0027408701677424071 0.014242366543363432 0.012109440701799654 -0.0028726070680066642 0.0089340888063632086 0.012631214619138605 -0.017148272675626419 -0.015188800977133828 0.0051916534537510377 -0.004349646447143988 -0.0053188012121131749 0.008757071724105954 -0.0062197366161881205 0.0034201704847192402 0.0096741747553715316 -0.010521080895077231 0.004728679409154897 -0.035432666239307319 0.013177739445503879 -0.0035398114647764369 -0.0099183997201853433 -0.038987601473662349 0.014818950454546486 -0.0361348353383983 -0.039599711733780719 -0.011216614909756164 -0.012804876869118994 -0.0070688359595729054 -0.0098919843503848769 -0.017540101728553758 -0.00071240736848125069 -0.013245202500706068 0.026282447844899762 -0.0098567511121142558 -0.01231925987581925 -0.0085528290173822446 0.019663425722734783 -0.002577416201189865 -0.0017560500828011946 0.0020286467642881309 -0.0055618446702032824 0.0033138034447796907 0.0059751489831123385 0.0067068702296520181 0.01738925754922396
leaf_weight=148 515 266 1756 536 722 347 114 251 370 552 53 346 299 525 27 127 305 156 215 1816 52 1382 715 3704 500 2752 427 187 157 351 973 1682 2883 25 1462 60 340 142 206 89 29 130 920 3756 554 145 26 849 931 3106 3299 3396 518 1359 996 97 3259 1473 117 605 1130 639 504 82 224 15.999999999999998 25 1514 454 1190 3016 1243 506 481 280 494 178 4476 3227 1830 1256 3664 837 412 63 1942 183 90 370 2730 79 205 1611 32 2181 429 690 950 74 129 333 72 28 873 49 28 619 45 3865 4360 127 179 142 19 96 120 1510 126 1463 5055 60 4187 1789 1137 416 264
leaf_count=148 515 266 1756 536 722 347 114 251 370 552 53 346 299 525 27 127 305 156 215 1816 52 1382 715 3704 500 2752 427 187 157 351 973 1682 2883 25 1462 60 340 142 206 89 29 130 920 3756 554 145 26 849 931 3106 3299 3396 518 1359 996 97 3259 1473 117 605 1130 639 504 82 224 16 25 1514 454 1190 3016 1243 506 481 280 494 178 4476 3227 1830 1256 3664 837 412 63 1942 183 90 370 2730 79 205 1611 32 2181 429 690 950 74 129 333 72 28 873 49 28 619 45 3865 4360 127 179 142 19 96 120 1510 126 1463 5055 60 4187 1789 1137 416 264
internal_value=5.50503e-06 0.00528754 -0.00777325 -0.0133301 -0.00531629 0.00858787 0.00175425 -0.00572545 0.000442164 0.00658047 -0.0143692 0.0114141 -0.00708177 0.00458241 0.00601257 -0.00230548 0.0145647 0.00631096 -0.0129055 -0.00169563 -0.00136526 0.00292046 0.012091 -0.0122175 0.0096002 0.00897572 0.00405211 0.00589642 0.014095 -0.00496201 0.0166096 0.00357973 0.00381172 0.00522878 0.00633335 -0.0112346 -0.011983 -0.00603561 0.00465702 -0.0233041 -0.00955734 -0.0112494 0.000426632 0.00113538 0.00220282 -0.00523684 -0.00503867 -0.00662547 -0.00745247 -0.0134613 0.00680069 0.0064459 0.00729429 0.0116502 -0.0202521 -0.00793785 -0.00351526 -0.000631196 0.0119666 0.0106823 0.00935461 -0.0206262 -0.000735507 -0.00600192 -0.010553 0.00193781 -0.0191715 0.00943724 -0.02095 -0.0221128 0.000781035 -0.00332987 -0.00924859 -0.00894657 -0.00927662 -0.00308568 0.00272513 -0.00261424 0.00472992 0.0165622 0.0160616 0.00318455 0.00925357 0.00993878 -0.0178636 0.0110879 0.00465672 0.00231748 -0.0118649 0.00375969 0.00531202 0.000850861 0.0107727 0.00640067 0.00565982 0.00444999 -0.00637435 0.00751305 -0.0246862 -0.00329552 0.00112126 -0.0052999 -0.0181286 0.0161601 -0.0210167 -0.0185876 -0.0130967 0.0020854 -0.00877581 -0.0087031 -0.0074034 0.00723985 -0.00431219 0.00159447 0.00129131 -0.00302725 -0.00293322 -0.00445733 -0.000704347 -0.002002 0.0140004 -0.00569403 0.00291545 0.00760999 0.0100879 0.0148222
internal_weight=119498 71171 48327 14816 33511 36798 34373 32789 26689 21517 14007 15281 23477 12950 9409 9312 6666 7684 11217 14328 13958 12361 1715 10300 8567 8615 9375 7528 6518 4722 1000 8948 8834 5951 7262 8544 7468 1076 7694 454 10024 7014 4590 5572 3108 13453 13202 6844 5995 3310 3646 3921 4340 3275 2790 150 3752 2986 4227 3237 2685 917 564 5064 970 1604 365 1539 2640 2186 3541 6358 9725 9219 8738 6213 4048 5719 4689 3243 3086 3842 2573 2386 702 4694 809 626 512 4412 161 2593 2970 3822 3322 2610 4903 2080 204 1482 462 1020 100 990 357 308 746 2039 8381 8352 3992 3575 3401 1588 1569 8386 8334 3159 1649 5175 186 4213 1834 1549 712 296
internal_count=119498 71171 48327 14816 33511 36798 34373 32789 26689 21517 14007 15281 23477 12950 9409 9312 6666 7684 11217 14328 13958 12361 1715 10300 8567 8615 9375 7528 6518 4722 1000 8948 8834 5951 7262 8544 7468 1076 7694 454 10024 7014 4590 5572 3108 13453 13202 6844 5995 3310 3646 3921 4340 3275 2790 150 3752 2986 4227 3237 2685 917 564 5064 970 1604 365 1539 2640 2186 3541 6358 9725 9219 8738 6213 4048 5719 4689 3243 3086 3842 2573 2386 702 4694 809 626 512 4412 161 2593 2970 3822 3322 2610 4903 2080 204 1482 462 1020 100 990 357 308 746 2039 8381 8352 3992 3575 3401 1588 1569 8386 8334 3159 1649 5175 186 4213 1834 1549 712 296
is_linear=0
shrinkage=0.04


Tree=24
num_leaves=127
num_cat=0
split_feature=14 11 8 14 14 7 8 17 0 14 10 11 12 11 11 0 11 7 8 7 10 11 14 10 14 10 0 2 10 11 2 7 14 14 7 17 0 11 2 0 4 10 11 11 2 11 2 2 17 4 14 14 2 7 0 2 2 8 0 0 11 0 4 0 2 10 0 0 11 0 0 2 0 7 14 10 2 10 2 2 2 11 11 10 14 18 10 0 0 0 0 11 2 2 4 11 2 2 2 0 0 0 7 11 0 2 0 10 10 2 11 2 0 0 4 11 2 11 4 0 0 2 2 0 10 11
split_gain=2047.29 439.21 268.177 202.39 180.694 114.136 105.319 104.508 100.345 90.4763 74.072 70.0214 67.8424 60.2034 57.972 55.0035 54.1539 53.2009 50.0667 49.7725 48.9478 42.6921 33.8625 33.6634 33.0998 30.2535 29.8065 29.6381 26.4512 25.7804 25.5254 36.8656 25.1511 24.5887 24.507 24.3639 22.7425 21.8623 21.0314 20.1736 19.9241 21.0239 19.8102 19.7208 19.0596 18.4053 18.1981 21.6722 18.1147 17.6603 17.436 17.0542 16.7694 16.7373 16.6437 23.9246 16.2197 16.1818 17.4497 15.7299 15.6354 15.3126 15.307 15.1622 15.1184 14.8873 14.8288 14.6433 14.5542 14.4579 16.3043 14.3087 14.3039 19.1069 16.4922 14.007 13.9819 17.2473 13.9156 14.071 14.5763 13.7675 13.673 13.1302 13.1029 13.0961 13.0585 13.0192 12.8057 20.8397 16.9004 15.2413 12.6112 18.643 12.5036 12.2612 12.1659 22.1702 11.8349 11.7027 11.8115 11.6472 11.4747 11.3898 11.3116 11.2218 11.1752 10.9685 10.8318 10.7646 14.9147 10.6523 10.4332 10.3588 10.3309 10.1763 9.97883 9.95555 9.95288 9.90249 9.85641 9.69861 9.69643 9.67407 10.3656 9.67314
threshold=0.88125000000000009 9434.1750000000011 1.5000000000000002 0.92375000000000007 0.81185000000000007 3.5000000000000004 1.5000000000000002 1.0000000180025095e-35 15.500000000000002 0.78795000000000015 79580.000000000015 5054.6800000000012 1.5000000000000002 7167.170000000001 6304.0400000000009 25.500000000000004 5631.9550000000008 3.5000000000000004 1.5000000000000002 3.5000000000000004 125630.00000000001 16208.585000000001 0.90905000000000014 100001.00000000001 0.73840000000000006 113985.00000000001 3.5000000000000004 1463.5000000000002 48632.500000000007 971.61000000000013 1429.5000000000002 1.5000000000000002 0.85875000000000012 0.76155000000000006 1.0000000180025095e-35 1.0000000180025095e-35 6.5000000000000009 7219.0000000000009 1320.5000000000002 5.5000000000000009 19.500000000000004 106465.50000000001 5859.255000000001 3686.9400000000005 293.50000000000006 3977.4150000000004 491.50000000000006 997.50000000000011 1.0000000180025095e-35 15.500000000000002 0.85265000000000013 0.97015000000000007 1824.5000000000002 3.5000000000000004 14.500000000000002 1606.5000000000002 111.50000000000001 1.5000000000000002 27.500000000000004 10.500000000000002 3401.6350000000007 14.500000000000002 14.500000000000002 26.500000000000004 235.50000000000003 127037.50000000001 27.500000000000004 28.500000000000004 8300.0400000000027 6.5000000000000009 14.500000000000002 305.50000000000006 26.500000000000004 3.5000000000000004 0.95855000000000012 50517.000000000007 1614.5000000000002 188610.00000000003 1285.5000000000002 1220.5000000000002 998.50000000000011 7105.0150000000003 5304.0000000000009 32508.000000000004 0.7470500000000001 1.0000000180025095e-35 43705.500000000007 23.500000000000004 27.500000000000004 26.500000000000004 28.500000000000004 11750.365000000002 692.50000000000011 648.50000000000011 15.500000000000002 7624.8300000000008 102.50000000000001 355.50000000000006 1320.5000000000002 6.5000000000000009 23.500000000000004 11.500000000000002 3.5000000000000004 13101.400000000001 27.500000000000004 1598.5000000000002 26.500000000000004 109068.50000000001 248407.50000000003 434.50000000000006 7551.5850000000009 1582.5000000000002 27.500000000000004 16.500000000000004 14.500000000000002 23643.085000000003 902.50000000000011 25516.750000000004 5.5000000000000009 6.5000000000000009 6.5000000000000009 1931.5000000000002 38.500000000000007 7.5000000000000009 163546.50000000003 3058.8350000000005
decision_type=2 2 2 2 2 2 2 2 2 2 2 2 2 2 2 2 2 2 2 2 2 2 2 2 2 2 2 2 2 2 2 2 2 2 2 2 2 2 2 2 2 2 2 2 2 2 2 2 2 2 2 2 2 2 2 2 2 2 2 2 2 2 2 2 2 2 2 2 2 2 2 2 2 2 2 2 2 2 2 2 2 2 2 2 2 2 2 2 2 2 2 2 2 2 2 2 2 2 2 2 2 2 2 2 2 2 2 2 2 2 2 2 2 2 2 2 2 2 2 2 2 2 2 2 2 2
left_child=1 2 7 5 10 34 17 24 18 20 11 28 16 23 22 35 46 52 26 50 -8 76 69 36 -1 39 -5 65 84 -20 38 -32 53 -13 105 37 -12 51 78 -15 41 64 -38 -30 -17 -28 119 60 82 68 -11 -10 56 81 -33 66 -3 58 113 95 106 -47 -45 114 -9 122 111 72 71 -7 98 104 -46 112 -75 -21 88 87 79 80 83 -18 -36 -26 -4 -23 -62 -78 89 92 103 -91 93 123 -43 -31 -85 -98 -71 -77 -101 -99 -34 -90 -41 -2 -48 -51 -87 110 -27 -56 -74 -16 -49 -67 -103 -110 -112 -6 -59 -39 -19 -22 -125 -86
right_child=3 6 4 8 12 14 9 40 15 19 13 33 -14 25 57 44 32 27 29 75 21 85 -24 -25 30 109 45 -29 43 59 31 54 102 -35 48 -37 42 121 -40 49 -42 94 -44 62 67 61 47 63 -50 107 -52 -53 -54 -55 55 -57 -58 120 -60 -61 86 -63 -64 -65 -66 115 -68 -69 -70 70 -72 -73 73 74 -76 99 77 -79 -80 -81 -82 -83 -84 96 125 108 -88 -89 90 91 -92 -93 -94 -95 -96 -97 97 101 -100 100 -102 116 -104 -105 -106 -107 -108 -109 117 -111 118 -113 -114 -115 -116 -117 -118 -119 -120 -121 -122 -123 -124 124 -126 -127
leaf_value=-0.0087258193575213919 -0.0053652793235690298 -0.0064870259787214671 -0.014613797918762111 0.034009744882771205 -0.019362476840993473 -0.020121779233929816 -0.00048715104949928928 0.0068472233204319201 0.002017104774216336 0.0022473079750481538 -0.027818989301826722 -0.0066859066660426708 0.0049577107340927976 -0.025973461005734909 0.0079091391703617325 0.028306089550524317 -0.0068230574891064467 -0.003965981409954673 -0.010793812140360936 0.0075018550418625195 -0.020492143988391383 -0.017214670165969372 0.0036700159044348929 -0.022259173101712718 0.0083069002452774501 0.018873455303231465 0.0085385493703106878 -0.0034387093815518434 -0.025477313660437841 0.0043025449436898096 0.0079587361206285429 0.0006864652344091306 0.0035546941666839923 3.2583119514115634e-05 0.0018404130285889686 0.054165791339755791 -0.017860310469698677 0.0065915959165273232 0.0089503753153605901 -0.0045595717765723569 -0.010221164031715245 0.0048038124645973087 -0.011020120773664703 -0.012449730244601387 0.013978511933401499 0.01401141559701999 -0.016116920041610052 -0.0064976576554997417 0.02730888044802517 -0.013341860352361712 0.0076584873884447515 0.0078425850482091702 -0.001092307892834212 -0.0067632936897180883 -0.016409653183990475 -0.0026488630220606103 0.0092032883776121972 -0.0099872019702526189 0.019437161358955405 0.011657961779329172 0.0029587412266769892 0.019786793035502178 -0.02785333334841333 -0.01728375809540092 0.017697879779907461 -0.0046061359435045088 0.010674458497316503 0.015457453097676637 -0.004463197134978553 -0.0011254710963853635 -0.0038682389941665125 -0.010836248511173119 0.012311623986556053 0.0041939245681570847 0.0099270237885357628 -0.016909557386754384 0.001835655264755815 -0.01835921840756306 -0.0084846998181903038 0.01181467682872457 -0.0058440636411190156 0.0009118142841089969 0.011800044705124817 -0.0054958103076339516 -0.011204143514583131 0.0032080721546198453 -0.011308343546577136 -0.011006937203342431 -0.0029280995298228431 -0.035491132377718802 -0.011319139431513602 -0.013593602481893136 -0.0078187835446548413 -0.02651378951203209 -0.020707543567478483 0.0099252292563803309 0.0071965586415437301 -0.0058631351749243686 0.0056182957187902709 -0.00082254124975887958 -0.0050488211287124845 0.00012232899403580747 -0.0022867919383898856 0.015503745507277579 0.021672792920438423 0.014231635963361394 -0.035509973097728444 -0.033943014029655515 -0.0089608841538664757 -0.015819735540802234 -0.03253329516223772 -0.0087656892233967804 0.038050256232192228 0.0038446449511127328 -0.012921512102930249 0.025236654830852724 0.01586349918856117 0.010693936187720835 -0.0088912521190491704 -0.0024858733505908853 0.0031806684645862434 0.016608871593007682 0.0056311249277192187 -0.0060434407730351331 -0.015359933517840802 -0.003361890170992653
leaf_weight=1192 210 109 378 127 59 71 2518 318 4209 3227 193 2167 961 106 1824 89 583 183 100 254 164 70 2279 1268 332 29 739 1548 264 1153 363 576 673 1456 242 15.999999999999998 1095 4272 414 403 77 309 1795 1394 760 3022 610 4073 113 124 1354 995 312 4267 416 1215 2915 92 153 2948 111 978 112 249 589 412 52 617 1417 1467 2919 2165 921 1937 1376 84 452 119 322 159 638 997 2610 541 380 753 1291 175 181 97 313 109 1217 157 34 1353 686 590 581 4270 1408 963 2675 76 28 60 52 63 253 1809 31 995 26 2244 446 19 69 49 366 977 6524 161 2044 478 321 752
leaf_count=1192 210 109 378 127 59 71 2518 318 4209 3227 193 2167 961 106 1824 89 583 183 100 254 164 70 2279 1268 332 29 739 1548 264 1153 363 576 673 1456 242 16 1095 4272 414 403 77 309 1795 1394 760 3022 610 4073 113 124 1354 995 312 4267 416 1215 2915 92 153 2948 111 978 112 249 589 412 52 617 1417 1467 2919 2165 921 1937 1376 84 452 119 322 159 638 997 2610 541 380 753 1291 175 181 97 313 109 1217 157 34 1353 686 590 581 4270 1408 963 2675 76 28 60 52 63 253 1809 31 995 26 2244 446 19 69 49 366 977 6524 161 2044 478 321 752
internal_value=5.26937e-06 -0.00422416 -0.00653489 0.00648645 -0.00820374 0.00360908 -1.82526e-05 -0.00102513 0.00887179 -0.00167327 -0.0110632 -0.00781987 -0.00538035 -0.0131183 0.0023753 0.00681769 -0.00596285 0.00395283 0.011903 0.000705966 -0.00503457 -0.00733114 -0.000375079 -0.0167663 -0.00249093 -0.0106908 0.0148667 0.000959743 -0.0120544 0.00930546 -0.00159827 -0.00412596 -0.00387747 -0.00398487 0.0105312 0.00497437 -0.0145052 0.00489172 0.000340402 -0.00872823 0.00949032 0.0107085 -0.0136137 -0.0153749 0.00992437 0.0143521 -0.00839936 -0.00914884 0.0115819 -0.00829143 0.00384769 0.00313183 0.00772515 -0.00546066 -0.0054755 -0.00680232 0.00863621 0.00423267 0.00616869 0.00967491 -0.0125762 0.015425 -0.0135997 -0.00766412 0.0138992 0.00352291 -0.0102486 0.00963294 -0.00772951 -0.00220576 -0.00194845 -0.00951062 0.00891597 0.00801154 0.00657651 -0.00168572 -0.00933002 -0.00440155 -0.000487816 0.000158684 -0.00032585 -0.00193998 0.0109564 0.000779807 -0.00815883 -0.000470782 -0.0101758 -0.00174361 -0.0105096 -0.0117255 -0.00507712 -0.0239362 -0.0106464 -0.0137144 0.00225803 0.00734013 -9.61978e-05 0.00116793 0.000785905 -0.00209154 -0.00187133 -0.0013796 -0.0011113 0.00251091 -0.00284147 -0.000991943 -0.0176514 -0.0203182 0.000637922 -0.0144697 -0.00872484 -0.0110232 0.0130264 0.00566821 -0.00713281 -0.00327573 0.0011801 -0.00575613 -0.0107552 -0.00345263 0.00299681 0.00695668 0.00484056 -0.011621 -0.00979282 -0.00599874
internal_weight=119498 72310 46669 47188 35819 21389 25641 10850 25799 18099 17795 6903 18024 10892 18154 15379 17063 7542 10420 10597 7502 4984 7317 4351 9523 6541 4866 4206 3280 5554 8331 3617 9195 3623 3235 9653 3083 9637 4714 4306 1327 1250 2890 1770 5726 4739 7868 6832 2965 4200 4581 5204 3336 5847 3254 2678 3024 10837 4221 5454 2064 4000 1506 4768 907 2658 1463 5637 4013 5038 4967 2596 5020 4260 3313 6016 3859 746 4300 3978 3819 1580 2852 3181 1510 1125 1402 627 3113 2543 570 206 2337 1120 343 2506 2849 2308 2048 5762 5678 1622 3348 257 431 270 662 187 1055 2235 426 1411 947 4068 4519 431 1032 302 397 1036 6616 4433 2227 963 799 1132
internal_count=119498 72310 46669 47188 35819 21389 25641 10850 25799 18099 17795 6903 18024 10892 18154 15379 17063 7542 10420 10597 7502 4984 7317 4351 9523 6541 4866 4206 3280 5554 8331 3617 9195 3623 3235 9653 3083 9637 4714 4306 1327 1250 2890 1770 5726 4739 7868 6832 2965 4200 4581 5204 3336 5847 3254 2678 3024 10837 4221 5454 2064 4000 1506 4768 907 2658 1463 5637 4013 5038 4967 2596 5020 4260 3313 6016 3859 746 4300 3978 3819 1580 2852 3181 1510 1125 1402 627 3113 2543 570 206 2337 1120 343 2506 2849 2308 2048 5762 5678 1622 3348 257 431 270 662 187 1055 2235 426 1411 947 4068 4519 431 1032 302 397 1036 6616 4433 2227 963 799 1132
is_linear=0
shrinkage=0.04


Tree=25
num_leaves=127
num_cat=0
split_feature=9 9 9 17 7 9 7 0 17 9 1 1 0 1 2 2 1 1 1 1 17 1 1 1 9 1 1 1 2 0 0 2 1 2 2 7 9 1 1 1 1 0 2 1 2 1 1 1 2 2 0 17 17 1 1 9 1 1 1 9 1 0 0 2 2 1 0 2 0 4 1 1 1 1 9 1 1 1 1 2 1 13 0 1 1 7 0 1 1 1 1 2 1 1 2 1 1 1 18 18 1 0 10 2 1 1 1 0 1 1 1 1 1 7 1 1 0 2 1 4 0 1 1 2 7 10
split_gain=2605.5 486.754 304.273 212.11 149.689 127.011 104.881 92.3416 60.8949 60.4719 58.9418 121.321 53.2291 49.997 48.116 53.9944 46.8473 44.8566 66.9399 39.5553 37.698 37.6547 37.1634 36.2172 35.2436 33.9681 31.343 29.1649 28.9853 28.8671 44.9386 28.7658 28.3813 28.1846 27.1809 27.0846 26.1965 25.3718 25.0179 24.6109 23.5384 23.2398 34.5756 28.8203 23.1591 22.2487 37.0517 31.8562 22.0716 21.6483 21.2941 21.0543 20.3254 20.0252 20.0222 19.9041 19.7066 19.6086 19.5858 19.4085 19.1525 24.7505 18.9199 26.5778 21.9226 18.3799 18.1898 18.0413 18.0327 17.9637 17.3792 30.8123 17.3106 23.2369 17.1057 17.097 20.8562 24.1388 17.0728 16.9838 16.8335 17.6663 16.7288 16.1376 16.0743 16.0323 17.0112 15.4543 28.1283 17.6777 26.6815 15.9033 15.4148 15.3463 15.1695 15.0174 14.7346 22.6715 18.0211 14.6852 14.4369 16.5251 14.3314 14.2594 14.1681 14.1879 14.1452 13.809 15.6143 19.2072 16.4662 16.359 13.7713 13.6549 13.5427 13.2809 13.2749 13.0955 12.9632 12.9598 12.9595 12.956 12.9411 12.8952 12.4539 12.4515
threshold=8.5000000000000018 12.500000000000002 4.5000000000000009 1.0000000180025095e-35 1.5000000000000002 14.500000000000002 1.5000000000000002 15.500000000000002 1.0000000180025095e-35 7.5000000000000009 75.500000000000014 47.500000000000007 25.500000000000004 143.50000000000003 1074.5000000000002 1128.5000000000002 19.500000000000004 160.50000000000003 159.50000000000003 217.50000000000003 1.0000000180025095e-35 77.500000000000014 78.500000000000014 265.50000000000006 18.500000000000004 75.500000000000014 16.500000000000004 208.50000000000003 1407.5000000000002 27.500000000000004 26.500000000000004 1654.5000000000002 218.50000000000003 1567.5000000000002 1724.5000000000002 3.5000000000000004 7.5000000000000009 35.500000000000007 71.500000000000014 15.500000000000002 218.50000000000003 19.500000000000004 1220.5000000000002 241.50000000000003 518.50000000000011 83.500000000000014 206.50000000000003 42.500000000000007 772.50000000000011 293.50000000000006 27.500000000000004 1.0000000180025095e-35 1.0000000180025095e-35 16.500000000000004 165.50000000000003 10.500000000000002 69.500000000000014 176.50000000000003 47.500000000000007 10.500000000000002 248.50000000000003 8.5000000000000018 7.5000000000000009 1839.5000000000002 556.50000000000011 69.500000000000014 24.500000000000004 335.50000000000006 15.500000000000002 14.500000000000002 236.50000000000003 225.50000000000003 77.500000000000014 84.500000000000014 15.500000000000002 43.500000000000007 212.50000000000003 266.50000000000006 49.500000000000007 1801.5000000000002 212.50000000000003 0.97215000000000007 7.5000000000000009 107.50000000000001 137.50000000000003 3.5000000000000004 25.500000000000004 197.50000000000003 176.50000000000003 111.50000000000001 140.50000000000003 556.50000000000011 171.50000000000003 273.50000000000006 473.50000000000006 62.500000000000007 87.500000000000014 40.500000000000007 1.0000000180025095e-35 1.0000000180025095e-35 165.50000000000003 14.500000000000002 78011.000000000015 902.50000000000011 47.500000000000007 62.500000000000007 116.50000000000001 6.5000000000000009 167.50000000000003 143.50000000000003 225.50000000000003 77.500000000000014 145.50000000000003 3.5000000000000004 247.50000000000003 266.50000000000006 15.500000000000002 1578.5000000000002 43.500000000000007 13.500000000000002 27.500000000000004 52.500000000000007 75.500000000000014 1555.5000000000002 3.5000000000000004 60481.500000000007
decision_type=2 2 2 2 2 2 2 2 2 2 2 2 2 2 2 2 2 2 2 2 2 2 2 2 2 2 2 2 2 2 2 2 2 2 2 2 2 2 2 2 2 2 2 2 2 2 2 2 2 2 2 2 2 2 2 2 2 2 2 2 2 2 2 2 2 2 2 2 2 2 2 2 2 2 2 2 2 2 2 2 2 2 2 2 2 2 2 2 2 2 2 2 2 2 2 2 2 2 2 2 2 2 2 2 2 2 2 2 2 2 2 2 2 2 2 2 2 2 2 2 2 2 2 2 2 2
left_child=2 4 7 5 8 19 36 20 33 14 11 26 13 16 27 84 -9 18 21 29 23 -12 -23 31 50 58 116 56 38 30 62 45 34 59 -15 -13 51 55 121 -30 -21 43 -43 -40 -31 47 54 53 -29 -14 69 75 67 -1 106 -28 78 -52 -11 104 61 -19 96 64 -64 102 83 -18 -42 112 71 87 122 -74 99 94 82 -78 -8 -41 -48 -82 -77 -24 -16 -58 100 88 89 91 -91 -51 -63 114 -4 -60 97 -3 -98 -71 101 -87 -37 -88 118 -106 -47 -27 109 111 -110 -109 -7 119 -35 -38 -6 -112 -2 -114 -107 -17 -66 -46 -69 -20
right_child=1 3 6 -5 10 24 9 12 -10 25 17 35 49 32 15 28 52 60 125 40 -22 22 66 -25 -26 107 37 48 39 44 -32 -33 -34 93 -36 65 115 -39 41 79 68 42 -44 -45 123 46 80 -49 -50 70 57 -53 -54 -55 -56 -57 85 -59 95 -61 -62 92 63 -65 72 -67 -68 124 -70 74 -72 -73 73 -75 -76 76 77 -79 -80 -81 81 -83 -84 -85 -86 86 103 -89 -90 90 -92 -93 -94 -95 -96 -97 98 -99 -100 -101 -102 -103 -104 -105 105 120 -108 108 110 -111 117 -113 113 -115 -116 -117 -118 -119 -120 -121 -122 -123 -124 -125 -126 -127
leaf_value=0.021472545398886579 -0.003434156636421827 -0.020149837247154353 0.019295840815299552 0.0055892921846731249 0.022024866810161105 -0.016029624241049725 0.005238877067965845 -0.0050204207141021978 0.016383069309113589 -0.0022953486115333999 -0.0158347362896211 -0.023284300779990229 0.02788574208767244 -0.0048863115623667295 0.006880946947421006 0.0014146909667759567 -0.0020153541244868453 -0.011753963352973131 -0.016247354499807763 0.011522597623953466 0.032137015563726938 0.0065371364482774289 -0.012653412199408172 0.020309514806985392 -0.020994976819032833 -0.01288355135563138 0.00042542208522610775 0.013364987408435391 -0.010894179329895339 0.012242481742649256 -0.028866994364900384 0.021094002543624622 0.0050346976449359452 0.0016999460919884749 0.0047359622567771245 0.0062043197007635928 0.0036038564409742002 -0.0087139327880678564 -0.0025202542777702729 6.9582693785768816e-07 -0.0014113195345083745 0.0010287749082262764 0.013344001509739817 0.0060200476028386867 -0.0071476878968719151 0.0016406567834887965 0.015079829705040432 0.016065737802340753 0.0058910569385842706 0.019506203658900698 -0.0027018331366028625 0.026758313810574041 0.049750992939734326 0.0035041921990696208 -0.010569525358787846 -0.0084023126393025817 0.032861587383832588 -0.016267895401947993 0.0078909420106388038 -0.0029576851847950697 -0.0076450194080822011 0.012708369868184804 -0.0065104641438612524 0.0039095414191556623 -0.012821763919741576 -0.0010036006546023273 -0.011317618978321529 0.014862950321259628 -0.0081584631396074119 -0.0061356664824098565 0.01546752715306355 -0.00039815072491941421 0.007468060476602696 -0.010173354893870763 -0.012694047543814674 -0.00054000420492582638 0.0027290467776123627 0.018406888941658303 0.016210767574408438 0.0041326142667797734 0.0081519914945336665 0.014077424493950335 0.012387830028097074 -0.0052337825757147296 -0.0083341272003264015 0.0029362657358001686 0.0056054873262742933 0.014174160215878058 0.002352016042526273 0.023727138517301041 0.010367446523993035 0.0025542742681418209 -0.0018468960360599382 -0.012290214055242117 -0.0030259857841432388 0.0014994841347536619 -0.010645942980578343 -0.0043157932257484087 -0.020250026552368034 -0.031432909783908947 -0.015202262524937437 -0.0063787369283172645 0.0009775403542881323 0.034603263291296676 0.007831531053659373 -0.00017559381498878456 0.0086470987296085565 -0.017888314978190045 0.003947597740507883 -0.011549577163199929 0.0016706552117469961 -0.0012878667814413013 -0.028027009449277048 -0.014309701080779913 0.0077516032739523965 0.014101206112291358 -0.012377295884363934 -0.007635078870373584 -0.026743778561821724 -0.0068373103737885367 0.0097892425982712781 0.012975759381675188 -0.021392235896538856 0.022037703905447542 0.0082134838841248555 -0.027438229729030698
leaf_weight=118 226 209 58 1211 18 3305 1385 444 399 1337 732 70 102 1390 125 194 254 408 543 131 141 343 520 674 1501 242 1460 1207 267 132 219 413 1987 1196 709 1699 2536 1661 1420 4455 974 685 782 1139 652 820 1203 1978 1334 102 459 109 19 628 131 567 25 272 886 3535 1497 120 2034 227 1737 2326 1246 505 1823 43 662 549 125 2550 189 170 988 187 272 2478 3091 1093 2606 4874 976 887 419 952 931 264 2604 675 3742 88 301 1756 521 473 792 271 112 464 1663 29 566 2159 1058 104 791 591 412 1095 49 1543 1175 209 1456 584 46 824 231 790 339 25 4341 228
leaf_count=118 226 209 58 1211 18 3305 1385 444 399 1337 732 70 102 1390 125 194 254 408 543 131 141 343 520 674 1501 242 1460 1207 267 132 219 413 1987 1196 709 1699 2536 1661 1420 4455 974 685 782 1139 652 820 1203 1978 1334 102 459 109 19 628 131 567 25 272 886 3535 1497 120 2034 227 1737 2326 1246 505 1823 43 662 549 125 2550 189 170 988 187 272 2478 3091 1093 2606 4874 976 887 419 952 931 264 2604 675 3742 88 301 1756 521 473 792 271 112 464 1663 29 566 2159 1058 104 791 591 412 1095 49 1543 1175 209 1456 584 46 824 231 790 339 25 4341 228
internal_value=1.69314e-05 -0.00612801 0.005686 -0.0106945 -0.00315782 -0.0116154 0.00317024 0.00879524 0.00108568 0.00203753 -0.00477982 -0.00256789 0.00688344 0.00496893 0.003231 0.00187982 0.00743675 -0.0064742 -0.00832446 -0.00912673 0.0115729 -0.00720038 -0.00629448 0.0113135 -0.0154299 -0.000937986 -0.00702087 0.00616239 0.00264507 -0.0103207 -0.0109561 0.0107373 0.00160795 0.000423221 -0.00163412 0.00142353 0.00747703 -0.00504827 0.0049816 0.00101864 -0.00503325 0.00358252 0.00759673 0.00127952 -0.00306838 0.010314 0.00917383 0.0134079 0.00944321 0.0095831 -0.014228 0.00938423 0.00851809 0.00635423 0.00453404 -0.00204222 0.00384085 -0.00775668 0.00164768 -0.000909711 -0.00375078 -0.00238444 -0.0105199 -0.00953989 -0.0099905 0.0017287 -0.00695801 0.00836272 -0.00581047 -0.0149872 0.00930507 0.00863286 -0.0114794 -0.00934725 -0.0222508 0.0089433 0.00970276 0.00522892 0.00704322 0.00147815 0.0109033 0.00970117 0.0115947 -0.00595002 -0.00660261 0.0010977 0.000678369 0.00953046 0.00856322 0.0101485 0.0115994 0.004787 -0.00139328 0.0040907 0.000573556 0.0036446 -0.0139616 -0.00917627 -0.0164433 -0.0279844 -0.00140782 -0.00026024 0.00362021 0.00749881 0.00133182 0.0021368 0.00559022 -0.003633 -0.0030057 -0.00564632 -0.00035825 -0.00273248 -0.0143475 -0.0120442 0.00470086 0.00440505 -0.011953 -0.00378192 -0.00739931 -0.00803431 0.00078623 0.0107009 -0.0142242 -0.00606094 0.00890754 -0.019565
internal_weight=119669 57424 62245 22630 34794 21419 34407 27838 9621 27243 25173 10920 16490 9649 19445 13311 5563 14253 8486 12963 11348 7715 6983 11207 8456 7798 5162 6134 12210 10035 9226 10533 4086 9222 2099 5758 7164 3688 5010 7200 2928 4026 1467 2559 809 10120 7396 2724 2541 6841 6955 4419 5119 746 2009 2027 3593 731 3979 6763 5767 4270 9007 7012 6785 5688 6640 5100 2797 6224 6739 6077 4751 2675 503 4310 3951 1175 1657 6933 5387 4184 2776 5394 1101 1936 1911 5528 4576 3645 2868 777 3862 2459 359 2642 1995 682 1313 314 1463 1351 3362 448 3228 2956 1878 3819 3577 1790 1787 1199 5721 2416 2371 2745 1474 996 272 873 2390 984 2076 677 4846 771
internal_count=119669 57424 62245 22630 34794 21419 34407 27838 9621 27243 25173 10920 16490 9649 19445 13311 5563 14253 8486 12963 11348 7715 6983 11207 8456 7798 5162 6134 12210 10035 9226 10533 4086 9222 2099 5758 7164 3688 5010 7200 2928 4026 1467 2559 809 10120 7396 2724 2541 6841 6955 4419 5119 746 2009 2027 3593 731 3979 6763 5767 4270 9007 7012 6785 5688 6640 5100 2797 6224 6739 6077 4751 2675 503 4310 3951 1175 1657 6933 5387 4184 2776 5394 1101 1936 1911 5528 4576 3645 2868 777 3862 2459 359 2642 1995 682 1313 314 1463 1351 3362 448 3228 2956 1878 3819 3577 1790 1787 1199 5721 2416 2371 2745 1474 996 272 873 2390 984 2076 677 4846 771
is_linear=0
shrinkage=0.04


Tree=26
num_leaves=127
num_cat=0
split_feature=9 9 9 7 17 7 8 9 0 9 9 1 1 0 2 1 1 2 2 8 0 8 1 0 1 1 1 1 1 1 2 2 0 1 1 2 17 9 17 2 1 0 1 0 2 1 0 2 17 7 2 1 1 1 0 1 1 7 1 1 1 1 2 1 1 1 1 1 2 0 2 0 11 0 1 1 1 1 1 1 1 2 2 2 1 0 1 0 1 1 1 1 0 1 13 2 1 1 10 10 2 0 14 0 1 10 2 1 0 1 10 2 10 1 7 2 2 1 1 2 11 1 1 0 10 8
split_gain=2401.32 451.176 280.424 152.082 134.039 96.661 91.8427 89.9644 85.1025 60.3675 55.7354 55.0895 74.6482 49.0582 47.8847 46.4704 52.0256 44.346 49.7607 43.2092 36.4038 34.7882 34.6118 45.5388 32.929 31.3069 30.3455 29.7639 28.821 28.7931 26.7334 26.4688 38.9234 26.8644 25.7947 25.2791 25.2744 24.1418 23.385 22.9198 22.8426 45.9189 20.8678 26.4 34.3543 30.6907 20.2682 19.9513 19.4039 19.0153 18.8976 18.7699 18.7406 18.3417 18.1175 18.0511 17.6552 17.0051 16.8896 16.6514 16.4348 16.3858 16.0162 16.0146 28.3995 15.7561 19.2176 22.2464 15.688 15.4196 15.3383 15.2822 28.3611 18.1741 20.384 14.8819 14.8159 14.2402 25.9227 16.2888 24.5888 14.6569 13.9821 13.8869 13.8395 13.4886 13.0461 12.726 14.392 17.6997 15.1748 15.0773 12.5738 14.1254 18.5777 13.3114 12.1096 15.2237 14.8435 12.0998 12.0697 11.9788 11.888 12.5545 22.5621 11.8143 11.5729 11.2782 11.197 11.1804 11.5504 11.1382 11.0286 10.7363 10.6297 10.5492 10.4865 16.4989 14.9586 10.2617 10.2349 10.1729 12.5631 12.8894 11.6655 10.1481
threshold=8.5000000000000018 13.500000000000002 4.5000000000000009 1.5000000000000002 1.0000000180025095e-35 1.5000000000000002 1.5000000000000002 11.500000000000002 15.500000000000002 17.500000000000004 7.5000000000000009 75.500000000000014 47.500000000000007 25.500000000000004 1351.5000000000002 137.50000000000003 77.500000000000014 1074.5000000000002 1128.5000000000002 1.5000000000000002 7.5000000000000009 1.5000000000000002 160.50000000000003 24.500000000000004 29.500000000000004 75.500000000000014 16.500000000000004 77.500000000000014 19.500000000000004 43.500000000000007 1449.5000000000002 415.50000000000006 27.500000000000004 82.500000000000014 84.500000000000014 626.50000000000011 1.0000000180025095e-35 7.5000000000000009 1.0000000180025095e-35 1801.5000000000002 116.50000000000001 27.500000000000004 71.500000000000014 19.500000000000004 1220.5000000000002 241.50000000000003 6.5000000000000009 293.50000000000006 1.0000000180025095e-35 3.5000000000000004 1849.5000000000002 261.50000000000006 248.50000000000003 208.50000000000003 6.5000000000000009 47.500000000000007 87.500000000000014 1.0000000180025095e-35 52.500000000000007 66.500000000000014 15.500000000000002 271.50000000000006 111.50000000000001 236.50000000000003 225.50000000000003 43.500000000000007 212.50000000000003 266.50000000000006 111.50000000000001 7.5000000000000009 1115.5000000000002 26.500000000000004 13425.835000000001 27.500000000000004 176.50000000000003 165.50000000000003 137.50000000000003 197.50000000000003 176.50000000000003 111.50000000000001 140.50000000000003 556.50000000000011 473.50000000000006 902.50000000000011 62.500000000000007 27.500000000000004 47.500000000000007 6.5000000000000009 167.50000000000003 143.50000000000003 225.50000000000003 77.500000000000014 25.500000000000004 266.50000000000006 0.84850000000000014 648.50000000000011 169.50000000000003 101.50000000000001 60167.000000000007 87004.500000000015 1578.5000000000002 6.5000000000000009 0.67675000000000007 23.500000000000004 153.50000000000003 37049.000000000007 970.50000000000011 43.500000000000007 26.500000000000004 205.50000000000003 132828.00000000003 626.50000000000011 78011.000000000015 34.500000000000007 3.5000000000000004 1530.5000000000002 427.50000000000006 216.50000000000003 248.50000000000003 36.500000000000007 5895.1750000000011 266.50000000000006 62.500000000000007 27.500000000000004 98603.500000000015 1.5000000000000002
decision_type=2 2 2 2 2 2 2 2 2 2 2 2 2 2 2 2 2 2 2 2 2 2 2 2 2 2 2 2 2 2 2 2 2 2 2 2 2 2 2 2 2 2 2 2 2 2 2 2 2 2 2 2 2 2 2 2 2 2 2 2 2 2 2 2 2 2 2 2 2 2 2 2 2 2 2 2 2 2 2 2 2 2 2 2 2 2 2 2 2 2 2 2 2 2 2 2 2 2 2 2 2 2 2 2 2 2 2 2 2 2 2 2 2 2 2 2 2 2 2 2 2 2 2 2 2 2
left_child=2 3 8 6 9 37 38 11 19 24 17 12 35 15 20 16 28 21 76 36 -8 96 23 27 108 55 -9 -13 -10 113 42 32 -22 -33 -26 -5 49 48 62 60 41 99 58 45 -45 75 -24 -15 65 -1 -37 70 -48 101 -28 106 -29 -21 -20 112 -32 68 -2 64 77 82 69 -68 -42 -67 -17 92 73 83 -75 -44 -19 78 79 81 -81 -49 -4 -73 -57 109 -39 -27 89 91 -90 -89 93 94 -70 -94 97 98 -7 -36 -92 -23 -16 -104 -105 -51 -12 -52 120 110 -11 -40 -14 -30 -86 -82 119 -118 -119 -56 -3 122 -88 -124 -125 -111
right_child=1 4 5 7 -6 10 14 26 13 85 25 22 59 47 102 51 -18 18 30 57 31 53 46 -25 34 87 54 56 29 -31 39 33 -34 -35 40 50 -38 86 111 -41 61 -43 43 44 -46 -47 52 63 -50 105 107 -53 -54 -55 116 84 -58 -59 -60 -61 -62 -63 -64 -65 -66 66 67 -69 71 -71 -72 72 -74 74 -76 -77 -78 -79 -80 80 115 -83 -84 -85 114 -87 121 88 90 -91 100 -93 95 -95 -96 -97 -98 -99 -100 -101 -102 -103 103 104 -106 -107 -108 -109 -110 125 -112 -113 -114 -115 -116 -117 117 118 -120 -121 -122 -123 123 124 -126 -127
leaf_value=0.017435370881336947 -0.0078848245640655915 -0.015790902034313378 0.018525334916713303 -2.8175583218043376e-05 0.0037663356429559337 0.013356232225686672 -0.013969973309954323 -0.014599469133678702 -0.0048196490401134938 -0.023640190816505542 0.0021412879437632715 -0.014630398618953981 0.0060164940581800353 0.026771405415717122 -0.0058189954851839854 -0.0034739230271080986 0.013525296274651565 0.0066059290670710128 -0.00040718350777484472 -0.0026240124866812441 -0.0021049483913275942 -0.017027367871828288 -0.013151908454601045 -0.0128937385437528 -0.0069320494259500678 -0.012368422009540168 -0.017082543819095714 0.0054181017284391578 0.0069578959619369706 0.00016794246388243642 -0.010458575303703603 0.0012088423308931559 0.01544114276038451 -0.009159780936613111 -0.012615035027473853 -0.0096902230076897772 0.030680758078382497 -0.0046902738506264989 0.009738383854353579 0.00396731633821607 -0.024944624712757647 0.014653977376752591 -0.0004260713353430813 0.00098762994752567409 0.013209333664843613 0.0058082850613872397 -0.0005751625264751425 0.018726719544286476 0.025688962339808594 0.012996461668586827 0.00087772155774499226 0.014972752368770145 -0.0069441884669363529 0.0066195321712770126 -0.010276184800772248 0.0075753399476907362 -0.0050496137682109477 0.0092971550395244771 0.011521823146777545 -0.0010258952299388295 -0.00021944591308038341 -0.02666742119370508 0.0052379466967988628 0.014848919402098454 -0.00038222760400181749 -0.0005184167586726907 0.0026198959299688846 0.017671007340378714 -0.011792289335042963 0.011892335738957855 0.0026288584117830148 -0.014070562816629509 0.0046680226343526971 -0.00054182071611086108 -0.016178222204542899 -0.009384464942982701 -0.0080007963222035027 0.013607253395760464 0.0022579455342743517 0.022778412580309562 0.012935558653546403 0.0024521184001678586 -0.0029049865429591824 -0.028580861175898274 -0.020342314813891024 -0.0080011519787067664 0.010264352642309141 -0.01717346988883188 0.003789713794135138 -0.011087672311407401 0.0016038452739154097 -0.0012363568028912551 -0.0069842489024726185 -0.0004494368319426098 -0.0053274618840595317 0.008416915057785376 0.012331326028135537 0.0017047030508577426 0.0025517436974970965 -0.017881089238271714 -0.0073297280169343573 0.0012560764455182263 0.0023467374075798065 0.0092634032934536658 -0.0085136735599663244 0.007097348629892232 -0.0053884175246787219 -0.0069901160823765233 0.0041325025616095502 0.016068500154507087 -0.015030079035625908 0.021235991001701305 0.0011854330080696689 0.013671263994790366 0.0018859657216971565 0.0077678253926219366 -0.0091859119088344866 -0.0024696067016392693 -0.0093518398702714285 -0.0024157017316488948 -0.024190628605374808 0.013537427583760135 0.002087947513566842 0.0025820676065680531 0.031996472389364976 -0.016025663438653154
leaf_weight=1360 162 539 58 1025 827 658 595 1123 444 1114 565 507 1539 102 384 786 1590 125 234 197 1851 59 287 1820 2009 242 313 275 1175 851 267 534 227 1583 1216 1945 140 239 580 2478 114 82 1070 685 797 1143 3005 102 109 2794 555 175 981 1467 346 886 4025 6178 993 2050 4132 99 1788 662 549 170 988 187 2819 2606 4060 188 118 187 470 411 976 952 931 264 1100 675 301 246 35 170 455 104 791 591 412 1095 294 257 955 129 1190 563 296 1669 584 1901 3863 154 440 679 772 612 33 15.999999999999998 326 177 1491 568 1721 1504 4979 1375 801 1155 416 209 1755 42 45 584
leaf_count=1360 162 539 58 1025 827 658 595 1123 444 1114 565 507 1539 102 384 786 1590 125 234 197 1851 59 287 1820 2009 242 313 275 1175 851 267 534 227 1583 1216 1945 140 239 580 2478 114 82 1070 685 797 1143 3005 102 109 2794 555 175 981 1467 346 886 4025 6178 993 2050 4132 99 1788 662 549 170 988 187 2819 2606 4060 188 118 187 470 411 976 952 931 264 1100 675 301 246 35 170 455 104 791 591 412 1095 294 257 955 129 1190 563 296 1669 584 1901 3863 154 440 679 772 612 33 16 326 177 1491 568 1721 1504 4979 1375 801 1155 416 209 1755 42 45 584
internal_value=1.62698e-05 -0.00588298 0.00545867 -0.00378625 -0.0118791 0.00304351 -4.38741e-05 -0.00531458 0.00844358 -0.0128003 0.00195609 -0.0037681 -0.00149118 0.00660822 -0.00187386 0.00477021 0.00766189 0.00310187 0.00180468 0.0111101 -0.00470941 0.00591609 -0.00569306 -0.00750338 -0.0116665 -0.000900507 -0.00839681 -0.00546145 0.00459149 0.006204 0.00253933 -0.00339467 -0.000185644 -0.00654254 -0.0110289 -0.00548035 0.0139063 0.00717809 0.00646521 0.000890368 -0.0119591 -0.0148237 0.00466489 0.00329542 0.00756345 0.000883182 -0.00288439 0.00919998 0.00900901 0.0134189 -0.00727479 0.00210398 -0.00214379 0.00323688 -0.00761958 0.00158178 -0.00437913 0.0089281 0.00924375 0.00175674 -0.000842049 -0.0105117 0.00414535 0.00893304 0.0082877 0.00858565 0.00931472 0.00501997 -0.0102337 0.0111309 0.00163814 -0.00993639 -0.0139309 -0.0159465 -0.0117345 -0.00291533 -0.00633837 0.00914944 0.00822088 0.00974272 0.0111355 0.00459583 0.00055035 -0.0223092 0.00349889 -0.0188723 0.00422893 -0.00348782 -0.00288556 -0.00542071 -0.000343745 -0.00262338 -0.00885092 -0.00953969 -0.0101576 -0.00227711 0.00930617 0.00692982 0.0100087 -0.0156634 -0.00363051 0.000702826 0.000931034 0.00151361 -0.00389729 0.0118445 -0.00220354 -0.00324516 -0.0186639 -0.0197759 -0.0216949 0.0124345 0.00364067 0.00914857 0.00143951 0.00995276 -0.00727675 -0.00791509 -0.00500515 -0.00423087 -0.0194562 0.00508132 0.00430961 0.00283606 0.0178616 -0.0151606
internal_weight=119669 57424 62245 42547 14877 34407 12338 30209 27838 14050 27243 20117 9217 16490 9631 9649 4628 19445 13311 11348 4790 6134 10900 6627 11840 7798 10092 4807 3038 2594 12210 4195 2078 2117 10852 4137 4973 7164 2707 6877 8843 2967 5333 4106 1482 2624 4273 6841 4419 4833 3112 5021 3986 3427 8969 3979 4300 6375 1227 5080 4399 5876 1950 6739 6077 4310 3951 1175 5777 2776 4846 5663 1209 1091 657 1481 1101 5528 4576 3645 2868 777 359 434 2642 2210 2745 3819 3577 1790 1787 1199 4454 4031 3774 423 2707 1517 954 2885 996 1960 4841 4457 594 3473 1337 1167 988 2040 1440 757 3030 1743 1756 2604 8656 7155 2176 1501 955 2506 2297 1842 87 600
internal_count=119669 57424 62245 42547 14877 34407 12338 30209 27838 14050 27243 20117 9217 16490 9631 9649 4628 19445 13311 11348 4790 6134 10900 6627 11840 7798 10092 4807 3038 2594 12210 4195 2078 2117 10852 4137 4973 7164 2707 6877 8843 2967 5333 4106 1482 2624 4273 6841 4419 4833 3112 5021 3986 3427 8969 3979 4300 6375 1227 5080 4399 5876 1950 6739 6077 4310 3951 1175 5777 2776 4846 5663 1209 1091 657 1481 1101 5528 4576 3645 2868 777 359 434 2642 2210 2745 3819 3577 1790 1787 1199 4454 4031 3774 423 2707 1517 954 2885 996 1960 4841 4457 594 3473 1337 1167 988 2040 1440 757 3030 1743 1756 2604 8656 7155 2176 1501 955 2506 2297 1842 87 600
is_linear=0
shrinkage=0.04


Tree=27
num_leaves=127
num_cat=0
split_feature=9 9 9 7 17 7 9 17 7 9 9 9 1 1 17 2 2 7 13 4 1 1 1 1 1 2 2 1 2 2 1 2 2 2 2 18 9 1 1 2 1 1 1 1 1 2 2 1 1 17 2 1 1 1 1 1 1 1 1 1 1 1 2 7 1 17 10 2 1 2 2 1 1 1 10 2 1 1 1 2 1 2 2 2 1 1 1 11 1 1 1 1 2 1 1 2 1 2 1 2 1 2 2 9 1 2 7 1 11 1 2 4 10 11 2 1 1 1 2 1 2 4 7 9 11 1
split_gain=2213.13 415.818 258.444 140.164 123.536 89.0892 82.9128 72.3504 63.0131 55.963 51.3686 50.8693 50.7716 68.7973 41.8744 40.8713 45.8582 36.3433 33.5602 32.7269 31.9043 36.2612 30.1947 28.854 27.9643 25.6162 29.6528 28.731 25.2689 24.8195 24.7873 23.6239 25.5089 26.9439 23.2963 23.2525 22.2466 21.5353 20.8817 20.0155 18.9911 20.5856 30.898 34.9348 25.1795 22.6942 22.3354 18.967 17.9937 17.8828 17.4154 17.3112 16.7776 16.6355 15.7786 15.3467 15.3455 15.0779 14.8573 14.5204 17.7077 20.5024 14.4994 14.3511 14.3506 14.2469 14.1075 13.8692 13.656 13.5392 12.8877 12.8747 12.7545 12.3126 12.3051 12.0537 12.0252 11.9642 20.7336 19.5453 11.6728 11.6048 16.2044 13.2424 12.114 18.2981 11.5308 11.4708 11.3841 15.7805 24.9119 29.82 17.1088 15.0199 14.6068 14.0446 12.4813 11.1676 11.1584 12.0298 32.5143 20.9936 11.1448 11.0891 10.9314 10.6661 10.5577 10.3947 10.3083 10.2748 10.2633 14.9346 10.1633 10.1502 10.1363 13.8696 13.4673 17.6668 10.1782 9.9801 12.4521 9.97362 9.79872 9.7819 9.38267 10.3515
threshold=8.5000000000000018 13.500000000000002 4.5000000000000009 1.5000000000000002 1.0000000180025095e-35 1.5000000000000002 11.500000000000002 1.0000000180025095e-35 3.5000000000000004 16.500000000000004 7.5000000000000009 10.500000000000002 75.500000000000014 47.500000000000007 1.0000000180025095e-35 1074.5000000000002 1128.5000000000002 1.0000000180025095e-35 0.97215000000000007 14.500000000000002 167.50000000000003 142.50000000000003 77.500000000000014 75.500000000000014 16.500000000000004 305.50000000000006 58.500000000000007 217.50000000000003 1351.5000000000002 1407.5000000000002 208.50000000000003 415.50000000000006 183.50000000000003 279.50000000000006 626.50000000000011 1.0000000180025095e-35 7.5000000000000009 71.500000000000014 15.500000000000002 772.50000000000011 19.500000000000004 65.500000000000014 206.50000000000003 194.50000000000003 52.500000000000007 1154.5000000000002 772.50000000000011 212.50000000000003 171.50000000000003 1.0000000180025095e-35 1849.5000000000002 69.500000000000014 12.500000000000002 47.500000000000007 87.500000000000014 66.500000000000014 49.500000000000007 233.50000000000003 48.500000000000007 43.500000000000007 212.50000000000003 266.50000000000006 1801.5000000000002 3.5000000000000004 42.500000000000007 1.0000000180025095e-35 60167.000000000007 1062.5000000000002 137.50000000000003 183.50000000000003 473.50000000000006 236.50000000000003 62.500000000000007 151.50000000000003 138229.00000000003 263.50000000000006 47.500000000000007 176.50000000000003 208.50000000000003 1665.5000000000002 218.50000000000003 980.50000000000011 947.50000000000011 970.50000000000011 40.500000000000007 75.500000000000014 77.500000000000014 23643.085000000003 217.50000000000003 75.500000000000014 77.500000000000014 78.500000000000014 1419.5000000000002 48.500000000000007 248.50000000000003 1578.5000000000002 177.50000000000003 1900.5000000000002 245.50000000000003 1270.5000000000002 118.50000000000001 1305.5000000000002 556.50000000000011 1.5000000000000002 52.500000000000007 970.50000000000011 3.5000000000000004 43.500000000000007 6638.4600000000009 248.50000000000003 626.50000000000011 5.5000000000000009 78011.000000000015 10804.835000000001 1074.5000000000002 143.50000000000003 110.50000000000001 116.50000000000001 537.50000000000011 62.500000000000007 1567.5000000000002 15.500000000000002 3.5000000000000004 11.500000000000002 4634.3100000000004 253.50000000000003
decision_type=2 2 2 2 2 2 2 2 2 2 2 2 2 2 2 2 2 2 2 2 2 2 2 2 2 2 2 2 2 2 2 2 2 2 2 2 2 2 2 2 2 2 2 2 2 2 2 2 2 2 2 2 2 2 2 2 2 2 2 2 2 2 2 2 2 2 2 2 2 2 2 2 2 2 2 2 2 2 2 2 2 2 2 2 2 2 2 2 2 2 2 2 2 2 2 2 2 2 2 2 2 2 2 2 2 2 2 2 2 2 2 2 2 2 2 2 2 2 2 2 2 2 2 2 2 2
left_child=2 3 8 7 9 36 12 11 17 19 15 58 13 34 18 30 68 103 40 25 21 22 -14 53 -8 26 -3 81 31 37 51 32 74 -34 -5 65 49 104 -31 -32 52 44 43 45 66 114 -44 -48 -22 59 -36 56 -10 105 -24 112 -7 67 -2 70 -61 -62 77 -53 -37 102 -42 -20 -17 -28 -4 -59 -55 87 -13 -71 -38 -40 -79 -80 -29 82 84 -84 -27 -86 -25 -66 89 93 -91 -92 96 -26 -90 -94 -93 -83 99 100 -39 -101 -19 -1 -18 -12 -95 -52 -65 -50 -9 -112 -15 -11 116 -116 -43 -118 -119 -60 -121 -21 -74 -30 -6 -126
right_child=1 4 5 6 124 10 24 110 14 113 23 28 20 55 -16 16 29 35 57 121 48 -23 54 86 88 27 69 80 123 38 39 -33 33 -35 50 64 76 98 62 -41 41 42 46 -45 -46 -47 47 -49 109 -51 107 63 -54 72 -56 -57 -58 71 119 60 61 -63 -64 108 73 -67 -68 -69 -70 75 -72 -73 122 -75 -76 -77 -78 78 79 -81 -82 97 83 -85 85 -87 -88 -89 94 90 91 92 95 106 -96 -97 -98 -99 -100 101 -102 -103 -104 -105 -106 -107 -108 -109 -110 -111 111 -113 -114 -115 115 -117 117 118 -120 120 -122 -123 -124 -125 125 -127
leaf_value=0.012800909728142705 -0.0035077619544591778 -0.024049218396075094 0.017785597735961414 -2.7048585776496586e-05 -0.0068089967764201152 0.004829817316727528 -0.014015542318789147 0.0093489157132980345 0.022354870613463623 -0.017660607639151681 0.0020556514916451715 -0.0045189322152282638 -0.01404529820321768 0.0057758499232528314 0.029439245906007726 0.0063419033135536859 0.0013744113911355912 0.022022397111843603 0.011659086101802623 -0.025857329622416762 0.014403777673266805 -0.010936915248932907 0.0049664512512508927 -0.016487191009704708 -0.0083487043233761646 -0.020478237139841975 -0.0057106782136790825 0.0036126932979553324 0.0038025394537064801 -0.010040388838689634 0.012438859836604295 -0.0078635201587306854 0.010912138160791698 -0.0023309365063122704 -0.0093026340022883489 0.0041056161550481413 -0.0045027413041440322 0.012444798528556842 0.002011703825750557 0.0053214837348019659 0.0088804981077600272 -0.002285935803220398 0.013874591912190147 -0.010220915653883896 0.016657547414197092 0.0068801104518906794 0.012449901009178897 0.0058451006023323183 -0.0019580829818122993 0.024662344886227341 0.00084261900641227465 0.031020240802688899 -0.0015920388588139232 0.0072723604621984309 -0.0044250439093015508 -0.00098486144181155052 0.015232194174479493 0.049597419828002212 0.0085232633832896081 0.010685602738988812 0.002515110719167454 0.016964544447777046 0.0038086300940034078 -0.0032597002494206204 0.020215507054132272 0.043717396846070095 1.1051796548083902e-05 0.0070942946703237454 -0.0076807971454904153 0.0096451849429833002 -0.0027888257539735524 0.014350304993389859 -0.019530941271713995 0.010710216029918068 -0.016588432775529405 -0.0065412846171424323 0.0048784150784875876 -0.0095604678608889899 0.003266932803546483 -0.0055809571166296392 -0.0079109705787459381 -0.0099409413688192113 -0.033037226122734797 -0.016566378660115365 -0.0032569749926102155 -0.013290593755455793 -0.0029791077973539129 0.010350227385652951 -0.0021013186851938847 -0.018287838071463735 0.0082196654647058824 -0.0069553755660367346 -0.020764573604021501 -0.026345383857917102 -0.0089778129036681073 -0.0099285895691549383 -0.015644677959380009 -0.019029594818683122 0.011981002459404779 -0.0027249468495683343 0.00043367143368176715 0.00486723491896476 0.014301104581155773 -0.00016695801278316158 0.011995980076245711 -0.0051729087188710611 -0.0015013466464009267 -0.0067105570395629725 0.0028241159827087615 -0.0066664492674916144 -0.0033298285012720616 0.026052343535473265 0.0011380188630304574 0.0014061628364670832 0.0027349308102421759 -0.00689479998327592 0.018844513990825925 0.0017654505042955324 0.007798808869769306 0.00071495399750191033 0.0055366342031173445 -0.015952450219435747 0.0018105314899902411 -0.0015790012684259041 0.0079156069493499757 -0.0037611183890175776
leaf_weight=135 613 110 58 1025 118 1385 1123 580 50 2754 565 854 507 1539 134 125 194 435 1805 215 96 2539 312 104 1396 315 594 150 791 267 1207 2171 383 685 1945 400 239 635 2285 1334 1901 493 854 266 620 3394 828 4404 3057 109 555 25 713 886 3408 2050 272 17 490 2776 988 187 2478 707 497 32 339 2620 976 225 301 709 35 2384 161 109 2506 471 1057 642 2137 3062 117 242 327 2715 3715 308 1296 468 163 2637 331 28 801 460 295 234 224 1187 836 1144 985 479 790 772 1094 612 1204 981 34 143 1491 45 597 399 139 1177 724 2390 1338 699 1721 1705 554 155
leaf_count=135 613 110 58 1025 118 1385 1123 580 50 2754 565 854 507 1539 134 125 194 435 1805 215 96 2539 312 104 1396 315 594 150 791 267 1207 2171 383 685 1945 400 239 635 2285 1334 1901 493 854 266 620 3394 828 4404 3057 109 555 25 713 886 3408 2050 272 17 490 2776 988 187 2478 707 497 32 339 2620 976 225 301 709 35 2384 161 109 2506 471 1057 642 2137 3062 117 242 327 2715 3715 308 1296 468 163 2637 331 28 801 460 295 234 224 1187 836 1144 985 479 790 772 1094 612 1204 981 34 143 1491 45 597 399 139 1177 724 2390 1338 699 1721 1705 554 155
internal_value=1.56196e-05 -0.00564775 0.00524041 -0.00363485 -0.0114041 0.00292183 -0.00510208 -4.20877e-05 0.00810596 -0.0122885 0.00187785 -0.000825581 -0.00361743 -0.00143154 0.00714458 0.00297784 0.00173249 0.0118763 0.00700877 -0.0110282 -0.00546541 -0.00715734 -0.00488593 -0.000864537 -0.00806106 -0.0103856 -0.0044187 -0.0110512 -0.00306857 0.00243775 0.00567956 -0.00494323 -0.00189741 0.00241505 -0.00526119 0.0129956 0.00689117 0.00459988 0.000932672 0.00870424 0.00614646 0.00643807 0.00577405 0.00399725 0.00951848 0.00454427 0.00787211 0.00689134 -0.00269522 0.00864878 -0.00698382 0.00353919 -1.48131e-05 0.0015185 -0.00363618 0.00168647 0.00654062 0.00983664 0.00230755 0.00824231 0.00894221 0.00481937 0.00135598 0.000968024 0.0112638 0.0172724 0.00754005 0.00895744 -0.00608469 -0.00208516 0.000528064 0.0151879 0.00335892 0.0121603 -0.00643879 0.00435042 0.00406003 -7.41844e-06 -0.00213538 -7.4191e-05 -0.00715328 -0.0123218 -0.0138583 -0.0219532 -0.0129908 -0.0122135 -0.00334843 0.0164477 -0.00731491 -0.00810299 -0.00956201 -0.00850967 -0.00924339 -0.00557824 -0.00473017 -0.0144701 -0.00783151 -0.010588 0.00330172 0.00278901 0.00562184 0.000999451 0.0166706 0.00267939 0.00990631 -0.00211529 -0.0021272 -0.00311524 0.000571181 -0.00310307 0.0119375 0.020387 0.0034951 -0.0173526 0.00229651 -0.00111905 0.00364111 0.00507549 0.00406566 0.0031537 0.00244666 -0.0182893 0.00138179 0.000124928 0.0036157 0.00535706
internal_weight=119669 57424 62245 42547 14877 34407 30209 12338 27838 14050 27243 11581 20117 9217 22183 19445 13311 5655 22049 11251 10900 6766 4227 7798 10092 10337 1038 9299 6750 12210 6134 4254 2083 1068 4137 5041 7164 5010 7200 2541 16898 16135 13275 7189 2860 6923 6086 5232 4134 4419 3112 3593 763 3979 3720 5080 1657 5151 4831 4310 3951 1175 6933 1936 3589 1452 2240 4425 1101 928 359 726 2642 3189 1015 334 2745 4455 2170 1699 2287 7012 3716 359 3357 3042 3819 805 8969 6872 4354 3886 3723 2518 2097 791 2932 3296 4026 3802 1471 2331 1420 614 984 1337 1122 1167 1911 4038 757 177 3030 2799 3529 996 2533 2040 1901 4218 3728 914 1756 2496 827 709
internal_count=119669 57424 62245 42547 14877 34407 30209 12338 27838 14050 27243 11581 20117 9217 22183 19445 13311 5655 22049 11251 10900 6766 4227 7798 10092 10337 1038 9299 6750 12210 6134 4254 2083 1068 4137 5041 7164 5010 7200 2541 16898 16135 13275 7189 2860 6923 6086 5232 4134 4419 3112 3593 763 3979 3720 5080 1657 5151 4831 4310 3951 1175 6933 1936 3589 1452 2240 4425 1101 928 359 726 2642 3189 1015 334 2745 4455 2170 1699 2287 7012 3716 359 3357 3042 3819 805 8969 6872 4354 3886 3723 2518 2097 791 2932 3296 4026 3802 1471 2331 1420 614 984 1337 1122 1167 1911 4038 757 177 3030 2799 3529 996 2533 2040 1901 4218 3728 914 1756 2496 827 709
is_linear=0
shrinkage=0.04


Tree=28
num_leaves=127
num_cat=0
split_feature=9 9 9 17 9 8 17 17 0 0 1 1 17 0 1 1 1 1 1 1 1 1 1 0 1 1 0 1 1 1 1 9 1 1 1 2 2 2 0 0 1 2 2 1 2 2 2 1 1 1 1 1 1 1 0 2 0 2 1 0 1 0 1 1 1 1 1 1 18 4 9 2 0 1 1 1 1 0 0 1 1 1 2 18 2 1 2 1 1 1 0 10 1 14 1 1 1 1 1 0 10 1 1 2 1 11 2 2 1 2 0 1 1 1 0 0 1 1 1 2 4 1 2 10 1 11
split_gain=2041.87 357.392 295.997 148.436 103.286 93.7811 66.4215 61.9743 60.0181 68.5125 62.7762 105.263 56.6044 49.8974 42.9813 42.7293 42.2897 90.3683 82.7096 41.9912 41.5115 43.4397 44.4181 33.4283 58.7621 32.1968 61.9727 49.7214 48.3235 31.7677 31.2279 28.1816 26.964 52.5525 32.1571 32.0187 40.4603 25.9708 24.6701 24.0227 38.0982 24.1268 23.7177 33.5007 26.0305 23.7035 23.431 23.2443 22.8061 21.7876 21.01 21.2297 27.588 20.1632 20.5512 19.0162 18.976 20.12 18.6851 18.0547 18.033 17.8115 17.7958 17.6376 17.3418 24.008 17.0557 16.1896 15.6501 15.0606 15.1247 14.7325 26.9003 14.6088 14.3341 14.0425 16.7946 13.7595 60.8611 13.7291 21.1598 13.6839 13.58 13.3625 13.2833 12.5046 12.2774 13.9727 13.6484 12.2633 17.1886 12.0186 11.8869 11.8654 11.7515 18.4299 11.6667 11.4959 11.4105 13.431 11.2909 11.1264 11.0504 10.9108 10.7954 10.7676 10.7468 12.3791 18.1248 10.6983 10.6884 16.7965 15.5216 28.7908 10.6027 10.5038 10.4668 10.2902 12.7847 10.2859 10.2318 10.1682 10.1348 14.516 11.5316 9.88191
threshold=9.5000000000000018 5.5000000000000009 14.500000000000002 1.0000000180025095e-35 11.500000000000002 1.5000000000000002 1.0000000180025095e-35 1.0000000180025095e-35 6.5000000000000009 15.500000000000002 66.500000000000014 205.50000000000003 1.0000000180025095e-35 15.500000000000002 30.500000000000004 15.500000000000002 143.50000000000003 77.500000000000014 161.50000000000003 38.500000000000007 62.500000000000007 197.50000000000003 212.50000000000003 25.500000000000004 137.50000000000003 75.500000000000014 7.5000000000000009 77.500000000000014 78.500000000000014 75.500000000000014 266.50000000000006 18.500000000000004 75.500000000000014 47.500000000000007 169.50000000000003 1530.5000000000002 556.50000000000011 518.50000000000011 26.500000000000004 25.500000000000004 165.50000000000003 1881.5000000000002 324.50000000000006 217.50000000000003 158.50000000000003 102.50000000000001 335.50000000000006 234.50000000000003 266.50000000000006 171.50000000000003 265.50000000000006 83.500000000000014 206.50000000000003 218.50000000000003 15.500000000000002 626.50000000000011 26.500000000000004 1287.5000000000002 62.500000000000007 27.500000000000004 176.50000000000003 27.500000000000004 176.50000000000003 169.50000000000003 62.500000000000007 56.500000000000007 239.50000000000003 176.50000000000003 1.0000000180025095e-35 14.500000000000002 15.500000000000002 970.50000000000011 26.500000000000004 94.500000000000014 52.500000000000007 12.500000000000002 15.500000000000002 27.500000000000004 26.500000000000004 177.50000000000003 157.50000000000003 52.500000000000007 856.50000000000011 1.0000000180025095e-35 1831.5000000000002 43.500000000000007 1654.5000000000002 143.50000000000003 218.50000000000003 118.50000000000001 25.500000000000004 84016.500000000015 248.50000000000003 0.80345000000000011 111.50000000000001 145.50000000000003 165.50000000000003 116.50000000000001 192.50000000000003 25.500000000000004 188610.00000000003 133.50000000000003 96.500000000000014 86.500000000000014 188.50000000000003 5503.9000000000005 1684.5000000000002 556.50000000000011 197.50000000000003 1849.5000000000002 24.500000000000004 143.50000000000003 110.50000000000001 116.50000000000001 19.500000000000004 7.5000000000000009 133.50000000000003 225.50000000000003 197.50000000000003 305.50000000000006 14.500000000000002 264.50000000000006 1894.5000000000002 71006.000000000015 47.500000000000007 6678.8450000000003
decision_type=2 2 2 2 2 2 2 2 2 2 2 2 2 2 2 2 2 2 2 2 2 2 2 2 2 2 2 2 2 2 2 2 2 2 2 2 2 2 2 2 2 2 2 2 2 2 2 2 2 2 2 2 2 2 2 2 2 2 2 2 2 2 2 2 2 2 2 2 2 2 2 2 2 2 2 2 2 2 2 2 2 2 2 2 2 2 2 2 2 2 2 2 2 2 2 2 2 2 2 2 2 2 2 2 2 2 2 2 2 2 2 2 2 2 2 2 2 2 2 2 2 2 2 2 2 2
left_child=1 5 3 4 30 12 31 8 -3 10 45 29 13 50 75 -11 17 122 -18 103 74 39 82 24 58 85 68 -28 -29 -12 32 61 33 55 35 36 59 -24 -32 40 41 110 44 77 -30 -10 -19 -13 -49 63 51 81 96 -45 -55 -2 57 -38 114 115 -36 69 119 -20 65 -35 91 -63 -27 101 83 -51 -73 -31 -16 -7 -77 78 79 80 97 -1 -23 -71 121 -21 87 -26 -89 -48 -91 -56 98 125 -25 -96 -53 -44 99 -62 -79 -4 -5 -6 -81 -58 107 108 -97 -57 112 -112 -22 -114 -15 -34 -37 118 -108 -41 -87 -54 123 -17 -124 -33
right_child=2 7 6 102 19 14 -8 -9 9 15 11 47 -14 23 20 16 18 46 49 25 21 22 37 94 86 26 27 28 42 73 38 93 34 64 60 116 56 -39 -40 62 -42 -43 43 53 -46 -47 89 48 -50 71 -52 52 84 54 66 109 105 -59 -60 -61 92 67 -64 -65 -66 -67 -68 -69 -70 70 -72 72 -74 -75 -76 76 -78 100 -80 104 -82 -83 -84 -85 -86 120 -88 88 -90 90 -92 -93 -94 -95 95 106 -98 -99 -100 -101 -102 -103 -104 -105 -106 -107 117 -109 -110 -111 111 -113 113 -115 -116 -117 -118 -119 -120 -121 -122 -123 124 -125 -126 -127
leaf_value=0.011378878102891392 -0.0002849462956650344 -0.012736556996104383 -0.014274536608701722 0.0068174009588055926 -0.0070630912674448107 0.018762666422099412 0.0010742929339455161 0.02394384373468815 0.00074906139137626427 -0.01008843136560313 0.0018623611354802794 0.010322982958198499 0.031257777076427601 0.0044363947155749549 0.00854910637166836 0.0025124420692153012 -0.0091972840847032132 0.02908555157668687 0.0041466873749445464 0.016524397626435015 0.00034390062510608041 0.0094772685542764828 0.014482187775944084 0.0022365023309202916 0.0050808868800840566 -0.0094676742745484991 -0.017875329868904645 0.0079261932524473284 -0.0069622757940621775 -0.01050446359579257 0.0087180523251953763 -0.021149187250041321 -0.030161235280883259 0.00050531025547515278 0.01121856758263419 0.0054542069861651735 -0.011951112389023211 0.0049513708259198864 -0.0065264034484244131 0.027145886019433942 -0.0061247905014333486 0.013557812162631439 -0.0091282047059673983 0.012530622669717151 0.008611021902781426 0.0092612443573319974 0.0096879083187299715 0.0028478934779225524 0.012096020883961986 0.0035386939548188506 0.019470212819373417 0.0058340911866272696 0.011699555094342166 -0.00096678816130929979 0.00013738914886301262 -0.0093069917711197311 -0.013542081722094056 -0.0049568396677641523 0.013799303727678491 0.017273342035993747 -0.012370269764158139 -0.0021267926671459663 0.00045257708911090508 0.024062868930331775 -0.0012868051567647084 0.0092341040424127885 -0.010026053320558235 -0.014454034331396019 -0.017638594868075126 -0.0045382653076521482 -0.01099905065242605 0.0003895159134368232 -0.0060226410938728457 -0.0026536066211932151 0.014911450451076452 -0.0079222242061861587 0.0011272423538359244 -0.0049749608974720408 -0.024400150226342978 -0.019034138226226023 0.011809450410757765 0.018723445012733743 0.01674222332037089 -0.028665171720497019 0.023207025561772343 -0.0025606383394830524 0.0059605429430449521 -0.0048458861719524356 0.0027395739727438858 -0.0023109452043592309 0.032346965440240988 -0.0066151732627889939 -0.0076729999429617285 0.0038935331566842309 0.01712185712093189 0.0040680667342050982 -0.0089954698360581297 -0.0043216438749508861 -0.00016385810331245694 -0.0025176634805498415 0.017261203483646622 -0.010696380475441334 0.015310970178233239 -0.012724555169348428 -0.0098475839968328715 -0.02552895587442296 0.0067600711694491581 0.01329652646421468 0.0346879337777544 -0.0027401205104193496 0.0027427705404713342 -0.0070650775212966381 0.015355249969963979 0.0031016809013331326 0.013913571915493465 -0.0029316929289486555 -0.0045137174024730562 0.00043225475391202436 0.018603470842205184 0.0077679429931177312 -0.014207602104882604 0.00057357891520992796 -0.0062992319160225674 -0.0017603364972038902 0.0016154647982015305 -0.013508811443686992
leaf_weight=823 740 482 3279 693 708 61 515 194 627 673 3202 1726 187 899 1785 2856 1881 92 942 53 1402 839 497 300 612 601 564 401 335 426 610 1100 23 1425 154 396 1558 5821 235 45 867 323 2220 113 352 3201 1752 2431 518 1087 530 1209 2685 1658 695 1643 446 1144 1076 71 296 459 628 77 2458 781 1278 272 1012 43 189 3354 1521 3487 835 411 1624 855 400 261 94 811 817 271 155 2914 713 1016 605 260 25 1068 652 36 571 485 91 1248 2330 884 38 2442 382 2422 975 166 979 1389 33 526 728 453 404 1280 240 1327 293 322 172 1840 126 139 800 2293 465 365
leaf_count=823 740 482 3279 693 708 61 515 194 627 673 3202 1726 187 899 1785 2856 1881 92 942 53 1402 839 497 300 612 601 564 401 335 426 610 1100 23 1425 154 396 1558 5821 235 45 867 323 2220 113 352 3201 1752 2431 518 1087 530 1209 2685 1658 695 1643 446 1144 1076 71 296 459 628 77 2458 781 1278 272 1012 43 189 3354 1521 3487 835 411 1624 855 400 261 94 811 817 271 155 2914 713 1016 605 260 25 1068 652 36 571 485 91 1248 2330 884 38 2442 382 2422 975 166 979 1389 33 526 728 453 404 1280 240 1327 293 322 172 1840 126 139 800 2293 465 365
internal_value=1.50075e-05 0.00433543 -0.00630386 -0.00481826 -0.00522717 0.0070804 -0.012865 0.00140425 0.00127613 0.00147673 0.00341725 0.00197175 0.00937535 0.00911681 0.0052982 -0.000199526 0.000182675 0.00219104 -0.00175295 -0.00718115 0.00591125 0.00514394 0.00723166 0.00725896 0.00509371 -0.00640759 -0.00721494 -0.00626605 -0.00571953 -0.00109146 -0.00303265 -0.0137145 -0.00339926 -0.00160819 -0.0047914 -0.00684195 -0.00801438 0.00570195 0.00447347 0.00305461 0.00156333 0.0030165 -0.00619206 -0.00664632 0.00101133 0.00786811 0.00933155 0.0066345 0.00447406 0.000252423 0.01183 0.0111442 0.00966002 -0.00415001 -0.00455225 -0.0058275 -0.0104359 -0.00899158 0.0100162 -0.00236383 -0.00221341 -0.0126395 0.00629117 0.00565778 0.00102266 0.0035977 -0.00650569 -0.00672049 -0.0145974 -0.013334 -0.0199854 -0.000670846 -0.00161034 -0.00350958 0.0105788 -0.000129609 -0.000698773 -0.00861769 -0.00940628 -0.00815496 -0.00689147 0.0150276 0.0130647 -0.0253764 0.0117826 -0.00270799 0.00139109 -6.63552e-05 -0.00201233 0.00843602 0.000725472 -0.00395109 -0.00271163 -0.0186914 0.0098866 0.0104664 0.00479233 -0.00739984 -0.0017887 -0.00499339 -0.00402244 -0.0127481 0.00984044 -0.0114455 -0.0117921 -0.0168036 0.00934039 0.011326 0.00603279 -0.00771652 0.00221732 -0.00101615 0.00345605 0.00604449 0.0064379 -0.00340077 0.00120946 0.00676646 0.00853483 0.00823408 -0.00304514 0.0111534 -0.000178592 0.000608875 -0.00338682 -0.0192494
internal_weight=119669 71074 48595 39624 38549 36702 8971 34372 34178 33696 15618 11790 16042 15855 20660 18078 17405 8543 8862 20391 18564 15944 7974 9412 5161 17261 14168 12555 11991 7115 18158 8456 17313 7573 9740 5424 4735 6318 845 7970 5457 4590 11590 10903 687 3828 2129 4675 2949 6981 6443 5913 4279 4812 4699 2909 3314 2702 2215 1421 4316 6955 2513 1019 4664 2206 3041 731 1613 6224 503 5962 4875 3913 2620 2096 2035 6091 5198 4798 3562 1634 1656 314 2979 3093 2946 2233 1621 2037 285 1763 4162 1501 4251 3951 1300 3468 3510 1180 893 5721 1075 3130 1236 612 3380 1907 518 2169 4267 1181 3086 1684 1139 1350 689 1473 1151 1885 3040 2824 6414 5149 1265 1465
internal_count=119669 71074 48595 39624 38549 36702 8971 34372 34178 33696 15618 11790 16042 15855 20660 18078 17405 8543 8862 20391 18564 15944 7974 9412 5161 17261 14168 12555 11991 7115 18158 8456 17313 7573 9740 5424 4735 6318 845 7970 5457 4590 11590 10903 687 3828 2129 4675 2949 6981 6443 5913 4279 4812 4699 2909 3314 2702 2215 1421 4316 6955 2513 1019 4664 2206 3041 731 1613 6224 503 5962 4875 3913 2620 2096 2035 6091 5198 4798 3562 1634 1656 314 2979 3093 2946 2233 1621 2037 285 1763 4162 1501 4251 3951 1300 3468 3510 1180 893 5721 1075 3130 1236 612 3380 1907 518 2169 4267 1181 3086 1684 1139 1350 689 1473 1151 1885 3040 2824 6414 5149 1265 1465
is_linear=0
shrinkage=0.04


Tree=29
num_leaves=127
num_cat=0
split_feature=9 9 9 17 17 9 0 0 1 1 9 1 1 0 1 1 1 0 1 1 1 1 1 1 4 1 1 0 1 1 17 1 0 0 1 0 1 1 0 1 1 1 1 1 0 1 1 0 1 1 1 0 1 17 0 1 1 1 1 1 1 1 0 1 1 1 1 1 13 4 0 17 1 1 14 1 1 1 1 0 1 1 1 1 1 0 1 0 1 1 1 14 0 0 0 1 1 1 0 13 4 4 1 1 0 1 1 1 10 1 1 1 10 0 0 0 11 0 14 9 1 0 1 9 1 1
split_gain=1883.43 355.149 221.857 109.539 105.129 101.976 67.9427 56.233 67.7958 127.857 48.1353 48.066 42.2803 52.1385 54.8122 41.1805 40.3946 39.8869 38.5058 76.668 67.5346 38.1431 35.8569 35.5131 28.3344 27.7303 32.4855 34.2856 31.3689 26.94 28.0298 26.6034 29.5466 68.3978 24.3176 43.2558 31.7491 23.6073 22.7567 22.0691 26.81 21.5744 35.0397 21.5503 21.4997 19.7103 18.097 27.343 17.6101 17.509 35.3213 17.0327 16.9824 16.6996 16.4094 17.7811 15.6905 35.9684 27.4527 25.957 16.885 15.952 14.8474 23.5468 16.7617 15.5867 21.3011 14.892 14.5278 14.4354 13.6093 12.9512 14.0334 12.94 12.7542 12.6985 14.015 12.6814 12.312 14.9899 12.2789 13.9923 12.2751 12.2033 12.1294 11.9257 11.8728 16.4075 11.4098 28.4914 23.9706 11.1301 15.1689 10.9789 26.2132 24.5824 20.3595 17.0629 15.6045 13.714 10.9493 11.097 10.5853 17.7086 10.5454 18.5099 11.2029 10.3849 10.3466 10.3936 18.6209 16.053 10.337 10.2319 21.977 10.1135 9.90711 9.75429 9.40709 9.30036 9.05576 9.02749 8.95963 8.93459 8.92653 22.4592
threshold=8.5000000000000018 13.500000000000002 4.5000000000000009 1.0000000180025095e-35 1.0000000180025095e-35 10.500000000000002 15.500000000000002 16.500000000000004 65.500000000000014 205.50000000000003 16.500000000000004 47.500000000000007 75.500000000000014 7.5000000000000009 77.500000000000014 165.50000000000003 15.500000000000002 25.500000000000004 143.50000000000003 167.50000000000003 77.500000000000014 143.50000000000003 78.500000000000014 19.500000000000004 14.500000000000002 27.500000000000004 71.500000000000014 14.500000000000002 230.50000000000003 265.50000000000006 1.0000000180025095e-35 192.50000000000003 27.500000000000004 26.500000000000004 142.50000000000003 16.500000000000004 167.50000000000003 49.500000000000007 7.5000000000000009 194.50000000000003 256.50000000000006 266.50000000000006 234.50000000000003 218.50000000000003 16.500000000000004 219.50000000000003 114.50000000000001 27.500000000000004 129.50000000000003 195.50000000000003 218.50000000000003 8.5000000000000018 16.500000000000004 1.0000000180025095e-35 15.500000000000002 248.50000000000003 83.500000000000014 206.50000000000003 212.50000000000003 38.500000000000007 16.500000000000004 165.50000000000003 27.500000000000004 225.50000000000003 129.50000000000003 197.50000000000003 178.50000000000003 176.50000000000003 0.97835000000000016 13.500000000000002 25.500000000000004 1.0000000180025095e-35 75.500000000000014 176.50000000000003 0.8559500000000001 60.500000000000007 145.50000000000003 88.500000000000014 194.50000000000003 24.500000000000004 266.50000000000006 203.50000000000003 234.50000000000003 116.50000000000001 16.500000000000004 28.500000000000004 29.500000000000004 14.500000000000002 77.500000000000014 118.50000000000001 43.500000000000007 0.79955000000000009 25.500000000000004 27.500000000000004 26.500000000000004 176.50000000000003 89.500000000000014 217.50000000000003 25.500000000000004 0.84025000000000005 13.500000000000002 15.500000000000002 224.50000000000003 212.50000000000003 15.500000000000002 248.50000000000003 266.50000000000006 261.50000000000006 65000.500000000007 47.500000000000007 43.500000000000007 71.500000000000014 206337.00000000003 26.500000000000004 27.500000000000004 6.5000000000000009 10804.835000000001 14.500000000000002 0.82735000000000014 7.5000000000000009 235.50000000000003 14.500000000000002 248.50000000000003 15.500000000000002 177.50000000000003 169.50000000000003
decision_type=2 2 2 2 2 2 2 2 2 2 2 2 2 2 2 2 2 2 2 2 2 2 2 2 2 2 2 2 2 2 2 2 2 2 2 2 2 2 2 2 2 2 2 2 2 2 2 2 2 2 2 2 2 2 2 2 2 2 2 2 2 2 2 2 2 2 2 2 2 2 2 2 2 2 2 2 2 2 2 2 2 2 2 2 2 2 2 2 2 2 2 2 2 2 2 2 2 2 2 2 2 2 2 2 2 2 2 2 2 2 2 2 2 2 2 2 2 2 2 2 2 2 2 2 2 2
left_child=2 3 6 5 10 25 29 8 37 15 24 84 -13 -14 -15 71 -9 21 20 -20 108 23 -16 -8 38 -2 27 51 34 30 56 32 33 124 35 -28 -36 52 -3 -21 49 42 102 78 -38 73 -22 70 -37 -41 -51 -27 -4 88 80 118 59 61 121 60 -1 83 63 65 -64 66 75 -66 -60 -40 -48 72 117 -46 -35 -19 -77 -74 79 -23 81 -33 -30 -58 -7 -34 87 -54 90 -90 -25 116 -93 94 97 96 -95 -71 -99 123 -82 -102 103 -11 106 -106 -84 -45 109 110 -18 -111 -29 122 -115 -26 -12 -10 -56 -39 -116 -59 -52 -96 125 -24
right_child=1 4 7 -5 -6 11 17 16 9 41 91 12 13 14 22 -17 18 62 19 39 46 43 31 53 115 26 28 112 82 -31 -32 54 85 74 36 48 44 119 69 40 -42 -43 -44 107 45 -47 47 -49 -50 50 113 -53 86 -55 55 -57 57 58 68 -61 -62 -63 64 -65 67 -67 -68 -69 -70 93 -72 -73 77 -75 -76 76 -78 -79 -80 -81 100 -83 104 -85 -86 -87 -88 -89 89 -91 -92 92 -94 95 99 -97 -98 98 -100 -101 101 -103 -104 -105 105 -107 -108 -109 -110 111 -112 -113 -114 114 120 -117 -118 -119 -120 -121 -122 -123 -124 -125 -126 -127
leaf_value=0.018815020186531656 -0.0080269498927981985 -0.013644459127894887 0.017773015572181312 0.011272333274469078 0.003325440194752784 -0.012419367322932348 -0.0044979010195972755 -0.0098088826144068116 0.0027724702751465418 0.010284616274433346 -0.017023979019441454 -0.0010206981634400564 -0.013964064238372872 -0.016041795205478389 0.0070025333075516543 -0.0097171972071437834 0.0026424991210388812 0.0025307996408271837 -0.0077263053262410855 0.004752613671180672 0.010978348434416283 0.003104395396340331 -0.0057999284265123699 0.0079779417103736511 -0.03778185622513789 0.0016876335051552848 -0.0031082972594971836 -0.0013574146708999605 0.021931147291908343 0.01763483402142272 0.027107298059889314 0.0089604992492596548 0.0065620534691099332 -0.024701528929092071 -0.0091750069316539583 0.0056842867772260849 -0.014028062544408 0.013899807131639809 -0.015541863612968819 -0.0093788975243440462 0.011479374296731652 0.01513195575848513 0.003206267863952914 0.0033403004063174619 0.011691065051899657 -0.0064904292318920956 -0.0015518648563138421 0.029251664936452339 0.02755010847305556 0.015459473554616692 0.0013144383019064859 0.0077184376479891986 -0.0023578861556937817 0.044664845466613763 -0.0043786875185225765 -0.0095314672907643415 0.00087783028815091992 0.013094632442020733 0.0072025543467450891 0.013866775959728761 0.0022257368093785744 -0.0098608280783114219 0.0018117093845298026 -0.00082997786683325315 0.027232990285606617 0.014681651756047876 0.001885354220610338 0.012114172202822147 0.013819035469409928 -0.009535975118124514 0.0079060348516117613 0.028830437394252333 -0.015408561767922584 -3.0954244572494244e-05 -0.013196170045748403 0.014614173546496223 0.0081439920354502721 -0.0012105766865830752 -0.0090990393231155809 -0.0042076967710899093 -0.020329790220929251 -0.0033438983155650516 0.00056759499145227926 0.0073626325114675827 -0.0077630538403666285 -0.0029021078981754868 0.0071859974309059337 0.024449867697627949 0.013012786055936034 0.0044714585536651365 -0.0002165078421573832 -0.012533748054271328 0.015661002891447843 -0.0050585580877519909 -0.012341325071205111 -0.012636777825062171 0.0098666182131361829 -0.0061652993224401023 0.0066557861267084965 -0.030650854701350542 0.0067614724606451706 -0.018493090945830459 0.015777146411373694 0.0021854643097715112 0.0032515991438641281 -0.0076795523451566958 0.0082543214221572122 0.013552393144638044 -0.0014184164361556182 0.0063881277589288056 -0.0067025010689566013 -0.005796132535077464 -0.026627158424406671 -0.0057137466138008587 0.021650769603713708 -0.016069953231058878 0.0018237751915621387 -0.017894484453766814 0.00089517691431811853 0.0087829520633576959 0.003039250228746009 0.021365572815464071 -0.0065212084783948677 -0.038284496972055146 -0.0097178185721370301 0.010767820557340881
leaf_weight=118 987 1819 150 804 827 1471 444 522 2239 1983 2577 4067 1111 677 429 769 1280 455 1779 2313 1770 957 4081 1731 36 1852 3694 3765 47 674 141 166 287 373 2099 638 237 1282 469 339 312 486 2863 1812 169 798 545 66 65 226 2744 1261 554 19 1795 829 820 1202 3567 2148 587 131 234 527 115 511 921 1170 626 4715 439 25 104 1377 267 712 2196 3104 298 844 27 1339 739 1075 2312 825 668 39 1354 1164 851 138 39 398 298 364 231 1744 166 110 609 29 370 554 538 459 516 175 2015 1265 465 200 26 1273 49 878 45 37 773 1034 289 259 255 23 874 135
leaf_count=118 987 1819 150 804 827 1471 444 522 2239 1983 2577 4067 1111 677 429 769 1280 455 1779 2313 1770 957 4081 1731 36 1852 3694 3765 47 674 141 166 287 373 2099 638 237 1282 469 339 312 486 2863 1812 169 798 545 66 65 226 2744 1261 554 19 1795 829 820 1202 3567 2148 587 131 234 527 115 511 921 1170 626 4715 439 25 104 1377 267 712 2196 3104 298 844 27 1339 739 1075 2312 825 668 39 1354 1164 851 138 39 398 298 364 231 1744 166 110 609 29 370 554 538 459 516 175 2015 1265 465 200 26 1273 49 878 45 37 773 1034 289 259 255 23 874 135
internal_value=1.44332e-05 -0.00521009 0.00483437 -0.00334981 -0.01053 -0.00363157 0.00748934 0.00268615 0.00439447 0.00298556 -0.0113458 -0.00546211 -0.0046295 -0.0056327 -0.00494743 -0.00104676 0.00115505 0.00584937 0.00148007 -0.000233004 0.00352026 0.00419198 -0.00436195 0.0063475 -0.0101769 -0.00149592 -0.00114302 0.00102108 -0.00245674 0.009872 0.00938128 -0.00475521 -0.00642626 -0.00758425 -0.00351397 -0.00137675 -0.00552103 0.00913138 -0.00957894 0.00147561 9.34254e-05 0.00703266 0.00634952 0.00125622 -0.00254765 -0.00138462 0.00850889 0.00434164 0.00771534 -0.000592467 2.28089e-05 0.00413202 0.00504725 0.00728903 -0.00270065 -0.00443633 0.00914336 0.0082004 0.00983945 0.0116799 0.00501033 0.00362407 0.00818639 0.0071886 0.0116789 0.00807072 0.00728091 0.0134723 0.00819163 -0.00871014 0.00266398 0.000162969 3.10298e-05 0.00124852 -0.0199107 0.00875726 0.00972999 -0.00167257 -0.00156873 -0.000320082 1.46773e-05 -0.00198357 0.00171568 0.00455885 -0.00957498 -0.000455502 0.00352902 -0.000584244 0.00714813 0.0090663 0.00527568 -0.0160426 -0.00629342 -0.00831138 -0.00886615 -0.0043648 0.000417046 -0.00824296 -0.00504862 -0.0184319 0.00454267 0.00560455 0.00944361 0.00851775 0.00129105 -0.00177715 0.00373163 0.00424235 0.000826949 0.00223767 0.000149751 0.00472174 -0.00153248 -0.000733407 -0.00330487 -0.0169335 -0.0166989 0.00243397 -0.00278966 0.0116175 0.00575481 0.014565 0.000646657 -0.014224 -0.00603322 -0.00526822
internal_weight=119669 57424 62245 42547 14877 41743 27838 34407 16261 12534 14050 22476 18693 14626 13515 6278 18146 16490 17624 9579 8045 9649 12838 5563 11251 19267 18280 6904 11376 11348 10674 12409 6842 5730 9077 4397 4680 3727 10337 7800 5487 6256 5770 4086 2581 2344 2820 1050 703 5175 4836 3113 1411 5119 5567 3397 10533 7680 5654 2853 705 2026 6841 5322 1519 4795 4284 1285 4193 8518 984 5509 5484 1546 640 3363 2908 3208 2099 1801 2170 1505 2299 1895 3783 1112 1261 593 5100 2518 2582 2799 177 8049 7056 993 629 6625 1910 431 665 638 2907 2537 2252 997 1255 1987 5225 3210 1745 1465 3791 4610 1611 914 2622 2276 2568 2316 338 1461 2999 321 5090 4216
internal_count=119669 57424 62245 42547 14877 41743 27838 34407 16261 12534 14050 22476 18693 14626 13515 6278 18146 16490 17624 9579 8045 9649 12838 5563 11251 19267 18280 6904 11376 11348 10674 12409 6842 5730 9077 4397 4680 3727 10337 7800 5487 6256 5770 4086 2581 2344 2820 1050 703 5175 4836 3113 1411 5119 5567 3397 10533 7680 5654 2853 705 2026 6841 5322 1519 4795 4284 1285 4193 8518 984 5509 5484 1546 640 3363 2908 3208 2099 1801 2170 1505 2299 1895 3783 1112 1261 593 5100 2518 2582 2799 177 8049 7056 993 629 6625 1910 431 665 638 2907 2537 2252 997 1255 1987 5225 3210 1745 1465 3791 4610 1611 914 2622 2276 2568 2316 338 1461 2999 321 5090 4216
is_linear=0
shrinkage=0.04


Tree=30
num_leaves=127
num_cat=0
split_feature=9 9 9 17 9 17 8 1 9 1 2 1 2 17 2 1 2 2 1 1 1 2 2 8 1 1 1 2 1 1 2 9 1 1 1 1 1 1 1 1 1 2 2 4 2 2 2 1 1 1 1 2 1 1 1 1 1 1 2 4 10 2 8 17 1 2 1 2 9 1 1 1 2 2 10 2 2 8 1 1 8 1 1 2 1 1 1 1 17 10 1 1 2 1 1 1 11 9 2 2 18 1 1 1 13 11 10 1 2 2 1 1 4 2 1 9 1 1 2 2 8 2 14 2 11 2
split_gain=1753.78 324.014 205.453 136.534 83.7447 69.6162 63.0166 52.1599 48.7105 46.5492 61.4396 46.6892 41.8323 40.931 38.437 38.2967 43.8253 36.4855 34.7866 57.4539 43.3183 33.9002 30.7002 29.5866 28.284 28.2531 40.5354 25.631 25.0602 24.4828 24.1824 23.506 22.9088 27.4568 22.4253 22.0351 21.3369 20.0808 23.8402 28.7913 24.2477 19.5847 32.1441 20.7525 18.7993 18.5912 25.3355 18.1568 18.1279 18.1098 17.7023 17.4483 17.396 16.3979 15.5207 15.3871 15.0542 29.017 14.7286 14.6529 14.4617 14.0883 21.9077 13.8994 13.6795 13.5308 14.0093 13.719 13.2648 13.0921 12.786 12.6006 12.5504 17.9615 12.0664 11.8392 11.7593 12.7842 17.7422 11.7384 11.6983 14.7881 11.3343 11.0025 10.9648 10.8389 11.8152 10.7878 10.5556 10.3525 10.2106 17.1931 13.7838 11.0621 10.0091 13.4275 9.8111 9.34358 9.19929 11.803 9.04226 8.98244 8.91521 9.29483 8.87747 8.76075 15.0283 12.3125 8.74033 16.2559 8.71384 9.09212 12.5558 8.42276 13.0046 8.4014 8.39514 8.32275 8.29902 8.25204 8.24916 9.03715 18.7805 13.3107 8.23146 8.17394
threshold=8.5000000000000018 12.500000000000002 4.5000000000000009 1.0000000180025095e-35 14.500000000000002 1.0000000180025095e-35 1.5000000000000002 16.500000000000004 7.5000000000000009 75.500000000000014 1595.5000000000002 47.500000000000007 412.50000000000006 1.0000000180025095e-35 970.50000000000011 169.50000000000003 1530.5000000000002 1518.5000000000002 116.50000000000001 47.500000000000007 235.50000000000003 128.50000000000003 1715.5000000000002 1.5000000000000002 217.50000000000003 62.500000000000007 111.50000000000001 1665.5000000000002 35.500000000000007 265.50000000000006 843.50000000000011 18.500000000000004 62.500000000000007 52.500000000000007 88.500000000000014 118.50000000000001 225.50000000000003 30.500000000000004 65.500000000000014 197.50000000000003 212.50000000000003 305.50000000000006 58.500000000000007 14.500000000000002 1771.5000000000002 305.50000000000006 195.50000000000003 194.50000000000003 218.50000000000003 266.50000000000006 12.500000000000002 293.50000000000006 107.50000000000001 107.50000000000001 115.50000000000001 51.500000000000007 71.500000000000014 47.500000000000007 518.50000000000011 13.500000000000002 105715.00000000001 1194.5000000000002 1.5000000000000002 1.0000000180025095e-35 116.50000000000001 1736.5000000000002 118.50000000000001 263.50000000000006 3.5000000000000004 266.50000000000006 22.500000000000004 62.500000000000007 1900.5000000000002 1839.5000000000002 16006.000000000002 736.50000000000011 971.50000000000011 1.5000000000000002 239.50000000000003 62.500000000000007 1.5000000000000002 87.500000000000014 192.50000000000003 274.50000000000006 137.50000000000003 12.500000000000002 15.500000000000002 15.500000000000002 1.0000000180025095e-35 39868.000000000007 205.50000000000003 143.50000000000003 1675.5000000000002 218.50000000000003 43.500000000000007 27.500000000000004 5503.9000000000005 11.500000000000002 1909.5000000000002 1922.5000000000002 1.0000000180025095e-35 261.50000000000006 52.500000000000007 43.500000000000007 0.58785000000000009 4591.2900000000009 100001.00000000001 253.50000000000003 293.50000000000006 214.50000000000003 272.50000000000006 266.50000000000006 13.500000000000002 1824.5000000000002 197.50000000000003 1.5000000000000002 35.500000000000007 43.500000000000007 1849.5000000000002 518.50000000000011 1.5000000000000002 434.50000000000006 0.75335000000000008 1771.5000000000002 6678.8450000000003 102.50000000000001
decision_type=2 2 2 2 2 2 2 2 2 2 2 2 2 2 2 2 2 2 2 2 2 2 2 2 2 2 2 2 2 2 2 2 2 2 2 2 2 2 2 2 2 2 2 2 2 2 2 2 2 2 2 2 2 2 2 2 2 2 2 2 2 2 2 2 2 2 2 2 2 2 2 2 2 2 2 2 2 2 2 2 2 2 2 2 2 2 2 2 2 2 2 2 2 2 2 2 2 2 2 2 2 2 2 2 2 2 2 2 2 2 2 2 2 2 2 2 2 2 2 2 2 2 2 2 2 2
left_child=2 5 6 4 24 7 13 -2 14 11 12 28 21 29 23 16 17 53 19 50 22 -11 90 63 45 -21 34 -12 70 68 101 41 33 55 -27 -29 113 85 102 47 -41 42 -6 64 -37 46 71 65 -26 56 -16 -23 -53 80 -55 -13 57 94 -42 -48 -56 62 -47 125 -43 67 -67 -40 108 88 -9 -3 73 116 -32 -70 77 78 -17 -59 81 -14 -78 -61 98 -8 -87 -52 -22 -33 91 -20 -93 -92 95 -10 -19 -72 -77 -100 -45 -25 103 -39 -58 -5 -107 -108 109 -1 111 -50 -113 114 -24 -69 -63 -89 -68 -79 -106 122 -122 -123 -91 -4
right_child=1 3 8 105 31 -7 37 9 49 10 27 32 15 -15 18 76 -18 96 20 25 69 51 36 30 48 26 -28 35 -30 -31 74 89 -34 -35 -36 44 -38 38 39 40 58 43 -44 100 -46 61 59 -49 110 -51 87 52 -54 54 60 -57 104 79 -60 83 -62 72 -64 -65 -66 66 118 115 75 -71 97 -73 -74 -75 -76 84 82 119 -80 -81 -82 -83 -84 -85 -86 86 -88 117 -90 124 93 92 -94 -95 -96 -97 -98 -99 99 -101 -102 -103 -104 -105 120 106 107 -109 -110 -111 -112 112 -114 -115 -116 -117 -118 -119 -120 -121 121 123 -124 -125 -126 -127
leaf_value=0.011020983252014137 -0.010162579940257823 -0.0050559638392699037 0.0019032203034218156 -0.0046188682500399566 -0.023373838445003382 0.014123840366389534 0.01716493217137972 -0.0057527676098978143 -0.0072167365165476116 -0.0031632918197048695 0.0061393989861275736 0.0012356340557257677 0.039214777693843211 0.028277712135696201 0.016674674230497896 0.014056146598422548 0.0049400373196537822 -0.01350252400911436 0.0021045632467292536 0.01309925316474682 0.0040064469351837398 0.011260894705580275 0.0053521734323540892 0.0020647341708739013 0.010444556183267768 0.0056838993085578347 0.011638295811251632 0.0066223345844270282 -0.0077268456134395782 0.017772422264574324 -0.015506961196111137 0.0060808227278069402 -0.00076630283132814972 0.0076563174259746047 -0.0014192833377357614 -0.0059225498612439044 -0.0039234355838975469 0.0096639726943679293 0.025946746169777581 0.012346179454557921 0.013846735581095917 -0.013723046155281665 -0.0020252711975635974 -0.0036163801010581911 0.001698882051736769 0.0029245474006254629 -0.031110332078038001 -0.0088970689526756633 -0.0053075444257533909 0.011085265481707959 -0.0090999616955083022 -0.028512200566467093 0.0024375030061498412 -0.0042130022308742646 -0.0077328888885934291 -0.020941281174027052 -0.0083351053854848773 0.007165446916105862 0.0053075494763922494 0.011121896702474557 -0.019663769789565962 -0.011921758909160748 -0.011295098770178624 0.02332128091880584 -0.0097763973520653309 0.013917350189900368 0.0073613910912145577 0.0084366708785074632 0.0023297318772609703 0.01527424383838823 0.0010416475678909772 -0.013737787772211803 -0.018049505318283407 0.0039905270754513299 0.011667193076951216 0.012516059456150313 -0.010231808877915196 -0.011782060369781074 -0.00044854821645908357 0.0017050447550578007 -0.012125821468153232 -0.0045737258743511408 -0.003790452652891851 -0.0026406140132015786 0.0065038910811349559 -0.0064797183204476543 0.002309270888903237 0.00053339531134872543 0.024456344723991524 -0.019281795934164056 0.014487104625196676 -0.0071770510717690536 0.0015888864124451827 -0.00099951843304733456 -0.0077918946339400044 0.0023573089605708536 -0.023427052794188486 -0.017826831445893112 -0.0051704504568938449 0.017927232237100143 -0.022001867557103452 0.0127787049626681 0.013495183943054741 0.0022033248964160269 0.0012479027295790137 0.011314596726637679 0.0046428307553412554 -0.0090775472437997617 0.0095140377925967533 0.034972394161562219 -0.025085981187503503 -0.016504181190174626 0.0045301517277230282 0.0019702003174166633 0.017753848057448098 0.0019219646637761206 -0.0067046952269262782 -0.007742672958294416 -0.00065557263292413074 -0.00211327580280911 0.031801700162734245 -0.0042924126712450082 0.00025164699217865299 0.0035644309014484887 -0.01239567210632558 0.0090142069949636795
leaf_weight=172 1459 1036 286 150 136 395 64 747 332 1858 1094 2425 14.999999999999998 180 81 185 428 547 537 937 2650 501 808 3455 133 1827 1195 478 1727 496 27 30 4722 1486 1163 1292 578 1247 40 1191 350 2673 664 48 863 180 18 189 2394 244 317 32 306 2819 2062 51 267 1329 4325 235 177 605 4381 103 2993 367 614 344 727 187 1614 362 170 226 669 1024 521 153 496 1202 1259 67 2749 153 2750 315 1095 1120 41 1108 78 1906 337 1338 405 796 228 43 110 52 444 130 700 342 1945 442 475 134 6968 62 33 53 312 845 163 4057 2750 235 310 1865 31 2375 1040 403 377 2862
leaf_count=172 1459 1036 286 150 136 395 64 747 332 1858 1094 2425 15 180 81 185 428 547 537 937 2650 501 808 3455 133 1827 1195 478 1727 496 27 30 4722 1486 1163 1292 578 1247 40 1191 350 2673 664 48 863 180 18 189 2394 244 317 32 306 2819 2062 51 267 1329 4325 235 177 605 4381 103 2993 367 614 344 727 187 1614 362 170 226 669 1024 521 153 496 1202 1259 67 2749 153 2750 315 1095 1120 41 1108 78 1906 337 1338 405 796 228 43 110 52 444 130 700 342 1945 442 475 134 6968 62 33 53 312 845 163 4057 2750 235 310 1865 31 2375 1040 403 377 2862
internal_value=4.37369e-05 -0.00500242 0.00468876 -0.00871569 -0.00944846 -0.00256902 0.00722431 -0.00276159 0.00260867 -0.00243233 -0.00363854 -0.000549977 -0.00469987 0.00933441 0.00360289 -0.00560411 -0.00748738 -0.00822941 0.00251288 0.00467868 0.000939772 -0.000148308 -0.000847725 0.00596741 -0.007436 0.00681801 0.00541043 0.000993006 -0.00405072 0.009058 0.00378096 -0.0125453 0.0011149 0.00335794 0.00291973 -0.00114393 0.00276581 0.00552222 0.00598743 0.00526118 0.00724791 -0.01156 -0.00566199 -0.0123255 -0.00286865 -0.00843805 -0.00475226 0.00329214 -0.00396892 0.000319053 -0.00156986 0.00652331 -0.000488382 -0.00723534 -0.00619073 0.000776397 5.90988e-05 0.00194304 0.00594798 0.00403689 -0.00867869 -0.00923745 -0.010733 0.00884516 -0.0116392 0.0036949 0.00730106 0.00264554 0.00869323 0.00503403 -0.00140797 -0.00730773 -0.00741766 -0.00691133 0.0106052 0.00702767 -0.00320487 -0.00124858 0.0034874 0.00457399 -0.0111717 0.00342565 -0.00481824 0.00568534 0.00789431 0.00107686 0.000342616 -0.00245706 0.0043204 -0.0170666 -0.00291037 -0.00431862 -0.00585822 -0.000142654 -0.0023981 -0.000457428 -0.0164301 0.000548541 0.0111141 0.00222543 -0.0202174 0.00245471 0.00972508 0.00806098 -0.00120347 0.00440713 0.00569945 0.00161634 0.00977094 0.0173964 -0.0046573 -0.00441061 0.00146121 0.00489718 0.00743975 0.00243227 -0.007647 -0.000899451 0.00466761 -0.00284887 -0.000873996 -0.00194729 0.00117148 -0.00315111 -0.0175372 0.00836952
internal_weight=119714 57379 62335 22715 21514 34664 28091 34269 34244 32810 19995 12815 16268 12541 23875 13571 7602 7174 16343 6875 9468 2697 6590 7532 13041 5122 4185 3727 4131 12361 4281 8473 8684 3962 2990 2633 2394 15550 14076 11787 5866 6958 800 6158 2155 10116 1804 5921 2925 10369 1753 839 338 6399 5058 2476 10125 4064 4675 406 2239 8312 4561 3251 5666 5732 1291 4441 11865 2878 2404 1398 3751 3581 696 4663 5969 2699 681 2531 1341 82 3270 388 3936 1474 1410 1672 2691 1515 4196 2780 2243 1416 1533 1128 775 1657 1186 162 492 3585 2289 1589 6061 1201 1051 609 7202 234 2792 2759 365 1816 971 4401 3355 1355 924 2018 5794 3849 1071 2778 1485 3148
internal_count=119714 57379 62335 22715 21514 34664 28091 34269 34244 32810 19995 12815 16268 12541 23875 13571 7602 7174 16343 6875 9468 2697 6590 7532 13041 5122 4185 3727 4131 12361 4281 8473 8684 3962 2990 2633 2394 15550 14076 11787 5866 6958 800 6158 2155 10116 1804 5921 2925 10369 1753 839 338 6399 5058 2476 10125 4064 4675 406 2239 8312 4561 3251 5666 5732 1291 4441 11865 2878 2404 1398 3751 3581 696 4663 5969 2699 681 2531 1341 82 3270 388 3936 1474 1410 1672 2691 1515 4196 2780 2243 1416 1533 1128 775 1657 1186 162 492 3585 2289 1589 6061 1201 1051 609 7202 234 2792 2759 365 1816 971 4401 3355 1355 924 2018 5794 3849 1071 2778 1485 3148
is_linear=0
shrinkage=0.04


Tree=31
num_leaves=127
num_cat=0
split_feature=13 8 13 7 7 11 13 10 7 11 10 11 1 1 8 8 8 11 1 10 1 14 1 1 1 10 10 1 1 1 1 1 17 10 13 1 1 1 1 7 13 7 17 1 1 10 1 1 1 1 1 1 17 4 1 10 1 1 12 1 7 11 1 1 1 1 13 10 11 1 11 10 6 14 1 1 17 1 4 17 1 10 13 13 1 1 1 1 1 1 1 1 1 14 1 10 1 1 11 1 4 1 1 1 13 1 10 1 11 1 1 11 11 1 10 1 4 1 13 11 1 1 6 13 4 1
split_gain=1348.96 230.501 153.522 112.446 105.451 95.456 87.834 60.0656 53.9197 45.609 43.4012 33.4682 32.4646 43.8161 31.9148 30.0791 30.069 28.6662 21.4158 21.0123 20.3422 20.1238 19.5468 29.2341 21.3318 19.4577 19.3836 18.7884 18.6106 22.9031 29.2979 24.1972 17.7535 17.6094 17.2293 17.1665 17.0795 34.3609 31.099 21.4651 16.1722 15.6548 15.427 14.1061 13.9603 13.581 13.4372 18.2509 13.2243 24.0559 13.1656 13.2611 13.1463 12.7996 12.5788 12.2609 12.0947 11.8938 13.1932 11.3683 11.0437 10.6478 10.4828 10.382 10.2835 10.1194 9.89663 9.88238 16.3653 11.8935 11.5762 11.8265 9.924 9.54491 9.53765 16.3705 12.2673 9.48556 9.21741 9.05043 8.98651 8.93439 8.83454 8.821 8.8154 8.77902 37.0585 12.0286 11.343 11.869 8.76444 8.76147 8.70481 8.59359 8.35249 8.29781 8.01827 10.673 7.86468 7.77653 7.73909 7.6676 7.5735 7.55185 7.52039 7.51957 7.3974 7.2758 8.38384 7.38793 12.4574 9.69157 7.96895 11.7667 7.1998 7.15303 7.13862 7.01669 6.86667 7.71621 6.8547 11.7144 6.78866 8.92605 6.76073 9.2365
threshold=0.91275000000000006 1.5000000000000002 0.87455000000000016 1.5000000000000002 3.5000000000000004 8751.0000000000018 0.95125000000000015 84545.000000000015 3.5000000000000004 6638.4600000000009 117931.50000000001 7167.170000000001 75.500000000000014 15.500000000000002 1.5000000000000002 1.5000000000000002 1.5000000000000002 11841.415000000003 15.500000000000002 60481.500000000007 15.500000000000002 0.73840000000000006 167.50000000000003 142.50000000000003 77.500000000000014 113334.50000000001 100001.00000000001 30.500000000000004 271.50000000000006 206.50000000000003 75.500000000000014 38.500000000000007 1.0000000180025095e-35 62894.500000000007 0.92645000000000011 15.500000000000002 167.50000000000003 115.50000000000001 47.500000000000007 2.5000000000000004 0.94205000000000017 3.5000000000000004 1.0000000180025095e-35 14.500000000000002 178.50000000000003 27516.000000000004 65.500000000000014 206.50000000000003 84.500000000000014 219.50000000000003 233.50000000000003 235.50000000000003 1.0000000180025095e-35 28.500000000000004 38.500000000000007 180106.50000000003 78.500000000000014 208.50000000000003 1.5000000000000002 77.500000000000014 1.0000000180025095e-35 6376.0350000000008 78.500000000000014 89.500000000000014 212.50000000000003 194.50000000000003 0.88665000000000016 105715.00000000001 8202.5350000000017 245.50000000000003 4986.6900000000014 56132.000000000007 1.0000000180025095e-35 0.93475000000000008 43.500000000000007 19.500000000000004 1.0000000180025095e-35 245.50000000000003 28.500000000000004 1.0000000180025095e-35 8.5000000000000018 188610.00000000003 0.84850000000000014 0.86235000000000006 266.50000000000006 47.500000000000007 65.500000000000014 43.500000000000007 233.50000000000003 235.50000000000003 88.500000000000014 38.500000000000007 52.500000000000007 0.69500000000000017 245.50000000000003 39868.000000000007 47.500000000000007 75.500000000000014 9311.8100000000031 35.500000000000007 13.500000000000002 273.50000000000006 107.50000000000001 116.50000000000001 0.8912500000000001 248.50000000000003 36764.500000000007 266.50000000000006 22861.320000000003 171.50000000000003 127.50000000000001 21165.300000000003 15076.560000000003 71.500000000000014 115541.00000000001 159.50000000000003 14.500000000000002 225.50000000000003 0.90225000000000011 7299.5000000000009 167.50000000000003 130.50000000000003 1.0000000180025095e-35 0.50800000000000012 13.500000000000002 266.50000000000006
decision_type=2 2 2 2 2 2 2 2 2 2 2 2 2 2 2 2 2 2 2 2 2 2 2 2 2 2 2 2 2 2 2 2 2 2 2 2 2 2 2 2 2 2 2 2 2 2 2 2 2 2 2 2 2 2 2 2 2 2 2 2 2 2 2 2 2 2 2 2 2 2 2 2 2 2 2 2 2 2 2 2 2 2 2 2 2 2 2 2 2 2 2 2 2 2 2 2 2 2 2 2 2 2 2 2 2 2 2 2 2 2 2 2 2 2 2 2 2 2 2 2 2 2 2 2 2 2
left_child=1 3 5 53 15 7 14 9 84 20 33 26 13 -10 42 40 32 48 -16 -11 -3 122 23 24 -14 43 61 -17 29 30 31 -22 50 -7 90 -18 37 38 74 -40 79 -35 85 -13 -38 -31 92 65 54 55 -8 -52 120 67 -12 63 -26 -46 83 -32 -29 99 -61 -50 -49 -48 -25 70 69 -69 -1 -72 98 -62 75 76 -23 -66 -43 106 -74 -70 107 -59 118 87 -87 -6 -88 -90 -20 -77 95 -64 -36 -37 -45 -98 -73 116 -56 -86 -65 -58 -15 -47 -2 108 109 110 111 112 113 -19 -27 -39 -9 -60 119 -4 121 -42 123 -5 -99 -126
right_child=4 2 8 21 6 10 16 11 12 19 17 25 22 104 18 27 35 82 34 -21 28 36 -24 66 56 114 -28 60 -30 45 59 -33 -34 41 94 46 44 115 39 -41 52 78 -44 96 57 105 47 64 49 -51 51 -53 -54 -55 100 -57 103 58 117 62 73 -63 93 102 77 -67 -68 68 81 -71 71 72 80 -75 -76 91 -78 -79 -80 -81 -82 -83 -84 -85 101 86 88 -89 89 -91 -92 -93 -94 -95 -96 -97 97 124 -100 -101 -102 -103 -104 -105 -106 -107 -108 -109 -110 -111 -112 -113 -114 -115 -116 -117 -118 -119 -120 -121 -122 -123 -124 -125 125 -127
leaf_value=-0.00044634784466291441 -0.00940902659350344 -0.013012760438734046 -0.0034078563887175134 -0.014885793963822674 0.0041148431484734809 0.0052426064888832129 0.0074075605880614508 -0.01733672367212415 -0.0097867321394889354 0.0043559900846047222 -0.013460214195291432 -0.026167258187598987 -0.01214670285829321 -0.001286569327613365 -0.0089716449785274561 0.00011863232050160956 -0.0045226873032615782 -0.0019447752011029428 0.0018583733834461314 -0.003652235847427764 -0.0083554167150134261 -0.0063927940190364064 -0.0023884517538948894 -0.018171079116316543 0.0058657786538230516 -0.021324608688890519 -0.017006123365867862 0.0033717967722855426 -0.020667640782298057 0.0070360711304081214 -0.015652786833294394 -9.9396412187150956e-05 0.02495654641331493 0.0012576619572758807 0.0023257897511501022 0.0081370617469279146 0.0089558776534608715 -0.004901063823078141 -0.020478489474034346 0.0027068901830997255 0.015334041726798838 -0.0033041712143580134 0.027167774381855671 -0.010393423011753248 -0.0068387774129215354 -0.0019551140666848265 0.0030524039627716055 0.010975522057805649 -0.016928197882260531 -0.003934916779992974 0.046266674652942631 0.01163073116778003 0.035916171338235721 -0.015220470210370799 -0.02897670780586091 -0.028383488882812852 -0.0051237621350187735 -0.0087838605666134689 0.0089217212924625998 0.0058425900125322694 0.0077688598999415175 -0.0086024077214286558 -0.016684939579357291 0.0066887111566504651 0.0040763482298064617 -0.0079557539331662659 -0.0096125758997612949 -0.0005003860360306056 0.004089886652594809 -0.018786463721614386 0.017454117063945378 0.0031405210678168939 0.0040500031061809771 0.012253933896471662 -0.0062515868101477813 0.0018242681572200445 0.01100840211934948 0.0093933633657935153 -0.025591881045471391 0.019843136772276865 0.015106374196194695 0.013238823192760563 0.00024512168296534492 0.00029053622835712996 0.01100058468971267 0.011717025141268779 0.0030067018954483726 -0.0053303187976747489 0.023822195638468963 0.0064795527626460708 -0.0019217929783788982 0.019344060309307153 0.013934572724574587 -0.0084434515505526948 0.0068829622177325337 -0.00050747345077706686 -0.0012215069262129722 -0.01827470679631394 0.0084029177797117563 -0.012436869195900091 1.3494720724385847e-05 -0.0073396913739111535 -0.010101388081582587 -0.00040935965755530798 0.0017573550196696049 -0.0071474498802061529 0.0082589995577180934 0.0049461885085674865 0.002627523355566624 -0.0084164186190735686 0.0067600543803411498 -0.022855710801045603 6.6362227683147942e-05 -0.01292399281245173 -0.01131623683864115 -0.010571448356765436 -0.038164358083104102 0.0022624805240405543 0.0042009945128182987 0.0014667083622187656 0.01255488254999167 0.031367429302406095 0.0060614389834225436 -0.0052988355076701342 -0.0071274859551877321 0.0019330664944682907
leaf_weight=292 39 871 642 178 615 707 7495 126 762 780 155 59 489 2251 312 506 297 334 1604 1597 1007 839 3491 275 221 128 1273 627 149 204 394 1305 100 1845 7186 1291 367 1964 65 3342 506 2552 48 689 302 1259 3955 699 395 928 18 1008 45 48 14.999999999999998 69 2016 207 413 79 2508 1429 213 44 1977 138 1041 237 2025 75 194 928 169 1097 1140 671 70 740 30 107 396 187 1031 990 263 1088 5394 332 68 911 2526 49 355 4560 708 205 694 80 897 1347 596 42 1391 747 3067 694 1084 132 225 830 163 47 408 295 1243 437 34 660 1081 2718 1486 86 72 1257 2376 194
leaf_count=292 39 871 642 178 615 707 7495 126 762 780 155 59 489 2251 312 506 297 334 1604 1597 1007 839 3491 275 221 128 1273 627 149 204 394 1305 100 1845 7186 1291 367 1964 65 3342 506 2552 48 689 302 1259 3955 699 395 928 18 1008 45 48 15 69 2016 207 413 79 2508 1429 213 44 1977 138 1041 237 2025 75 194 928 169 1097 1140 671 70 740 30 107 396 187 1031 990 263 1088 5394 332 68 911 2526 49 355 4560 708 205 694 80 897 1347 596 42 1391 747 3067 694 1084 132 225 830 163 47 408 295 1243 437 34 660 1081 2718 1486 86 72 1257 2376 194
internal_value=4.20075e-05 -0.00338131 -0.00469892 0.000476388 0.00530855 -0.0062741 0.0044476 -0.00780286 -0.00181513 -0.0060381 -0.00341685 -0.0101948 -0.00303685 -0.000816546 0.00266903 0.00946536 0.00647055 -0.00545235 0.00137106 -0.00102262 -0.00714826 -0.00154198 -0.0046667 -0.00632653 -0.00440064 -0.00812717 -0.0128772 0.00741127 -0.00662988 -0.00641396 -0.00745182 -0.00369727 0.00818839 -0.0006177 0.00163984 0.00493651 -0.000972728 -0.00187468 -0.000295386 0.00226279 0.0123664 -0.0015546 0.00456205 -0.00674291 0.00165808 -0.00277533 0.00523713 0.00448339 -0.00795633 -0.00922029 0.00799084 0.0122467 0.014484 0.0053018 -0.00328571 -0.0118007 -0.00312956 0.000614888 0.00160854 -0.00910565 0.00828225 -0.0110851 -0.00857286 -0.0111717 0.00664277 0.00268009 -0.0114053 0.00548524 0.00365513 -0.00491351 0.00708979 0.00794292 0.00716851 0.00913508 -0.0034444 -0.00147716 -0.0050473 0.00552625 -0.00356566 0.00870733 0.0118076 0.0048657 -0.00285457 -0.00127598 0.00188058 0.0044322 0.00489278 0.000799114 0.00372696 0.00769054 -0.000452683 0.00302466 0.00829228 -0.00881242 0.0027351 0.00694985 -0.00645711 -0.00564459 0.00572954 -0.0134359 -0.000696292 0.00846035 -0.00958335 -0.00385069 0.000468172 -0.00380253 0.00764107 -0.00416914 -0.00469375 -0.00548888 -0.00353659 -0.00508905 -0.00427783 -0.0071016 -0.012255 -0.00593518 -0.0218087 0.00482996 0.00142761 0.000534054 0.0140162 0.0176749 -0.00588899 -0.00649176 -0.00680133 -0.00644193
internal_weight=119714 72553 54082 18471 47161 34976 39070 22784 19106 13112 12192 9672 14360 6080 20792 8091 18278 7058 12336 2377 10735 13023 8280 4789 3473 5463 4209 4738 9864 9715 7558 2312 8621 5134 12024 9657 11516 8577 6176 3407 3353 4427 8456 4092 2939 2157 9360 7509 3593 2827 8521 1026 2123 5448 766 1899 2984 2572 2270 5246 4232 2936 4852 1830 3416 4093 1316 5400 2524 312 2876 2584 2390 3605 2769 1629 909 2717 2582 1230 565 2212 3465 1197 4746 8408 7461 947 6373 979 4130 720 1851 4773 7894 1496 4033 3344 1825 1507 611 305 1435 2763 5318 1953 1123 2434 2302 2077 1247 1084 1037 629 1371 2401 160 1073 4441 3360 2078 592 1507 1435 2650 2570
internal_count=119714 72553 54082 18471 47161 34976 39070 22784 19106 13112 12192 9672 14360 6080 20792 8091 18278 7058 12336 2377 10735 13023 8280 4789 3473 5463 4209 4738 9864 9715 7558 2312 8621 5134 12024 9657 11516 8577 6176 3407 3353 4427 8456 4092 2939 2157 9360 7509 3593 2827 8521 1026 2123 5448 766 1899 2984 2572 2270 5246 4232 2936 4852 1830 3416 4093 1316 5400 2524 312 2876 2584 2390 3605 2769 1629 909 2717 2582 1230 565 2212 3465 1197 4746 8408 7461 947 6373 979 4130 720 1851 4773 7894 1496 4033 3344 1825 1507 611 305 1435 2763 5318 1953 1123 2434 2302 2077 1247 1084 1037 629 1371 2401 160 1073 4441 3360 2078 592 1507 1435 2650 2570
is_linear=0
shrinkage=0.04


Tree=32
num_leaves=127
num_cat=0
split_feature=9 9 9 17 8 9 17 8 0 17 1 0 0 1 1 1 1 1 1 0 1 1 1 1 1 1 1 0 1 0 1 1 1 1 1 1 1 0 0 0 1 0 1 0 0 10 1 1 1 1 0 9 1 1 1 1 1 1 1 18 1 1 0 13 1 1 1 1 1 1 1 0 1 1 1 1 1 17 10 4 1 0 0 1 1 0 1 1 10 1 4 0 0 4 13 1 1 1 1 9 10 1 1 1 1 11 1 0 1 1 0 0 1 1 1 1 13 1 0 0 1 0 11 10 0 14
split_gain=1496.16 263.72 210.424 107.607 83.0533 71.9853 51.9667 49.3222 38.7422 36.6928 35.9955 34.0427 38.8128 47.6873 58.916 33.2796 32.6943 35.0797 38.2236 30.7919 52.035 27.1114 26.5086 28.1215 55.56 43.3727 25.1711 24.7785 24.5228 46.4192 37.5837 39.0876 23.6417 19.7828 19.3944 38.3163 22.0645 25.0193 32.767 18.8308 19.6881 18.1613 17.9089 22.6693 56.7978 21.9157 17.8012 17.7194 17.0521 17.0037 16.3131 16.2389 15.6612 15.6537 15.4704 14.6151 20.839 23.2305 14.5784 14.479 13.6143 13.5813 13.3506 13.2742 13.1908 13.1853 19.3482 12.7559 25.4039 20.3084 33.9309 15.0679 12.7314 12.1692 16.2383 12.1073 11.8761 11.5455 12.1049 11.331 12.3097 12.2134 11.3081 11.1019 10.9762 23.1321 19.5369 10.7835 10.3017 10.245 10.191 10.0655 10.0599 12.8797 10.0374 10.0187 9.72677 9.67689 19.2444 10.389 9.67686 9.4769 14.4427 9.29981 9.9557 9.26875 9.1932 10.9254 9.17439 9.05861 8.9957 8.67617 11.6521 8.64921 21.3156 8.50067 9.38506 8.37977 8.29321 9.32117 8.23794 7.89901 7.88404 7.79758 7.73568 7.65983
threshold=9.5000000000000018 6.5000000000000009 14.500000000000002 1.0000000180025095e-35 1.5000000000000002 11.500000000000002 1.0000000180025095e-35 1.5000000000000002 15.500000000000002 1.0000000180025095e-35 30.500000000000004 6.5000000000000009 15.500000000000002 66.500000000000014 205.50000000000003 38.500000000000007 62.500000000000007 197.50000000000003 212.50000000000003 25.500000000000004 137.50000000000003 186.50000000000003 27.500000000000004 143.50000000000003 167.50000000000003 77.500000000000014 75.500000000000014 27.500000000000004 75.500000000000014 7.5000000000000009 77.500000000000014 78.500000000000014 266.50000000000006 234.50000000000003 75.500000000000014 47.500000000000007 169.50000000000003 27.500000000000004 26.500000000000004 10.500000000000002 74.500000000000014 26.500000000000004 217.50000000000003 27.500000000000004 26.500000000000004 180106.50000000003 208.50000000000003 266.50000000000006 77.500000000000014 218.50000000000003 15.500000000000002 18.500000000000004 266.50000000000006 49.500000000000007 265.50000000000006 225.50000000000003 230.50000000000003 232.50000000000003 239.50000000000003 1.0000000180025095e-35 116.50000000000001 176.50000000000003 19.500000000000004 0.97015000000000007 49.500000000000007 62.500000000000007 53.500000000000007 143.50000000000003 145.50000000000003 110.50000000000001 116.50000000000001 25.500000000000004 191.50000000000003 12.500000000000002 14.500000000000002 52.500000000000007 43.500000000000007 1.0000000180025095e-35 132828.00000000003 13.500000000000002 129.50000000000003 25.500000000000004 14.500000000000002 43.500000000000007 77.500000000000014 8.5000000000000018 87.500000000000014 47.500000000000007 84016.500000000015 271.50000000000006 14.500000000000002 14.500000000000002 12.500000000000002 15.500000000000002 0.9507500000000001 248.50000000000003 264.50000000000006 111.50000000000001 145.50000000000003 3.5000000000000004 60481.500000000007 16.500000000000004 38.500000000000007 94.500000000000014 141.50000000000003 3217.9150000000004 192.50000000000003 28.500000000000004 96.500000000000014 107.50000000000001 17.500000000000004 16.500000000000004 194.50000000000003 88.500000000000014 77.500000000000014 261.50000000000006 0.96765000000000012 71.500000000000014 7.5000000000000009 16.500000000000004 118.50000000000001 27.500000000000004 21791.115000000002 147040.50000000003 26.500000000000004 0.74065000000000014
decision_type=2 2 2 2 2 2 2 2 2 2 2 2 2 2 2 2 2 2 2 2 2 2 2 2 2 2 2 2 2 2 2 2 2 2 2 2 2 2 2 2 2 2 2 2 2 2 2 2 2 2 2 2 2 2 2 2 2 2 2 2 2 2 2 2 2 2 2 2 2 2 2 2 2 2 2 2 2 2 2 2 2 2 2 2 2 2 2 2 2 2 2 2 2 2 2 2 2 2 2 2 2 2 2 2 2 2 2 2 2 2 2 2 2 2 2 2 2 2 2 2 2 2 2 2 2 2
left_child=1 4 3 5 6 32 8 77 39 11 73 -3 13 64 26 118 75 21 -19 20 48 67 -14 25 -25 125 -15 51 83 59 -31 -32 34 -16 35 122 37 38 84 40 53 -34 43 44 109 -45 -41 -35 62 -44 -51 72 63 101 96 -26 -57 -58 88 -30 -42 -38 -10 -20 82 66 -37 69 -69 113 -71 -72 -9 -6 -75 76 -12 78 105 -27 120 -82 -13 -17 85 -36 -86 -78 -52 91 -85 -74 93 -79 -62 106 -48 -21 121 -100 -40 -1 -103 -28 -105 -4 107 -63 -5 -33 -94 -23 -113 114 117 116 -22 -18 -7 -120 -81 -99 -2 124 -53 -24
right_child=2 9 7 108 10 15 -8 27 19 -11 16 12 22 14 33 28 17 18 52 97 115 111 23 24 55 79 103 -29 29 30 31 42 41 47 36 65 61 -39 100 46 60 -43 49 45 -46 -47 54 -49 -50 50 58 123 -54 -55 -56 56 57 -59 -60 -61 94 95 -64 -65 -66 -67 -68 68 -70 70 71 -73 89 74 -76 -77 87 92 -80 80 81 -83 -84 90 86 -87 -88 -89 -90 -91 -92 -93 110 -95 -96 -97 -98 98 99 -101 -102 102 -104 104 -106 -107 -108 -109 -110 -111 -112 112 -114 -115 -116 -117 -118 -119 119 -121 -122 -123 -124 -125 -126 -127
leaf_value=0.016689659871062058 -0.0048260386098625003 -0.010784766682615922 0.0088220877153495896 0.0058646890491855664 0.016685803129525122 -0.016737432874190539 0.026976053689950628 -0.01342259168828956 0.0033184725876238882 0.019584518994823111 0.0090343128974627717 0.0013987185774798647 -0.0080625839012899471 0.0015104063687251916 0.012115225573543602 0.015432595352438044 0.0035690590462971396 0.010244749138825232 0.0032872555778592789 0.001322530685566323 -0.00052416741402199526 -0.014305158489662963 -0.0067789409466085032 -0.0082865220654498202 0.0019549379440341329 -0.0044143987539164075 -0.0092828123694730733 -0.0049831193260399002 -0.007622290344485189 -0.015602312975307859 0.0076787285771951356 -0.016187988934622442 0.0076320147501263329 0.0020685501748982783 0.037322684534338138 0.00025507342889722273 0.0099521941610641526 0.0092683889118443975 -0.011948754144721095 0.018786607685562933 0.00042417145169341074 -0.0058904288979811786 0.010355733389687658 -0.0034830690493698152 -0.021918464046589935 0.013189072867601723 0.0099706187185050164 0.010556507657519055 0.012289240022092829 -0.00056737232927180157 0.00047450169650168608 -0.017273716562914064 0.012943485866511244 0.01498216786560606 0.016721340577394897 -0.0063162910773891748 0.022101844951566946 -0.00023444919968138481 -0.0088328395884855956 -0.015427561048833598 0.0040279351274156352 -0.0082165117333160981 0.013059334956142912 0.0082830687616517722 0.0083315296431817447 -0.0011453474350895799 0.0081129315602961258 -0.0070305504461060488 0.002453739855894933 0.013416348167934449 0.00062097252842496645 0.010514881520610222 -0.015320519410449629 -0.008100655542496173 0.00066853684010531145 0.012124205967097595 -0.0041795080934148715 0.0012830323927060891 0.0065170235992346309 0.0082972339599136514 -0.0037486449064309058 0.025733995129491736 0.024616051766267865 -0.0020220372514158768 0.0053585499626916935 -0.013027596832996343 -0.0052657475186728654 0.0060871170729946498 -0.0057115279646646209 -0.022113518953687922 -0.013345818281352832 -0.0075937608540820409 0.030433204503688013 -0.016854715788570764 0.010241427575504034 -0.0068889501849616896 0.00021823904363354928 0.013385331266285121 0.0097761501359948638 0.0055291456489430417 -0.023423094874101977 -0.002232364625333634 0.0095504061478268662 -0.0014648102992583969 -0.0068467695984110108 -0.009641612761873742 -1.0405339925138818e-05 -0.00051123288769372487 0.013802943527822315 -0.0061689927155523473 0.0032267915731095998 0.0052492360938683922 -0.0079691590388199594 -0.00077919802130630128 0.010659127513915257 0.012947181417939459 0.0043363855096372316 -0.0035390439167622117 -0.0070586366486881285 -0.011664186358177253 -0.00089346783020388557 0.026760294622616469 -0.031352181513665131 -0.011435471948932971 -0.028311972047212721 0.0001553465176282468
leaf_weight=143 2902 417 46 666 66 262 221 3439 1015 163 1320 787 733 2894 607 56 663 2315 6202 297 2667 147 268 1725 2810 122 403 701 615 541 387 149 598 1754 14.999999999999998 1366 148 171 443 490 654 216 140 922 409 146 2499 508 1081 1643 725 919 326 818 548 1114 79 1276 1250 1009 809 590 290 988 2228 2445 793 518 3528 847 974 330 323 400 2169 1006 244 376 96 1176 28 109 35 2933 297 414 4015 495 1057 98 133 1683 31 75 863 660 176 600 1856 1845 162 256 473 2223 732 719 2261 590 361 5200 53 168 291 1090 503 92 834 442 1470 1362 179 81 18 333 116 5156
leaf_count=143 2902 417 46 666 66 262 221 3439 1015 163 1320 787 733 2894 607 56 663 2315 6202 297 2667 147 268 1725 2810 122 403 701 615 541 387 149 598 1754 15 1366 148 171 443 490 654 216 140 922 409 146 2499 508 1081 1643 725 919 326 818 548 1114 79 1276 1250 1009 809 590 290 988 2228 2445 793 518 3528 847 974 330 323 400 2169 1006 244 376 96 1176 28 109 35 2933 297 414 4015 495 1057 98 133 1683 31 75 863 660 176 600 1856 1845 162 256 473 2223 732 719 2261 590 361 5200 53 168 291 1090 503 92 834 442 1470 1362 179 81 18 333 116 5156
internal_value=4.03206e-05 0.00373375 -0.00537376 -0.00411662 0.00566762 -0.00445745 0.0076918 -0.0108913 0.00745965 0.000667628 0.00416272 0.000554723 0.000730394 0.00240309 0.000954686 -0.00608635 0.004683 0.00407404 0.0057494 0.005895 0.00399164 0.00234003 -0.000647234 -0.000259809 -0.00205443 0.00152557 -0.00122256 -0.0121591 -0.005403 -0.00610917 -0.00528626 -0.00482181 -0.00262092 0.00570052 -0.0029347 -0.00140758 -0.00411079 -0.0057797 -0.00626195 0.00961663 0.00771485 0.00403855 -0.00523779 -0.00655611 -0.00754899 -0.00119915 0.0116723 0.00397693 0.00857089 -0.00336793 -0.00377998 -0.0128863 0.00436413 0.0110028 0.0105889 -1.71115e-05 -0.00226313 0.0010664 -0.00551945 -0.0124749 0.00532386 -0.00194282 0.00548701 0.00397441 0.00673304 0.000864954 0.00314336 0.00289807 0.00123836 0.00428205 0.00718183 0.00312848 -0.0119201 -0.000258061 -0.000695554 0.00852236 0.00676009 -0.00397516 -0.00684276 0.00728183 0.00824114 0.0196808 0.00239503 -0.00219128 -0.00514177 -0.0112495 -0.00453294 0.00269181 -0.00319264 -0.00946174 -0.00251498 -0.0088406 0.000632731 -0.00172742 0.00723783 -0.00237331 0.00933049 0.00832619 0.00879992 0.00766025 -0.0150312 0.00726394 0.00540747 -0.00357906 -0.00279955 -0.00852514 -0.00150585 -0.00436763 0.00866003 -0.00644912 0.0133391 -0.00584345 -0.00312225 0.00196851 0.00383349 0.000949433 0.00063265 0.000722135 -0.00990904 -0.00927534 0.00708018 0.0149858 -0.00499199 -0.0167973 -0.0185173 -0.000186658
internal_weight=119714 71166 48548 39540 43640 38513 18608 9008 18387 27526 25032 27363 26946 12171 9121 20409 22397 19332 9831 10658 5979 9501 14775 14042 7004 7038 6252 7612 17315 14193 12569 12028 18104 2869 17290 7524 9766 5517 5346 7729 4016 814 11641 6826 5758 1068 3713 2262 2386 4815 4675 6911 7516 1690 3223 5279 2469 1355 3032 1624 2326 4249 1305 7190 3050 4604 2159 8895 4046 4849 2151 1304 5543 2635 2569 3065 2059 1396 861 1614 1492 137 822 3122 4741 429 4312 739 1782 2104 3066 2006 535 451 1672 4101 2675 4679 4382 3701 605 872 729 3358 2955 765 3441 1180 1027 5349 84 606 459 2698 1608 3593 3501 1105 3094 2832 1355 681 2920 1368 1035 5424
internal_count=119714 71166 48548 39540 43640 38513 18608 9008 18387 27526 25032 27363 26946 12171 9121 20409 22397 19332 9831 10658 5979 9501 14775 14042 7004 7038 6252 7612 17315 14193 12569 12028 18104 2869 17290 7524 9766 5517 5346 7729 4016 814 11641 6826 5758 1068 3713 2262 2386 4815 4675 6911 7516 1690 3223 5279 2469 1355 3032 1624 2326 4249 1305 7190 3050 4604 2159 8895 4046 4849 2151 1304 5543 2635 2569 3065 2059 1396 861 1614 1492 137 822 3122 4741 429 4312 739 1782 2104 3066 2006 535 451 1672 4101 2675 4679 4382 3701 605 872 729 3358 2955 765 3441 1180 1027 5349 84 606 459 2698 1608 3593 3501 1105 3094 2832 1355 681 2920 1368 1035 5424
is_linear=0
shrinkage=0.04


Tree=33
num_leaves=127
num_cat=0
split_feature=9 9 9 8 7 9 7 0 2 2 0 0 0 1 1 8 8 8 1 1 1 1 0 1 0 1 7 1 1 1 1 1 1 1 1 1 0 0 1 0 1 1 1 9 4 2 1 2 2 0 2 0 0 1 1 2 0 1 10 2 1 0 1 0 1 2 2 2 1 1 1 1 0 1 1 9 7 2 9 4 2 2 1 4 1 1 1 2 2 1 13 2 0 1 2 7 1 1 1 1 2 2 2 10 10 1 0 0 1 1 10 4 10 2 1 10 2 1 1 10 0 10 0 13 1 2
split_gain=1379.5 257.139 164.437 102.44 74.8133 62.7965 53.9928 50.3741 39.4591 36.1765 35.0821 40.9047 30.2908 31.7152 35.5033 30.0869 26.7092 24.1266 23.7563 36.0291 33.5361 28.159 31.6883 23.511 22.8346 21.6352 21.0811 19.7915 19.6254 18.7943 20.4264 18.5265 18.443 56.154 18.9921 19.1595 17.412 16.5298 15.8364 16.8667 15.0573 26.6772 17.4249 14.9651 14.8902 14.6913 14.5427 14.3884 13.79 13.5216 13.5155 15.5841 13.5054 14.7008 13.4238 26.3613 18.2998 18.0053 13.3854 13.1089 13.0932 17.6178 13.0495 12.9125 12.4872 15.6776 14.621 12.3385 12.3133 18.8837 11.8644 11.7296 11.536 11.5229 21.4654 11.4109 11.3681 11.3505 11.302 12.0562 11.285 11.2469 10.8559 10.7444 10.6644 20.1914 11.1617 15.3597 26.2636 11.2085 10.6151 10.4782 10.3972 10.3824 10.2167 10.151 10.0948 20.0639 9.9486 17.3574 10.4899 9.89911 9.65075 10.357 9.47698 9.44111 9.27509 9.26013 9.15387 9.12276 8.92704 8.79554 8.72938 8.72687 8.70484 8.595 8.57034 8.51468 13.2247 9.47361 9.13944 8.84742 8.4297 8.08208 8.00199 7.91803
threshold=8.5000000000000018 12.500000000000002 4.5000000000000009 1.5000000000000002 1.5000000000000002 14.500000000000002 1.5000000000000002 15.500000000000002 692.50000000000011 427.50000000000006 6.5000000000000009 16.500000000000004 25.500000000000004 137.50000000000003 77.500000000000014 1.5000000000000002 1.5000000000000002 1.5000000000000002 27.500000000000004 75.500000000000014 47.500000000000007 167.50000000000003 24.500000000000004 217.50000000000003 27.500000000000004 77.500000000000014 3.5000000000000004 15.500000000000002 28.500000000000004 19.500000000000004 43.500000000000007 78.500000000000014 143.50000000000003 150.50000000000003 194.50000000000003 256.50000000000006 7.5000000000000009 19.500000000000004 48.500000000000007 16.500000000000004 66.500000000000014 208.50000000000003 165.50000000000003 18.500000000000004 19.500000000000004 1567.5000000000002 62.500000000000007 183.50000000000003 1400.5000000000002 3.5000000000000004 44.500000000000007 7.5000000000000009 5.5000000000000009 248.50000000000003 87.500000000000014 415.50000000000006 27.500000000000004 188.50000000000003 168278.50000000003 293.50000000000006 266.50000000000006 17.500000000000004 261.50000000000006 23.500000000000004 181.50000000000003 1429.5000000000002 1598.5000000000002 518.50000000000011 208.50000000000003 75.500000000000014 195.50000000000003 191.50000000000003 15.500000000000002 236.50000000000003 225.50000000000003 6.5000000000000009 3.5000000000000004 111.50000000000001 14.500000000000002 15.500000000000002 913.50000000000011 1115.5000000000002 220.50000000000003 13.500000000000002 147.50000000000003 160.50000000000003 29.500000000000004 1463.5000000000002 1900.5000000000002 48.500000000000007 0.88595000000000013 1111.5000000000002 4.5000000000000009 254.50000000000003 1530.5000000000002 1.0000000180025095e-35 197.50000000000003 176.50000000000003 111.50000000000001 140.50000000000003 556.50000000000011 1926.5000000000002 1440.5000000000002 206337.00000000003 59420.500000000007 271.50000000000006 14.500000000000002 28.500000000000004 34.500000000000007 273.50000000000006 37049.000000000007 15.500000000000002 72709.500000000015 1665.5000000000002 159.50000000000003 49049.500000000007 850.50000000000011 116.50000000000001 71.500000000000014 206337.00000000003 26.500000000000004 138229.00000000003 14.500000000000002 0.90405000000000013 88.500000000000014 434.50000000000006
decision_type=2 2 2 2 2 2 2 2 2 2 2 2 2 2 2 2 2 2 2 2 2 2 2 2 2 2 2 2 2 2 2 2 2 2 2 2 2 2 2 2 2 2 2 2 2 2 2 2 2 2 2 2 2 2 2 2 2 2 2 2 2 2 2 2 2 2 2 2 2 2 2 2 2 2 2 2 2 2 2 2 2 2 2 2 2 2 2 2 2 2 2 2 2 2 2 2 2 2 2 2 2 2 2 2 2 2 2 2 2 2 2 2 2 2 2 2 2 2 2 2 2 2 2 2 2 2
left_child=2 4 7 8 16 23 38 15 44 50 -8 17 13 14 29 49 36 40 -11 20 28 22 25 84 43 115 -22 -13 -20 -9 108 -27 37 -34 -35 70 -2 101 39 -4 104 42 122 71 47 54 -40 -3 -43 -1 -6 92 -23 -54 80 56 -56 107 93 -14 61 64 81 -39 66 116 -48 -26 69 -19 -36 125 83 74 96 91 -51 -38 -49 -80 -18 -15 -74 -25 86 114 -5 117 89 -89 -24 -63 -52 111 -69 -17 97 98 100 -100 -61 -29 -82 -104 -12 106 -73 -57 -31 -47 -78 -10 -28 -101 -86 -21 -66 118 -88 121 -119 -120 -42 -79 -71 -7
right_child=1 3 6 5 9 24 10 12 58 18 11 27 59 62 -16 95 45 68 19 21 26 52 90 72 67 31 112 32 -30 30 -32 -33 33 34 35 -37 77 63 46 -41 41 48 -44 -45 -46 109 60 78 -50 76 51 -53 53 -55 55 57 -58 -59 -60 73 -62 75 -64 -65 65 -67 -68 94 -70 124 -72 105 82 -75 -76 -77 110 123 79 -81 102 -83 -84 -85 85 -87 87 88 -90 -91 -92 -93 -94 -95 -96 -97 -98 -99 99 113 -102 -103 103 -105 -106 -107 -108 -109 -110 -111 -112 -113 -114 -115 -116 -117 -118 120 119 -121 -122 -123 -124 -125 -126 -127
leaf_value=0.022516544738834316 0.016737350627213023 -0.0040445278734801198 0.0082185008659066659 -0.010542564564587272 -0.0034246234815870653 -0.0088517355767160615 -0.010368701172219972 -0.0041613918189236402 -0.0071258893884537699 -0.0088959203292011402 0.011983360639549941 -0.0078466754617569062 0.021669439528555632 -0.0033464727944612221 0.010725533921790908 -0.0021519391038692394 -0.0023105553187518163 0.0031084664348246683 0.00026585757908676285 -0.0057895243428978203 -0.020674870753778413 -0.01277851214780079 -0.014647580853968787 -0.017944326803786204 0.0088440854242324302 0.0048274797370478142 0.0038205227339591563 0.00021798958643560499 -0.0070354843039300008 0.005141164439083433 -0.00029675560471737828 -0.004807755723864768 -0.0077138806193347252 0.0040409994409353663 -0.0085822618164346914 0.0091985936461384584 -0.0067758416236023376 0.0096218660187425507 0.010695395534737718 -0.0048791168519654923 0.0027341279266483399 0.010391419654260874 -0.0092866994806043955 -0.016125852413784298 -0.013382473842864888 0.003247776285247736 -0.0027603161114914086 0.0079968923028927979 0.0026795965801782386 0.013493656613815151 0.019180201654848846 0.001662310527078137 -0.0010420871969555301 -0.0058064607506552379 -0.00080362165910726347 -0.013165249061473599 0.013454869998391761 -0.002624571492920248 0.0096079991210285438 0.015017830375971089 0.012281300182953321 0.0313198780143348 0.012242881798172889 0.0029018194010409222 0.0049095191949584515 0.00081934796396125403 0.012231017963712102 -0.0086600603510289045 0.0041555745801633822 -0.013867597973306573 -0.00066411436859238951 -0.01470788855277433 -0.0025393625751534117 0.011826500224546009 -0.0013193645438259185 0.0050340064337301227 0.010194032621310543 0.0040011161899004112 -0.00067916824646044023 0.022025344290043644 0.0070688783303292724 0.0018493007669124857 -0.0087663136484941156 0.0013425824559435918 -0.014874840116425226 -0.0091248726752512447 -0.0054199715871652851 -0.007206793671883433 -0.016199315013358483 0.0038269833855360744 -0.0084566034477333071 0.010501170771308186 -0.014657734510011023 0.0096619991145601124 0.0079697460779263648 0.0069422370930395426 0.010785680439619147 0.0011416885936389866 0.018559404737599643 0.010413674514697933 0.0016692142377212052 0.0090722606588786118 0.0010173609533619744 -0.027994880439037112 0.0054268483151655228 -0.021229879437175851 -0.0072900284624571486 -0.0031817001546674611 0.011286391720049678 -0.010069613313425709 0.0050747599531823263 -0.019073776665026722 -0.00023753682737039479 0.0057037172240277812 -0.030799517345714289 -0.014980975466136083 0.011256835346746683 -0.0022887239061907118 -0.0097918956947698026 0.0061886076738065154 -0.013061696829436861 -0.019939386648519117 -0.017650447071859122 0.019185240334364716 -0.0016093027367984842 -0.013806304780273672
leaf_weight=153 176 340 240 1394 1566 640 394 447 1080 1563 780 467 97 796 1628 202 1262 2311 879 259 68 208 801 49 92 344 1702 3914 1779 1165 870 4365 1504 2055 328 299 155 669 905 456 1567 1105 238 1368 89 1808 824 868 561 1382 15.999999999999998 3249 3699 1441 635 602 186 994 78 110 392 41 171 1456 963 1071 119 543 2440 89 3950 323 951 671 539 933 2808 1768 557 40 545 4086 851 785 126 1532 1650 195 170 600 1005 736 142 54 66 6272 954 970 261 1106 660 213 950 20 650 98 1683 199 585 86 681 109 1687 1477 100 447 530 796 2336 56 150 147 33 58 2011 2799
leaf_count=153 176 340 240 1394 1566 640 394 447 1080 1563 780 467 97 796 1628 202 1262 2311 879 259 68 208 801 49 92 344 1702 3914 1779 1165 870 4365 1504 2055 328 299 155 669 905 456 1567 1105 238 1368 89 1808 824 868 561 1382 16 3249 3699 1441 635 602 186 994 78 110 392 41 171 1456 963 1071 119 543 2440 89 3950 323 951 671 539 933 2808 1768 557 40 545 4086 851 785 126 1532 1650 195 170 600 1005 736 142 54 66 6272 954 970 261 1106 660 213 950 20 650 98 1683 199 585 86 681 109 1687 1477 100 447 530 796 2336 56 150 147 33 58 2011 2799
internal_value=3.87265e-05 -0.0044367 0.00415839 -0.00774465 -0.0022689 -0.00883539 0.00229746 0.00642678 -0.00112765 -0.00340607 0.00147699 0.00165238 0.0050161 0.00358307 0.00595027 0.00846215 0.00076747 0.00341215 -0.00415689 -0.00376019 -0.00124101 -0.00498547 -0.00661522 -0.00701806 -0.0116729 -0.00508343 0.00135553 0.000256008 -0.00461951 0.00341393 0.004708 -0.00410295 0.000519333 -0.00073569 0.000846308 -0.000587241 0.00467737 0.00215317 0.0053732 -0.000356419 0.0055452 0.00413126 0.000805864 -0.0123711 0.00257169 -0.000389385 0.00598601 0.00336126 0.0077973 0.0107862 -0.000348345 0.00106453 -0.00278411 -0.00237865 -0.00145423 -0.00351049 0.00242306 -0.00622659 -0.00643443 0.00705621 0.00522527 0.00469409 0.00138273 0.00501968 0.00306896 0.00451668 -0.000863177 -0.00478382 0.00187531 0.000612978 -0.00127233 -0.0114434 -0.00368241 0.00684524 0.00629438 0.00802432 0.0104165 0.0036031 0.0050829 0.000838807 0.000481434 0.00100127 -0.0054826 0.000202608 -0.00796794 -0.010777 -0.00730831 -0.00656839 -0.00193242 0.00111499 -0.0112053 0.0116087 -0.0111958 -0.00744502 -0.00685024 0.00665784 0.00703614 0.00625472 0.00762588 0.00871889 0.00358306 0.000676148 0.00280981 0.000412223 0.00900651 -0.00908351 -0.0084871 -0.0106906 0.00719824 0.00264047 0.00919615 -0.00822607 0.00179935 0.00772232 -0.0219494 -0.011616 0.00716603 -0.00743878 -0.00821376 -0.0100275 -0.00400234 -0.010395 0.00231012 0.00448663 -0.00213136 -0.0128857
internal_weight=119714 57379 62335 22715 34664 19500 34244 28091 3215 25220 27034 26640 16593 9748 4695 11498 9444 11785 20247 18684 6115 12569 7221 11888 7612 5415 3457 14855 2658 3067 2620 4709 14388 8136 6632 4577 2157 6252 7210 696 4934 3504 1838 6911 1894 7287 6514 1805 1666 5024 4973 3407 5348 5140 5393 2616 821 1795 1321 6845 5609 5217 5053 2125 3507 2564 943 701 6851 4411 4278 5543 2636 6748 6077 1710 4871 1981 1465 597 2777 4882 1802 834 9252 1758 7494 6100 965 795 1806 777 158 1243 609 6474 5538 4584 3614 2844 770 4127 1515 970 1430 2104 2006 801 1750 1894 3489 1189 3389 2583 226 706 1493 5135 4189 2539 946 2483 1600 1826 2100 3439
internal_count=119714 57379 62335 22715 34664 19500 34244 28091 3215 25220 27034 26640 16593 9748 4695 11498 9444 11785 20247 18684 6115 12569 7221 11888 7612 5415 3457 14855 2658 3067 2620 4709 14388 8136 6632 4577 2157 6252 7210 696 4934 3504 1838 6911 1894 7287 6514 1805 1666 5024 4973 3407 5348 5140 5393 2616 821 1795 1321 6845 5609 5217 5053 2125 3507 2564 943 701 6851 4411 4278 5543 2636 6748 6077 1710 4871 1981 1465 597 2777 4882 1802 834 9252 1758 7494 6100 965 795 1806 777 158 1243 609 6474 5538 4584 3614 2844 770 4127 1515 970 1430 2104 2006 801 1750 1894 3489 1189 3389 2583 226 706 1493 5135 4189 2539 946 2483 1600 1826 2100 3439
is_linear=0
shrinkage=0.04


Tree=34
num_leaves=127
num_cat=0
split_feature=9 9 9 17 8 9 7 8 17 9 7 1 1 1 1 1 7 1 1 1 1 1 1 2 2 2 2 1 7 8 2 1 1 1 1 2 9 2 1 1 1 1 1 2 17 1 11 2 2 2 2 4 2 2 1 2 1 11 1 2 2 1 1 1 2 1 13 2 2 1 2 1 2 1 2 1 1 1 1 1 14 2 1 1 2 2 1 4 2 4 2 2 1 1 1 1 2 2 1 1 1 2 1 4 2 1 4 9 2 1 14 1 2 11 1 2 2 8 17 1 1 1 1 4 2 2
split_gain=1274.72 224.747 178.278 91.7645 64.932 62.0007 53.8913 41.8093 37.2513 36.5336 30.9979 28.7889 28.7781 28.206 29.5282 29.7169 26.7001 23.8198 25.2401 21.1146 29.0404 20.7058 47.529 21.4376 19.6819 18.149 17.4747 17.4626 17.336 17.2918 17.2468 16.8475 16.3752 20.6917 19.2042 16.3299 16.3009 16.2695 16.0485 15.9798 17.108 19.9621 15.6097 15.4905 15.1486 15.13 14.968 13.4302 13.2092 13.1887 27.1689 14.2171 12.2681 12.2237 13.7704 13.3293 12.9704 11.9886 11.2966 11.1565 12.2798 10.9969 10.6388 10.522 10.4991 10.4154 10.2007 10.1187 10.7839 14.8968 13.2729 9.94837 9.93371 14.5102 9.74195 9.73266 9.71714 19.3868 12.7203 14.8484 9.62787 9.57759 9.50553 31.5166 10.2728 9.44719 9.95059 9.32237 9.26683 9.18192 10.6871 9.95089 8.99164 8.89031 18.0996 8.55894 8.55486 8.53022 8.35812 8.24609 8.2255 8.10636 7.84121 7.79732 7.77808 7.86053 7.67659 7.52088 10.2056 7.43157 7.40208 7.38849 7.37203 7.32418 7.22664 8.70468 14.1094 8.76057 7.1975 7.12536 13.9882 13.0419 13.8837 7.11313 7.10493 10.875
threshold=9.5000000000000018 5.5000000000000009 14.500000000000002 1.0000000180025095e-35 1.5000000000000002 11.500000000000002 1.5000000000000002 1.5000000000000002 1.0000000180025095e-35 7.5000000000000009 3.5000000000000004 38.500000000000007 30.500000000000004 62.500000000000007 197.50000000000003 212.50000000000003 1.5000000000000002 75.500000000000014 47.500000000000007 75.500000000000014 217.50000000000003 77.500000000000014 78.500000000000014 443.50000000000006 58.500000000000007 888.50000000000011 1582.5000000000002 245.50000000000003 1.0000000180025095e-35 1.5000000000000002 518.50000000000011 83.500000000000014 115.50000000000001 47.500000000000007 191.50000000000003 1315.5000000000002 18.500000000000004 873.50000000000011 176.50000000000003 167.50000000000003 143.50000000000003 145.50000000000003 110.50000000000001 1646.5000000000002 1.0000000180025095e-35 218.50000000000003 10857.250000000002 427.50000000000006 888.50000000000011 305.50000000000006 58.500000000000007 14.500000000000002 593.50000000000011 970.50000000000011 208.50000000000003 1141.5000000000002 69.500000000000014 8377.0750000000025 62.500000000000007 782.50000000000011 183.50000000000003 12.500000000000002 116.50000000000001 65.500000000000014 856.50000000000011 14.500000000000002 0.94205000000000017 263.50000000000006 1736.5000000000002 118.50000000000001 1849.5000000000002 43.500000000000007 1419.5000000000002 177.50000000000003 1542.5000000000002 52.500000000000007 167.50000000000003 142.50000000000003 189.50000000000003 217.50000000000003 0.97475000000000012 1472.5000000000002 169.50000000000003 159.50000000000003 980.50000000000011 1578.5000000000002 225.50000000000003 14.500000000000002 1535.5000000000002 13.500000000000002 1639.5000000000002 1669.5000000000002 248.50000000000003 48.500000000000007 62.500000000000007 47.500000000000007 772.50000000000011 86.500000000000014 96.500000000000014 201.50000000000003 225.50000000000003 1849.5000000000002 107.50000000000001 15.500000000000002 1001.5000000000001 247.50000000000003 15.500000000000002 2.5000000000000004 305.50000000000006 266.50000000000006 0.96475000000000011 116.50000000000001 1665.5000000000002 2092.8350000000005 69.500000000000014 698.50000000000011 556.50000000000011 1.5000000000000002 1.0000000180025095e-35 143.50000000000003 150.50000000000003 110.50000000000001 116.50000000000001 7.5000000000000009 1270.5000000000002 1176.5000000000002
decision_type=2 2 2 2 2 2 2 2 2 2 2 2 2 2 2 2 2 2 2 2 2 2 2 2 2 2 2 2 2 2 2 2 2 2 2 2 2 2 2 2 2 2 2 2 2 2 2 2 2 2 2 2 2 2 2 2 2 2 2 2 2 2 2 2 2 2 2 2 2 2 2 2 2 2 2 2 2 2 2 2 2 2 2 2 2 2 2 2 2 2 2 2 2 2 2 2 2 2 2 2 2 2 2 2 2 2 2 2 2 2 2 2 2 2 2 2 2 2 2 2 2 2 2 2 2 2
left_child=1 4 3 5 8 16 28 47 10 44 66 97 61 75 38 64 35 18 52 71 21 -21 -23 24 -24 114 27 31 -3 59 -17 37 33 101 88 48 49 -12 67 40 42 -42 -33 -28 53 -22 99 -4 -2 50 -9 62 -11 54 56 102 95 103 -20 60 -30 -6 -51 -35 -16 -63 -1 -15 80 -70 -71 -13 73 82 -74 -14 77 -19 -78 -80 119 -65 83 84 -25 -81 -87 -73 -34 -47 92 -92 -91 -57 -95 -8 -56 -7 -5 -26 -36 -27 -55 118 105 -50 111 108 -41 -31 -32 -86 -76 -58 -18 116 -116 -118 -49 121 -121 -69 -123 -37 125 -96
right_child=2 6 7 98 12 11 9 36 -10 17 26 19 13 14 15 30 25 76 58 20 45 22 23 72 46 32 43 -29 29 109 110 39 34 63 100 123 -38 -39 -40 107 41 -43 -44 -45 -46 89 -48 57 104 51 -52 -53 -54 55 96 93 113 -59 -60 -61 -62 65 -64 81 -66 -67 -68 68 69 70 -72 87 74 -75 112 -77 78 -79 79 85 -82 -83 -84 -85 106 86 -88 -89 -90 90 91 -93 -94 94 124 -97 -98 -99 -100 -101 -102 -103 -104 -105 -106 -107 -108 -109 -110 -111 -112 -113 -114 -115 115 -117 117 -119 -120 120 -122 122 -124 -125 -126 -127
leaf_value=0.0075098639004257429 -0.00088459184777023346 -0.0058004576506472984 0.0017164560439016131 0.0053272290433933325 0.015740567090471648 -0.0051807469381301187 0.00027526874843065633 -0.021090107296075484 0.024721271094816047 0.0018607521352760547 0.0060025020121529946 0.014669281038158503 0.0067686567806901354 0.017688245535218604 0.0073579223676891936 0.01171742292043715 0.00097534832240495485 -0.0019630859314036611 0.0046801795127134772 -0.014548061841341864 0.0098226635578187518 0.0072210071786556777 -0.013811159385320768 -0.0094212098212636593 -0.0045773754383723747 -0.0075227372940687865 -0.00072123786188926819 0.013053815616621793 0.0043994994813606513 0.0027079913738823447 0.0033544410320316053 0.00086768550505117014 -0.010071028867615062 0.003044788328812032 -0.00013632293889488892 -0.013074178713779906 -0.01499478916431659 0.013759228425191467 -0.0023230317792246277 0.03759128059197335 -0.0039968726963487758 0.0053788246301186881 0.0084306382019844056 0.0055305261140825073 0.026720034216371032 -0.010512615895804364 0.0059894905071403142 -0.0085023776665050441 -0.023504409447876923 -0.012354131585554502 -0.0011339954960337616 -0.017806014040977869 -0.0041744468810791533 0.0033677990800139437 0.0091406762486403309 -0.0022141070282294009 -0.015234840900563143 0.0046017747571484606 0.00063690440087683432 0.0054637022750415702 0.015463852192867583 -0.0076761343238456771 -0.0086425015218587545 -0.0036512947221036501 0.013700168549708118 0.00036257328778560648 0.012517493116103284 8.8367252551777078e-06 0.012112078161279722 0.0061276175588792494 -0.003484614320634986 -0.0018485682823279831 -0.016127632475788474 -0.013661982910793196 -0.0035829090335150575 0.011942593558155343 0.0032287561530293715 -0.0079656644866793486 -0.010661024594634669 0.0022292390308993326 0.0080208250289313526 0.0026089657356783368 -0.0020344457859767361 -0.029568767152227966 -0.0062472087769748566 0.0011552786341566892 -0.0059097045232121342 -0.012679074115093985 -0.002625582642507869 -0.0029194363460996226 0.0047503086985704558 -0.002647501274893156 -0.0076192182907109966 0.010001098520280867 0.00066075385524488038 0.0074545202907210428 0.0030152474501461265 -0.010292080908547607 0.012904233419393377 0.0067693491241182973 -0.0058744795817696925 -0.0017177403893266492 -0.0053733783959628943 -0.019868437917651357 -0.0054959144177533269 0.0047024597235375042 -0.013832114285424999 0.0065644886253091832 0.010056918484060864 0.0096345339045184383 0.0079125740075606625 -0.0013826946169137955 -0.011327470568262421 -0.00072852957784480044 -0.0022526349817269227 0.0016416468861542924 0.014734589092767061 -0.012380606233328803 0.0040141879170057151 -0.0066267772155108283 0.001431789063292141 0.011404673149742115 0.0029168857907623915 0.0027756160123729124 0.00093633278006997032 0.0097497107548375258
leaf_weight=956 1725 275 483 666 66 671 438 136 199 734 782 56 1824 74 864 484 1505 2298 1864 541 140 387 255 1497 1285 1512 842 783 253 4741 5205 606 1769 819 772 46 1471 976 1052 22 721 732 1574 2555 39 282 314 613 87 2294 554 447 2019 209 893 903 59 132 2724 1739 445 303 2710 1746 817 1724 2078 1448 428 787 324 2933 445 533 289 860 783 1379 320 740 390 503 613 100 1464 497 886 133 317 2214 459 794 926 425 456 680 621 2423 361 111 832 519 757 85 257 19 154 2189 1100 262 642 762 628 983 2248 684 20 335 83 443 1550 430 1097 2389 5424 393
leaf_count=956 1725 275 483 666 66 671 438 136 199 734 782 56 1824 74 864 484 1505 2298 1864 541 140 387 255 1497 1285 1512 842 783 253 4741 5205 606 1769 819 772 46 1471 976 1052 22 721 732 1574 2555 39 282 314 613 87 2294 554 447 2019 209 893 903 59 132 2724 1739 445 303 2710 1746 817 1724 2078 1448 428 787 324 2933 445 533 289 860 783 1379 320 740 390 503 613 100 1464 497 886 133 317 2214 459 794 926 425 456 680 621 2423 361 111 832 519 757 85 257 19 154 2189 1100 262 642 762 628 983 2248 684 20 335 83 443 1550 430 1097 2389 5424 393
internal_value=3.71735e-05 0.00344635 -0.00496021 -0.00380307 0.00561088 -0.00411782 0.00111176 -0.0100389 0.00751735 0.000255722 0.00730184 -0.00562954 0.00413446 0.00463183 0.00399606 0.00571406 -0.00241338 -0.00112248 0.000463237 -0.00499393 -0.0056492 -0.00694604 -0.00648003 -0.00710807 -0.00344422 -0.00329989 0.00644429 0.00732648 0.00405423 0.00441909 0.00445756 0.00681053 -0.00437979 -0.00290949 -0.0064103 0.000247635 -0.0112061 0.0103117 0.00227986 0.00592344 0.00408914 0.000723758 0.00633025 0.00397977 0.00185467 -0.00312248 -0.00189522 -0.00367088 -0.00234683 -0.0102977 -0.00507566 -0.0109579 -0.00256389 0.00177491 0.00370543 0.00094649 0.00165262 -0.00652518 0.00228053 0.00718329 0.0114604 -0.000312012 -0.010345 -0.000834708 0.0104434 -0.000837415 0.0109412 0.00297509 0.00281639 0.00576887 0.00332075 -0.0020136 -0.00821756 -0.00740775 -0.0112598 0.00842835 -0.00280938 -0.0042155 -0.00120535 -0.00262823 0.0019675 -0.00224932 -0.00668035 -0.00739537 -0.00682167 -0.00141512 -0.00336801 -0.00232009 -0.00894168 -0.0035112 -0.00306062 5.94414e-05 -0.0043069 0.00150934 0.00201195 0.00464575 0.00663121 -0.00918507 0.00799551 -0.00367188 -0.0031154 -0.00604146 -0.00347788 -0.00841126 -0.00928234 -0.0184111 -0.00518458 0.00793474 0.0106037 0.00307171 0.00385573 -0.00458393 -0.00889173 -0.00155513 -0.00131835 -0.00236977 -0.00342543 -0.010838 -0.00700363 0.00149135 -0.000357688 0.00273136 0.00531024 0.00247403 0.00146989 0.00487337
internal_weight=119714 71166 48548 39540 36927 38513 34239 9008 16115 26524 15916 20409 20812 18719 16035 8012 18104 14244 7341 17315 14193 9378 8837 8450 1965 13581 12882 9485 7715 7440 6331 8702 8789 5099 3690 4523 7612 1758 8023 6944 3633 1453 2180 3397 12280 4815 1710 1396 2088 6141 690 5451 2753 12241 3674 8567 2160 913 4588 2437 698 2093 5004 3068 1681 2027 3034 6971 6897 1539 1111 3122 6485 5123 1362 2684 6903 3677 3226 2443 5358 2249 4590 3977 3877 2123 1383 3066 2086 4675 4393 1253 3140 7601 6698 1118 1514 3094 1027 1396 1604 2031 966 781 363 106 2380 3311 1122 5003 5847 2226 917 1042 4792 3287 2603 355 696 4968 1993 2975 1527 2435 6273 849
internal_count=119714 71166 48548 39540 36927 38513 34239 9008 16115 26524 15916 20409 20812 18719 16035 8012 18104 14244 7341 17315 14193 9378 8837 8450 1965 13581 12882 9485 7715 7440 6331 8702 8789 5099 3690 4523 7612 1758 8023 6944 3633 1453 2180 3397 12280 4815 1710 1396 2088 6141 690 5451 2753 12241 3674 8567 2160 913 4588 2437 698 2093 5004 3068 1681 2027 3034 6971 6897 1539 1111 3122 6485 5123 1362 2684 6903 3677 3226 2443 5358 2249 4590 3977 3877 2123 1383 3066 2086 4675 4393 1253 3140 7601 6698 1118 1514 3094 1027 1396 1604 2031 966 781 363 106 2380 3311 1122 5003 5847 2226 917 1042 4792 3287 2603 355 696 4968 1993 2975 1527 2435 6273 849
is_linear=0
shrinkage=0.04


Tree=35
num_leaves=127
num_cat=0
split_feature=9 9 9 8 8 7 7 8 7 9 7 7 1 1 1 1 0 0 0 1 1 13 7 1 4 0 1 1 1 7 18 0 0 1 0 0 1 1 1 0 0 1 1 1 1 13 10 0 4 4 1 1 1 1 0 8 1 1 13 1 1 1 9 0 6 1 1 0 1 0 1 0 0 1 18 10 0 1 1 11 1 0 9 12 10 1 18 1 1 1 10 1 4 0 4 10 10 0 1 18 13 1 0 0 0 1 1 1 1 13 0 9 10 11 8 11 1 1 1 1 1 1 9 10 4 1
split_gain=1192.68 202.594 165.321 70.0415 54.0938 53.7059 50.3569 43.7368 37.0922 34.9285 28.5934 26.8664 26.4235 29.9606 35.6703 25.6908 24.6877 20.8416 28.4172 24.8345 21.9663 19.9611 19.177 19.1616 18.8653 18.8563 36.1057 18.6731 39.9323 15.9161 15.6335 15.2958 15.291 14.9699 14.8477 14.6582 15.4638 17.2591 13.924 13.4748 17.3417 13.272 35.6869 20.5708 12.9104 12.6167 12.488 12.3793 12.9204 12.0913 11.9391 11.1407 11.0696 10.9921 10.5448 10.2794 10.1493 10.0075 10.5587 9.94006 12.7249 14.4842 9.88584 9.81079 9.698 9.49237 9.39768 12.0879 9.35746 9.29614 11.6441 9.14868 9.0898 8.87246 8.82045 10.0581 8.77022 9.5306 15.6754 8.6706 8.51039 8.41636 8.36603 8.25101 8.22231 8.20665 8.18327 8.18218 22.1978 8.01043 7.84175 7.82796 7.6812 7.74964 7.75898 7.63522 7.55861 7.48956 7.39619 7.25398 7.14479 7.04258 8.41355 10.9207 9.04798 8.26154 6.8216 11.222 6.58072 7.88223 6.56739 7.70237 6.51355 6.50534 6.55106 6.50534 6.45972 6.38774 7.79184 8.25036 6.35465 21.1851 6.32486 7.02989 6.32246 6.31772
threshold=9.5000000000000018 6.5000000000000009 13.500000000000002 1.5000000000000002 1.5000000000000002 1.5000000000000002 1.5000000000000002 1.5000000000000002 3.5000000000000004 15.500000000000002 3.5000000000000004 3.5000000000000004 16.500000000000004 75.500000000000014 77.500000000000014 47.500000000000007 15.500000000000002 6.5000000000000009 14.500000000000002 74.500000000000014 208.50000000000003 0.96135000000000015 3.5000000000000004 78.500000000000014 14.500000000000002 25.500000000000004 143.50000000000003 160.50000000000003 159.50000000000003 1.0000000180025095e-35 1.0000000180025095e-35 7.5000000000000009 24.500000000000004 27.500000000000004 7.5000000000000009 7.5000000000000009 87.500000000000014 58.500000000000007 248.50000000000003 15.500000000000002 6.5000000000000009 118.50000000000001 153.50000000000003 225.50000000000003 77.500000000000014 0.90225000000000011 33736.500000000007 12.500000000000002 15.500000000000002 13.500000000000002 15.500000000000002 115.50000000000001 150.50000000000003 15.500000000000002 15.500000000000002 1.5000000000000002 165.50000000000003 42.500000000000007 0.95505000000000007 247.50000000000003 107.50000000000001 77.500000000000014 10.500000000000002 6.5000000000000009 1.0000000180025095e-35 259.50000000000006 48.500000000000007 27.500000000000004 235.50000000000003 26.500000000000004 246.50000000000003 13.500000000000002 15.500000000000002 43.500000000000007 1.0000000180025095e-35 168278.50000000003 14.500000000000002 116.50000000000001 115.50000000000001 4195.7650000000003 62.500000000000007 27.500000000000004 1.5000000000000002 2.5000000000000004 43705.500000000007 66.500000000000014 1.0000000180025095e-35 47.500000000000007 43.500000000000007 31.500000000000004 97504.000000000015 239.50000000000003 13.500000000000002 26.500000000000004 15.500000000000002 66289.000000000015 93056.000000000015 14.500000000000002 261.50000000000006 1.0000000180025095e-35 0.59715000000000007 192.50000000000003 27.500000000000004 26.500000000000004 28.500000000000004 204.50000000000003 166.50000000000003 195.50000000000003 167.50000000000003 0.94345000000000012 7.5000000000000009 18.500000000000004 32508.000000000004 12099.190000000001 1.5000000000000002 9857.5700000000015 266.50000000000006 65.500000000000014 206.50000000000003 194.50000000000003 83.500000000000014 181.50000000000003 18.500000000000004 147040.50000000003 13.500000000000002 210.50000000000003
decision_type=2 2 2 2 2 2 2 2 2 2 2 2 2 2 2 2 2 2 2 2 2 2 2 2 2 2 2 2 2 2 2 2 2 2 2 2 2 2 2 2 2 2 2 2 2 2 2 2 2 2 2 2 2 2 2 2 2 2 2 2 2 2 2 2 2 2 2 2 2 2 2 2 2 2 2 2 2 2 2 2 2 2 2 2 2 2 2 2 2 2 2 2 2 2 2 2 2 2 2 2 2 2 2 2 2 2 2 2 2 2 2 2 2 2 2 2 2 2 2 2 2 2 2 2 2 2
left_child=1 3 5 8 11 7 45 32 30 24 29 47 72 15 112 62 46 -8 19 89 56 39 -17 -16 31 26 -18 28 34 82 64 86 -2 -20 99 36 37 -9 63 40 -12 44 -43 -44 85 66 79 48 -4 -33 -41 110 -28 -23 55 -47 71 -31 -59 60 61 100 73 -29 -1 -22 -3 80 96 -27 -71 -21 -7 -14 -26 -76 77 78 -36 -10 -68 -45 -5 116 -30 87 -6 88 -35 -19 -69 -83 -61 94 97 -24 -52 -94 106 -25 -37 102 103 -62 -104 -103 -54 -108 -32 -110 -13 -112 -15 114 -82 -38 -51 -55 119 -119 -81 -122 124 -124 -11 -120
right_child=2 6 4 10 9 12 17 35 16 122 21 51 13 14 23 22 25 18 33 20 65 53 95 27 74 69 52 38 84 57 108 49 -34 41 76 59 115 -39 -40 50 -42 42 43 81 -46 54 -48 -49 -50 83 68 -53 98 117 -56 -57 -58 58 -60 92 101 -63 -64 -65 -66 -67 67 90 -70 70 -72 -73 -74 -75 75 -77 -78 -79 -80 120 113 91 -84 -85 -86 -87 -88 -89 -90 -91 -92 -93 93 -95 -96 -97 -98 -99 -100 -101 -102 105 104 -105 -106 -107 107 -109 109 -111 111 -113 -114 -115 -116 -117 -118 118 125 -121 121 -123 123 -125 -126 -127
leaf_value=0.013427477871066929 0.0068005675801783858 -0.0027860760322292 0.00079771118695999598 0.011701927199236673 -0.0064915950181204029 0.018581679653746918 -0.0092133427190712047 -0.014554255181449361 0.0059744149443740372 -0.024331188095210954 -0.0091473721883995815 0.0082782864463771966 0.0011152474929132367 -0.0028751590390436034 0.0047970319974158957 -0.022966972153879529 0.0065493014243471585 -0.0019641507546668676 -0.0076585010177421279 -0.00088199090156694711 0.0054852736663399751 -0.0035436151644108009 0.0028669686165791364 -0.0056431254062836132 -0.0035709357834314893 0.011762459984476732 -0.0038877006327526541 -0.0095020041213765526 -0.010359811535670645 0.0026682627593118281 0.012258207970402554 -0.013696437049792993 -0.00034185721887844135 0.0015889285813618392 -0.003017663032299184 -0.0089759236063325504 -0.0084348152791308955 -0.00051740190731039079 -0.0063051391290079696 -0.0074557775293853388 0.0040352018054035611 -0.0065741994544822584 0.0023479683794770216 -0.0043917143004994419 0.0066053681910901597 0.012593254135080636 0.0059356303539324553 0.0072475483734668134 -0.014732382215641358 -0.0058926910847511126 0.0014020387731139641 -0.010738591849289993 0.0065927499810782986 0.008370633465237429 0.0027613432741821226 0.0054301690550657708 -0.0080868593073741939 0.0068744913623529462 0.011917006976064388 -0.016799112561966357 -0.006654650424591322 0.0073362790822984738 -0.0061658005011749522 -0.0014110503567543384 0.029727105468559573 -0.011477206726905005 0.0073953755938535324 -0.0036694625227313656 0.0060617832575344038 0.0052703418084297324 0.013910094024213544 0.024918653350070593 -0.0090901360006909633 -0.006203946099546811 -0.018846183253934435 -0.0027049965451725979 -0.0071888314307624566 -0.00056548628521397822 -0.0095205540456627397 0.014175831980979364 0.0081096763054674722 0.023684093146137491 -0.00039454830569273354 -0.0095634610999000887 -0.018421114683368198 -0.0082894019056197494 -0.012744869014661452 0.0021448153629161667 -0.0060171540892135864 0.0052734698223323119 0.016417554274605672 0.001043068702985235 -0.007386629189498695 -0.0091691387808427085 -0.013883770316487224 -0.00074403366292168864 -0.0034434028574397047 0.0056258933189212235 0.014085476533604056 -0.014545068411680484 -0.00040835382314849796 0.0069908947666473134 0.0086180953223949971 -0.031105605740087767 -0.0045174732428688398 -0.0027508467981618634 -0.005620312079458253 0.0019918666210866532 0.0038804882997439841 0.0095483498246457573 -0.0059902375266165401 0.02152444147227103 -0.014025593794898513 0.00014484722577873257 0.0020966929003276322 -0.018484569174967411 0.0015980836796892248 0.0036640423183163001 0.013652369132369098 -0.007859968886309009 0.0023804891750016108 0.012074078632682218 -0.016155354130151307 -0.0095685479731215158 -0.010892674317340629 0.0058541428982761493
leaf_weight=1147 1364 498 594 105 473 19 417 170 800 58 164 78 731 95 346 56 2762 269 590 4074 1190 228 1480 248 98 558 786 255 406 631 588 370 738 1586 2290 172 305 800 1557 248 5696 2120 2279 1581 484 541 2647 422 100 5244 7423 585 319 958 920 795 325 2647 892 33 1151 383 2076 4061 62 55 498 38 649 2587 277 22 1914 415 463 72 1370 1252 802 654 401 28 702 1017 412 195 1176 1825 1001 2617 163 191 77 80 38 2550 553 833 74 365 1653 153 120 30 278 1525 403 1339 652 999 320 17 781 1774 1057 158 190 2116 185 104 487 1404 1138 341 2167 1725
leaf_count=1147 1364 498 594 105 473 19 417 170 800 58 164 78 731 95 346 56 2762 269 590 4074 1190 228 1480 248 98 558 786 255 406 631 588 370 738 1586 2290 172 305 800 1557 248 5696 2120 2279 1581 484 541 2647 422 100 5244 7423 585 319 958 920 795 325 2647 892 33 1151 383 2076 4061 62 55 498 38 649 2587 277 22 1914 415 463 72 1370 1252 802 654 401 28 702 1017 412 195 1176 1825 1001 2617 163 191 77 80 38 2550 553 833 74 365 1653 153 120 30 278 1525 403 1339 652 999 320 17 781 1774 1057 158 190 2116 185 104 487 1404 1138 341 2167 1725
internal_value=-5.25753e-06 0.00329289 -0.00484418 0.0049902 -0.00834683 -0.0032857 0.000606833 -0.000839993 0.00685348 -0.00932584 0.00360927 -0.00241937 -0.00433344 -0.00393118 -0.00499984 -0.00184824 0.00599787 -0.000361637 -0.000180741 0.00157723 3.81171e-05 0.00293522 0.000256869 -0.00448675 -0.00799195 0.00468451 0.00327056 -0.00473385 -0.0061079 0.00632365 0.0105983 -0.00749301 0.0042911 -0.00144658 -0.00503155 -0.00219567 -0.00585969 -0.00298284 -0.00306143 0.00217657 0.00366544 -0.00112154 -0.00236447 -0.000175439 0.000391139 0.00362783 0.00799277 0.00184428 -0.00143609 -0.00665554 0.0011928 -0.0071813 0.000168813 0.00503694 0.00606376 0.00833451 -0.00128286 0.00731891 0.00814688 -0.00139043 -0.00207865 0.000263902 -0.00451902 -0.00189022 0.0142691 0.00473185 0.00238603 0.00304233 0.00144203 0.00703136 0.00610781 -0.000741832 -0.00881513 -0.00153207 -0.0146596 -0.0166823 -0.00439556 -0.00351355 -0.00470592 0.00961923 0.00252589 -0.00337253 0.00117564 -0.00625088 -0.0144267 -0.000260974 -0.0109541 9.31369e-05 -0.0013527 0.00459743 0.0126002 0.00396556 0.00215055 0.00276433 0.00377645 0.000581137 0.00106555 0.00451975 0.0016642 -0.0109517 -0.00121846 -0.0036679 -0.00558655 -0.00728173 -0.000545783 -0.00185985 0.00121562 0.000228323 0.00861385 0.00731284 -0.0021558 -0.00458442 -0.0128214 0.00177413 0.00375366 -0.0118762 -0.00563002 0.0054223 0.00473724 0.00312205 0.0107631 0.00958001 -0.0126026 -0.0146401 -0.0112459 0.00661224
internal_weight=119570 71105 48465 43571 14923 33542 27534 10061 18545 12807 25026 2116 23481 21548 14240 7308 15097 20849 20432 8552 5666 20049 4086 13364 9103 9105 5683 13018 7145 4977 3448 8470 2102 11880 6327 7959 1433 970 5873 14733 5860 11290 6199 4079 5091 6685 5992 1116 694 6821 8873 1000 2921 5316 2256 1336 4421 4170 3539 6526 5465 2208 3222 4316 1209 1245 4429 3931 8625 3422 2864 4096 1933 1146 633 535 5714 4344 3092 3345 3730 1800 807 6451 818 4607 1649 4412 2587 2886 201 219 1061 1028 948 4030 7976 910 2135 613 1825 3257 1579 1181 398 1678 2061 1742 2239 1651 415 337 876 3232 1458 463 5434 5088 4130 2220 2545 1891 3704 1479 2225 1910
internal_count=119570 71105 48465 43571 14923 33542 27534 10061 18545 12807 25026 2116 23481 21548 14240 7308 15097 20849 20432 8552 5666 20049 4086 13364 9103 9105 5683 13018 7145 4977 3448 8470 2102 11880 6327 7959 1433 970 5873 14733 5860 11290 6199 4079 5091 6685 5992 1116 694 6821 8873 1000 2921 5316 2256 1336 4421 4170 3539 6526 5465 2208 3222 4316 1209 1245 4429 3931 8625 3422 2864 4096 1933 1146 633 535 5714 4344 3092 3345 3730 1800 807 6451 818 4607 1649 4412 2587 2886 201 219 1061 1028 948 4030 7976 910 2135 613 1825 3257 1579 1181 398 1678 2061 1742 2239 1651 415 337 876 3232 1458 463 5434 5088 4130 2220 2545 1891 3704 1479 2225 1910
is_linear=0
shrinkage=0.04


Tree=36
num_leaves=127
num_cat=0
split_feature=9 9 9 17 8 9 7 17 17 7 1 7 1 7 1 1 2 4 1 1 1 1 9 1 1 1 1 2 8 2 1 9 2 17 2 2 1 1 1 1 10 1 1 1 2 2 4 1 7 2 2 1 8 1 2 1 1 1 1 1 10 2 1 2 1 1 1 13 2 7 10 10 10 2 10 10 18 10 11 4 4 1 10 2 2 2 2 2 9 18 2 1 2 1 1 8 2 2 1 1 1 2 2 1 1 4 2 13 2 1 1 11 4 4 11 10 1 2 1 2 2 2 1 1 2 2
split_gain=1099.23 186.715 152.369 80.0897 64.5544 55.5121 46.4126 38.9779 34.834 30.5711 26.9813 27.3759 25.4281 22.6825 21.3233 19.6143 19.9615 19.4062 18.8756 25.7211 32.5862 26.1065 18.6045 17.6928 41.5568 25.2298 23.4493 19.3583 17.3951 16.7564 16.3893 16.2595 16.1269 15.7245 15.2973 14.0569 13.7963 24.3035 13.6305 13.3672 13.1838 13.0905 18.0776 16.4239 13.0413 29.7869 13.7412 12.2163 12.0976 12.0016 11.9413 11.5026 10.6091 10.5947 10.5114 10.4402 12.1322 10.375 11.7578 10.8505 9.88981 9.85886 9.56441 9.34803 9.32526 14.3218 10.495 9.25873 8.94309 8.85266 8.76364 8.73497 8.60337 8.56773 11.2597 8.38049 8.37856 8.32318 8.26643 9.19733 8.24391 8.21646 8.11132 8.01732 7.93591 18.6309 16.0791 12.226 9.61652 7.86197 7.85064 7.75971 11.4123 7.71518 7.71182 7.60066 7.57608 13.9496 10.2974 14.79 9.4036 8.61718 7.37658 9.72462 7.37153 7.35613 7.32456 7.2969 7.25053 7.24394 7.2295 7.11166 9.86998 7.49916 7.03489 7.00773 6.98824 7.73541 11.4031 9.94175 7.16454 6.93516 6.86297 6.66025 6.59856 6.5696
threshold=9.5000000000000018 6.5000000000000009 14.500000000000002 1.0000000180025095e-35 1.5000000000000002 11.500000000000002 1.5000000000000002 1.0000000180025095e-35 1.0000000180025095e-35 3.5000000000000004 30.500000000000004 3.5000000000000004 38.500000000000007 1.5000000000000002 62.500000000000007 206.50000000000003 772.50000000000011 14.500000000000002 75.500000000000014 77.500000000000014 78.500000000000014 217.50000000000003 2.5000000000000004 118.50000000000001 167.50000000000003 47.500000000000007 62.500000000000007 970.50000000000011 1.5000000000000002 443.50000000000006 189.50000000000003 18.500000000000004 888.50000000000011 1.0000000180025095e-35 58.500000000000007 1315.5000000000002 65.500000000000014 49.500000000000007 218.50000000000003 243.50000000000003 140822.00000000003 115.50000000000001 47.500000000000007 191.50000000000003 58.500000000000007 274.50000000000006 14.500000000000002 212.50000000000003 1.0000000180025095e-35 888.50000000000011 593.50000000000011 171.50000000000003 1.5000000000000002 142.50000000000003 1849.5000000000002 12.500000000000002 14.500000000000002 167.50000000000003 129.50000000000003 197.50000000000003 108129.50000000001 1736.5000000000002 65.500000000000014 856.50000000000011 48.500000000000007 62.500000000000007 266.50000000000006 0.55445000000000011 902.50000000000011 2.5000000000000004 42193.500000000007 27051.500000000004 39868.000000000007 183.50000000000003 120924.00000000001 60167.000000000007 1.0000000180025095e-35 88842.500000000015 7167.170000000001 13.500000000000002 13.500000000000002 43.500000000000007 105715.00000000001 1535.5000000000002 1035.5000000000002 674.50000000000011 1154.5000000000002 1270.5000000000002 4.5000000000000009 1.0000000180025095e-35 1001.5000000000001 212.50000000000003 663.50000000000011 165.50000000000003 225.50000000000003 1.5000000000000002 888.50000000000011 1681.5000000000002 129.50000000000003 176.50000000000003 167.50000000000003 736.50000000000011 1419.5000000000002 177.50000000000003 191.50000000000003 24.500000000000004 1472.5000000000002 0.46965000000000007 86.500000000000014 235.50000000000003 96.500000000000014 7105.0150000000003 19.500000000000004 15.500000000000002 6678.8450000000003 63856.000000000007 217.50000000000003 1578.5000000000002 225.50000000000003 1249.5000000000002 1338.5000000000002 1305.5000000000002 74.500000000000014 14.500000000000002 1849.5000000000002 617.50000000000011
decision_type=2 2 2 2 2 2 2 2 2 2 2 2 2 2 2 2 2 2 2 2 2 2 2 2 2 2 2 2 2 2 2 2 2 2 2 2 2 2 2 2 2 2 2 2 2 2 2 2 2 2 2 2 2 2 2 2 2 2 2 2 2 2 2 2 2 2 2 2 2 2 2 2 2 2 2 2 2 2 2 2 2 2 2 2 2 2 2 2 2 2 2 2 2 2 2 2 2 2 2 2 2 2 2 2 2 2 2 2 2 2 2 2 2 2 2 2 2 2 2 2 2 2 2 2 2 2
left_child=1 4 3 5 7 13 33 9 31 57 55 48 108 35 70 30 -17 18 81 -20 -21 29 -11 25 53 50 75 28 68 34 61 44 -15 64 -22 49 37 123 -23 84 -36 42 124 83 -4 73 67 63 93 -2 -8 -29 69 -25 -32 -6 -57 58 -1 -59 109 -16 -44 -18 -3 -66 96 -47 115 -28 -13 -69 -33 -46 -75 -27 -19 102 95 -80 -40 -14 125 -43 85 -38 -86 -88 121 -48 -51 -61 -93 -12 -45 -79 98 -98 -67 -100 -99 -101 103 -31 -104 -78 -64 -82 -7 -49 -5 112 113 -10 -74 -26 -53 119 -119 -118 -121 -89 -92 -24 -34 -50
right_child=2 6 8 110 10 12 23 -9 111 22 11 14 17 32 15 16 47 76 19 20 21 38 36 24 27 26 52 51 -30 77 54 72 41 -35 40 -37 39 -39 80 -41 -42 43 62 94 45 46 89 60 82 90 -52 116 -54 -55 -56 56 -58 59 -60 91 -62 -63 106 -65 65 66 -68 71 -70 -71 -72 -73 114 74 -76 -77 105 78 79 -81 107 -83 -84 -85 86 -87 87 88 -90 -91 122 92 -94 -95 -96 -97 97 100 99 101 -102 -103 104 -105 -106 -107 -108 -109 -110 -111 -112 -113 -114 -115 -116 -117 117 118 -120 120 -122 -123 -124 -125 -126 -127
leaf_value=0.011873842901384924 -0.00081250635703720682 -0.0010130331953041361 -0.02078468436125018 0.0049206028048877793 0.015213419202543052 -0.0049828305030647727 0.0013616240759048177 0.023358233503857906 0.005103844616404638 0.0082661140520242336 0.0056937078268987622 0.0086892702706851295 0.014421036024149616 -0.0012038652431127595 0.0010782804971023563 0.0091512855506542031 0.0044970043231078007 -0.0032474308593775291 -0.013540801420531233 0.0072016514990436344 -0.012603776116130819 0.0096021975417557009 0.015054936983011342 -0.0015783848649470872 0.012619657954664623 0.0080370938673873845 -0.013553373487611571 0.0039904586798178224 0.00042275360703206654 -0.0042363690922048673 -0.0086327322908416985 0.0073905829001106697 -0.0070314837645643535 0.016035800842349918 -0.0033227859772501913 0.0021952605702717847 0.0016169751108512584 0.014116245851479104 -0.0094098502979194261 0.0089842554083146269 0.0061910779486513056 -0.0092824441896607237 0.0029789015696957406 2.9198385131404287e-05 -0.005154221999461671 -0.012995459007790318 -0.0015449188438133668 0.0016473922974620323 0.014516061578788828 -0.018026602059803137 -0.0037319444901051215 -0.0063738399555333738 -0.00064150249559825282 -0.0069987538697851778 0.0065606216395610387 -0.0071406305429214468 0.00041522721225863759 0.0036117395723907447 0.027771312664234243 0.013856810765605462 -0.0049754738424852094 0.0047756335485843694 -0.0033806525182323811 0.012586000260594386 0.0084909961059206149 -9.2342533688467799e-05 0.0082805291366546095 -0.022741448875740939 0.022000755275733738 0.0032949732310012703 0.0034450887691685368 -0.0082752866978302812 -0.015733547362303778 0.013759453970474414 -0.0019475850006763823 0.0032171193148779536 -0.010613666845425409 0.0068237246220537243 -0.01963722048909947 -0.0076433365553725862 -0.013247587959245076 -0.0017533021771738799 0.0032409221460697035 -0.0022848316469322857 -0.0012015492664873911 0.0081152825394821184 0.0090289698427292904 -0.00357651081345421 0.00086752697376024309 -0.017951002290905332 0.0091315378119834513 0.014648849521833747 0.0057183958979486037 -0.0028035134098676672 -0.005478546050265337 -0.016380243373866069 -0.0013251200091124299 0.0076978138199922342 0.022231990140758842 0.0023385274746946707 0.0010358701830747905 0.010907235114581377 -0.012963388403605952 -0.01275071247852789 -0.0025063378737875874 -0.022124831039784163 0.0021337500853391396 -0.0021924575631924203 -0.0096692178118962455 0.0046431945880396055 0.011938456316185085 -0.005349468696431027 -0.013355379641194353 0.028086108268494621 -0.0093657992783783926 0.0035484815829780678 -0.0030397741623913281 0.0009809042445653325 -0.0049560868739419702 0.026187713915608316 0.0042626065520973769 0.0056076380495562999 -0.007867555990625821 0.0043911250550183328 -0.0017611770094974567 0.0078594991621309656
leaf_weight=983 1723 749 151 679 67 681 1046 219 253 3275 377 1465 51 4716 6148 1094 646 216 544 360 236 143 100 787 239 963 51 605 837 2332 394 30 1510 156 1382 2493 1219 659 294 839 280 1784 787 765 310 860 53 2974 260 104 2480 497 4227 2184 89 403 2168 590 81 547 264 1422 1728 356 860 468 518 68 77 1988 787 4777 1118 121 183 1452 647 24 107 2557 98 2875 578 309 1244 1683 647 141 1716 434 45 312 872 312 865 319 1660 634 94 518 732 296 401 237 149 104 495 3902 2424 2291 362 189 43 25 375 321 397 861 1294 25 518 1852 236 1566 511 2931
leaf_count=983 1723 749 151 679 67 681 1046 219 253 3275 377 1465 51 4716 6148 1094 646 216 544 360 236 143 100 787 239 963 51 605 837 2332 394 30 1510 156 1382 2493 1219 659 294 839 280 1784 787 765 310 860 53 2974 260 104 2480 497 4227 2184 89 403 2168 590 81 547 264 1422 1728 356 860 468 518 68 77 1988 787 4777 1118 121 183 1452 647 24 107 2557 98 2875 578 309 1244 1683 647 141 1716 434 45 312 872 312 865 319 1660 634 94 518 732 296 401 237 149 104 495 3902 2424 2291 362 189 43 25 375 321 397 861 1294 25 518 1852 236 1566 511 2931
internal_value=-5.0611e-06 0.00316124 -0.00465055 -0.00358005 0.00479068 -0.00387665 0.000582591 0.00657949 -0.00935057 0.00637864 0.00346493 0.00391579 -0.00530887 -0.00226253 0.00321787 0.00269462 0.00414884 -0.00470875 -0.00438147 -0.00501867 -0.00465665 -0.00499962 0.00560032 -0.00034717 -0.00173217 0.000633022 0.00179223 0.000274862 0.00421879 -0.00636141 0.00131716 -0.00996121 -0.00309078 0.00348287 -0.00307363 0.00016142 0.00485154 0.00761084 -0.00253592 0.00416424 -0.00171729 -0.00410683 -0.00277462 -0.00590589 -0.00913969 -0.00888044 -0.00971375 0.00331015 0.00672177 -0.00224197 -0.00221979 -0.00110937 0.000500864 -0.00556438 -0.00582407 -0.000359847 -0.000767817 0.00981262 0.0130903 0.00830781 0.00257248 0.0017734 -0.000808276 0.0073759 0.00318208 0.0037264 0.0028926 -0.00916127 0.00919955 0.00287095 0.00685861 -0.00847961 -0.0137104 -0.000470049 0.00429355 0.00514103 -0.0102172 -0.00737934 -0.00888378 -0.00812729 -0.00294129 -0.00146953 0.00761301 -0.00825142 0.00368802 0.00538716 0.0028067 0.00395231 0.00306544 -0.0161744 -0.00862702 0.00990583 0.00807611 0.00184026 -0.00289133 -0.0147435 0.0022575 0.00113668 0.00471915 0.00720323 0.00413114 0.00546029 -0.0059274 -0.00502387 -0.0101387 -0.0122158 -0.00215091 -0.00246463 -0.00864286 0.0029518 0.00736576 0.000795026 0.00442581 0.00719433 -0.0141376 0.00742863 -0.00196954 -0.00126081 -0.00258225 0.00176436 0.00528405 0.00495573 -0.00512877 0.00503448 -0.00570104 0.00840356
internal_weight=119570 71105 48465 39475 43571 38434 27534 18545 8990 18326 25026 22388 20363 18071 17930 15678 7625 17258 16291 13365 12821 12461 14941 20849 8642 12207 8681 5671 1474 8024 8053 8480 13470 6685 1898 4601 11666 2325 4437 9341 1662 8754 5031 3723 6957 6806 6192 6531 4458 2108 3526 4197 6266 2971 483 2638 2571 3385 1064 2321 5529 7570 3010 1002 6529 5780 4920 5705 637 2039 2252 4845 1523 614 304 2415 967 6126 3007 2664 4294 2926 3769 2093 8502 2902 5600 4356 3709 487 385 1731 1184 689 1630 343 4402 3026 1376 908 1366 814 3119 2569 550 751 2223 4000 3105 5265 1041 510 321 278 1493 560 3592 3095 2155 940 543 1993 281 1666 2021 3191
internal_count=119570 71105 48465 39475 43571 38434 27534 18545 8990 18326 25026 22388 20363 18071 17930 15678 7625 17258 16291 13365 12821 12461 14941 20849 8642 12207 8681 5671 1474 8024 8053 8480 13470 6685 1898 4601 11666 2325 4437 9341 1662 8754 5031 3723 6957 6806 6192 6531 4458 2108 3526 4197 6266 2971 483 2638 2571 3385 1064 2321 5529 7570 3010 1002 6529 5780 4920 5705 637 2039 2252 4845 1523 614 304 2415 967 6126 3007 2664 4294 2926 3769 2093 8502 2902 5600 4356 3709 487 385 1731 1184 689 1630 343 4402 3026 1376 908 1366 814 3119 2569 550 751 2223 4000 3105 5265 1041 510 321 278 1493 560 3592 3095 2155 940 543 1993 281 1666 2021 3191
is_linear=0
shrinkage=0.04


Tree=37
num_leaves=127
num_cat=0
split_feature=9 9 9 17 9 17 7 1 7 9 7 9 1 7 7 1 1 1 1 1 1 2 1 1 17 2 1 17 1 1 1 4 1 1 1 1 1 1 2 2 1 10 1 1 2 2 14 1 1 1 1 2 1 1 1 9 2 2 1 1 2 2 1 2 17 1 2 1 2 1 1 15 7 11 14 1 1 1 4 1 1 2 4 2 1 2 1 1 2 1 2 1 1 6 1 1 1 2 10 1 2 13 1 2 12 2 2 2 1 1 1 2 7 15 1 1 2 2 1 11 2 10 1 1 10 14
split_gain=1013.1 172.081 141.644 57.509 54.5732 53.0331 42.7761 33.765 28.8818 27.8149 25.5847 23.3578 21.0976 18.8646 17.6007 21.1477 16.9894 16.5677 23.3403 19.0407 30.6152 17.843 17.8072 18.682 15.0306 14.8023 14.6269 14.4918 13.7934 16.1382 13.6327 13.4424 13.3552 12.6056 14.701 26.9805 18.1556 22.3875 22.2256 21.3735 16.5216 13.7557 13.5931 11.9315 15.6268 11.9176 11.8079 11.7524 11.528 11.2433 12.0971 10.9534 10.7315 10.9823 10.6919 10.5862 10.3976 10.3497 9.80651 9.68471 13.9501 10.1079 21.1168 15.3458 9.36126 9.31645 9.16822 9.16164 9.01325 8.98514 9.29479 8.9758 8.7684 8.71143 8.71046 8.59536 13.1977 9.67145 8.55783 8.51514 12.0352 9.66438 8.43052 8.37646 8.25891 8.24904 8.20867 7.99539 7.96443 7.96082 7.88056 7.84687 12.5155 9.27916 7.81524 13.5614 13.322 11.8695 8.26893 8.15151 7.8086 7.75363 7.49521 7.26267 7.5678 7.21426 6.98253 12.8569 9.49236 13.6303 8.66568 7.94079 6.82069 6.7739 6.73414 6.72837 6.56316 6.51845 6.37456 6.33741 9.02151 6.32796 6.24716 9.99269 6.18031 6.14391
threshold=9.5000000000000018 6.5000000000000009 13.500000000000002 1.0000000180025095e-35 3.5000000000000004 1.0000000180025095e-35 1.5000000000000002 16.500000000000004 1.5000000000000002 16.500000000000004 3.5000000000000004 11.500000000000002 29.500000000000004 1.0000000180025095e-35 1.5000000000000002 75.500000000000014 243.50000000000003 16.500000000000004 75.500000000000014 167.50000000000003 142.50000000000003 970.50000000000011 47.500000000000007 43.500000000000007 1.0000000180025095e-35 902.50000000000011 84.500000000000014 1.0000000180025095e-35 160.50000000000003 159.50000000000003 62.500000000000007 15.500000000000002 266.50000000000006 19.500000000000004 65.500000000000014 47.500000000000007 208.50000000000003 194.50000000000003 772.50000000000011 1154.5000000000002 43.500000000000007 43370.500000000007 12.500000000000002 116.50000000000001 305.50000000000006 235.50000000000003 0.97315000000000007 47.500000000000007 77.500000000000014 160.50000000000003 178.50000000000003 1578.5000000000002 189.50000000000003 202.50000000000003 77.500000000000014 7.5000000000000009 1270.5000000000002 1232.5000000000002 34.500000000000007 217.50000000000003 427.50000000000006 1275.5000000000002 78.500000000000014 1419.5000000000002 1.0000000180025095e-35 82.500000000000014 1736.5000000000002 143.50000000000003 36.500000000000007 110.50000000000001 116.50000000000001 1.0000000180025095e-35 3.5000000000000004 971.61000000000013 0.79955000000000009 48.500000000000007 62.500000000000007 266.50000000000006 14.500000000000002 150.50000000000003 140.50000000000003 1654.5000000000002 14.500000000000002 1598.5000000000002 77.500000000000014 403.50000000000006 248.50000000000003 35.500000000000007 902.50000000000011 87.500000000000014 971.50000000000011 107.50000000000001 177.50000000000003 1.0000000180025095e-35 42.500000000000007 151.50000000000003 197.50000000000003 1690.5000000000002 93056.000000000015 15.500000000000002 274.50000000000006 0.92015000000000013 96.500000000000014 183.50000000000003 3.5000000000000004 1542.5000000000002 888.50000000000011 1681.5000000000002 129.50000000000003 176.50000000000003 167.50000000000003 736.50000000000011 3.5000000000000004 1.0000000180025095e-35 19.500000000000004 273.50000000000006 980.50000000000011 1035.5000000000002 201.50000000000003 7801.8550000000005 537.50000000000011 46504.500000000007 108.50000000000001 118.50000000000001 66693.500000000015 0.86235000000000006
decision_type=2 2 2 2 2 2 2 2 2 2 2 2 2 2 2 2 2 2 2 2 2 2 2 2 2 2 2 2 2 2 2 2 2 2 2 2 2 2 2 2 2 2 2 2 2 2 2 2 2 2 2 2 2 2 2 2 2 2 2 2 2 2 2 2 2 2 2 2 2 2 2 2 2 2 2 2 2 2 2 2 2 2 2 2 2 2 2 2 2 2 2 2 2 2 2 2 2 2 2 2 2 2 2 2 2 2 2 2 2 2 2 2 2 2 2 2 2 2 2 2 2 2 2 2 2 2
left_child=1 4 5 9 10 7 27 -2 13 12 64 14 90 83 32 47 46 -8 22 20 54 25 23 -19 33 55 82 75 29 48 101 59 -9 42 35 40 37 39 -38 49 58 -40 -10 44 45 -28 -12 87 -17 67 -51 -18 -23 -54 -20 -21 -48 -41 -35 60 68 91 84 -64 73 -56 79 69 -13 -36 -71 -46 -49 -1 119 -3 -77 106 103 80 -59 -81 -14 -6 -63 -32 -30 -16 -37 -50 -4 93 -93 -62 99 98 -97 -98 -96 -15 -75 -24 -7 -45 -105 -65 108 116 -78 -110 -109 -111 -87 -33 -92 -34 -108 -104 -70 -11 -121 -90 -67 -124 -114 -91
right_child=2 6 3 -5 8 102 17 11 24 74 16 31 26 94 15 28 51 18 19 21 -22 52 30 -25 -26 -27 43 -29 86 -31 85 113 115 34 36 88 38 -39 41 57 -42 -43 -44 78 71 -47 56 72 89 50 -52 -53 53 -55 65 -57 -58 66 -60 -61 61 62 63 105 -66 122 -68 -69 118 70 -72 -73 -74 100 -76 76 77 -79 -80 81 -82 -83 -84 -85 -86 112 -88 -89 121 125 114 92 -94 -95 95 96 97 -99 -100 -101 -102 -103 117 104 -106 -107 107 110 109 111 -112 -113 124 -115 -116 -117 -118 -119 -120 120 -122 -123 123 -125 -126 -127
leaf_value=-0.012188848629849883 -0.0084048318739977645 -0.00097251725909652603 -0.016343781951891633 0.0026541310469135357 -0.0046746865680654306 0.0039469242750517202 -0.007076696602309366 -0.00073396818288992975 0.013508984650531727 -0.013311578906438058 0.0045277770819271831 -0.0075698048417120901 -0.0030091818406888476 0.013159251034488752 -0.00065004739951989368 -0.010964727859633275 0.011995656963457982 0.0010891433827517475 -0.0096003570413726123 0.0071474303077224671 -0.0067188165609886295 0.003344345618309659 0.003870915826218253 -0.0056272291335953684 0.019500243093061392 0.021121866636548373 -0.018099552626099535 0.015394779749973549 -0.0006438767302264283 -0.011605972162981726 -0.0075044418024013508 -0.0034772588387389156 0.0066473688319378353 0.0014211651476217183 -0.0042055954802742322 0.0052086314604772969 0.0088214603806243113 -0.006541132070185432 0.0046895780757208938 0.0089310394774992884 -0.007474205469194784 0.0011077217329762096 -0.0036141921589308464 -0.016441489324243039 -0.0069041124654728508 0.012328655025653636 0.0095511250140182819 -0.021332224442017034 0.0033738211254467961 0.0060778102991961708 -0.0016210637905378293 0.001497704348801516 -0.0091529660172299764 -0.0012836166075008285 0.0072321756819472473 0.00010082123636931883 0.0044744294303820939 0.0015130583143107682 0.0081675189864336244 -0.002023561775902329 -0.009796526478186296 -0.0017741879629491393 -0.0034749410492929179 -0.015413359447748196 0.032400235720106821 -0.0023977013959942538 0.0049786855959400083 -0.0050050860831576758 -0.0016290244014095165 0.016692409852933247 0.0012192307874291605 -0.011802374773792274 0.0011124095892669059 0.023607129887002122 -0.0033423851509790776 0.0081513957911512214 -8.8649605108590945e-05 0.007949371980479833 -0.011774428213858559 -0.0066093025269209019 0.010807950070703799 0.0017157675820496962 -0.013275604212925021 0.0062806470804297734 0.0059152475792614827 -0.013012300050159489 -0.0054022741555531497 -0.0058925056590843948 0.01281904249627753 -0.0054703105213539339 -0.010513214805348548 -0.0037032096000657144 -0.011601571940915996 0.0076721555957507473 0.012936240969652924 -0.00080416401718117619 0.0059621895834381022 0.014886418140709992 0.0068671335675152016 -0.0012971794240002523 0.0094448341537868904 0.0097834451059795585 0.0083356365611026301 -0.0053769636413579618 -0.011818158725024945 -0.0078087121701646859 -0.016501899744107339 0.0073899498456750376 0.021343655462092728 0.0022450044087844881 0.00099444103014872031 0.010471093003946013 0.0031753248898213605 -0.012567947512796772 0.0079191855950789015 -0.0072502824376335711 -0.00085397561208745102 0.02067138513330254 0.010774682390882407 -0.0001965704765279598 -0.012119170221044149 0.0072625233805299451 0.0056111595485244994 -0.0015152574919001841 -0.00022834083785556946 -0.0019783036096951874
leaf_weight=29 1923 749 529 810 340 412 567 3931 82 2204 9037 429 1803 78 981 399 978 1958 200 595 2184 729 1981 1001 87 77 27 156 2215 581 171 188 609 1286 525 846 1243 547 3657 509 265 3238 763 105 879 85 1636 28 231 705 607 191 312 3156 257 802 1073 1332 472 3289 1461 1154 1053 324 29 1591 1931 1006 2408 67 851 1914 2954 64 182 860 468 518 452 383 268 533 138 166 277 51 787 889 698 2364 417 1534 407 50 930 408 1980 272 592 309 2929 434 230 4575 313 531 44 634 94 518 732 296 1969 445 34 61 1616 99 68 154 302 629 524 787 1503 1230
leaf_count=29 1923 749 529 810 340 412 567 3931 82 2204 9037 429 1803 78 981 399 978 1958 200 595 2184 729 1981 1001 87 77 27 156 2215 581 171 188 609 1286 525 846 1243 547 3657 509 265 3238 763 105 879 85 1636 28 231 705 607 191 312 3156 257 802 1073 1332 472 3289 1461 1154 1053 324 29 1591 1931 1006 2408 67 851 1914 2954 64 182 860 468 518 452 383 268 533 138 166 277 51 787 889 698 2364 417 1534 407 50 930 408 1980 272 592 309 2929 434 230 4575 313 531 44 634 94 518 732 296 1969 445 34 61 1616 99 68 154 302 629 524 787 1503 1230
internal_value=-4.83815e-06 0.00303489 -0.00446463 -0.00770678 0.00459917 -0.00302204 0.000559352 -0.00326119 0.00352223 -0.00830173 0.00646091 -0.0029407 -0.00740895 0.006249 -0.00196304 -0.00273312 0.00568182 -0.000333236 -0.000144485 -0.00136487 -0.00303206 0.000264023 0.00136426 -0.0011817 0.00290781 0.00405047 -0.00687395 0.00334369 -0.00402208 -0.00535149 0.0025981 -0.00417952 0.00015488 0.00284322 0.0030308 0.00515695 0.00251789 0.00130627 0.00389663 0.00179923 0.00182998 0.0030081 -0.0019464 -0.0076015 -0.00967459 0.004948 0.00522336 -0.000658283 -0.00449 -0.000473508 0.00251301 0.0102841 -0.0010649 -0.00199298 -0.000633644 0.00310522 0.00754203 0.00352474 0.00323511 -0.00390147 -0.00453804 -0.00553077 -0.00395874 -0.00671356 0.00975721 -6.43983e-05 0.00290485 -0.00207514 -0.00221586 -2.95268e-05 0.00235459 -0.0102626 0.000899612 0.00953754 -0.0118406 0.00305491 0.0035775 0.00277704 -0.00649458 0.00131148 0.00307303 -0.0017611 -0.0037418 -0.00107221 -0.000282632 0.00106883 -0.0018928 -0.00314464 0.0082522 -0.00381328 -0.0130216 -0.00705003 -0.00536196 -0.00921536 0.00706068 0.00756418 0.00583743 0.00704246 0.0105788 0.00160883 0.00974978 0.00493547 0.00755781 -0.00601558 -0.00579047 -0.0106966 0.00216731 0.00109122 0.00453061 0.00691561 0.00396603 0.00524214 0.0014863 -0.00987532 -0.00911332 0.0053752 -0.00127212 0.0120649 -0.00128634 -0.0124204 -0.00810237 0.010189 -0.000712185 0.00133029 0.00170079 -0.00427642
internal_weight=119570 71105 48465 14923 43571 33542 27534 32801 27605 14113 15966 30878 11271 5075 17260 12659 12915 20849 20282 11214 5543 5671 9068 2959 22530 1474 10291 6685 7807 4805 6109 13618 4601 22443 21598 4196 17402 9264 8138 8717 2023 6895 845 8350 2905 112 11746 4852 4224 3761 1312 1169 4197 3468 3359 1397 2709 4956 1758 12985 9696 6791 3339 1908 3051 3159 4447 2449 2905 1443 918 2793 2982 3022 2842 6529 5780 4920 5445 2516 1600 916 1941 506 1431 3694 3002 1870 2173 3825 980 3452 1941 1511 4569 4182 2660 2252 1522 387 2993 2415 741 4993 4888 855 4402 3026 1376 908 1366 814 3523 633 451 670 1660 329 2476 2660 456 1327 2902 1311 3472 3594
internal_count=119570 71105 48465 14923 43571 33542 27534 32801 27605 14113 15966 30878 11271 5075 17260 12659 12915 20849 20282 11214 5543 5671 9068 2959 22530 1474 10291 6685 7807 4805 6109 13618 4601 22443 21598 4196 17402 9264 8138 8717 2023 6895 845 8350 2905 112 11746 4852 4224 3761 1312 1169 4197 3468 3359 1397 2709 4956 1758 12985 9696 6791 3339 1908 3051 3159 4447 2449 2905 1443 918 2793 2982 3022 2842 6529 5780 4920 5445 2516 1600 916 1941 506 1431 3694 3002 1870 2173 3825 980 3452 1941 1511 4569 4182 2660 2252 1522 387 2993 2415 741 4993 4888 855 4402 3026 1376 908 1366 814 3523 633 451 670 1660 329 2476 2660 456 1327 2902 1311 3472 3594
is_linear=0
shrinkage=0.04


Tree=38
num_leaves=127
num_cat=0
split_feature=9 9 9 8 8 7 7 8 7 9 2 1 7 2 7 0 1 2 0 0 0 1 1 1 1 2 0 1 2 1 1 1 1 1 7 1 1 1 0 18 1 2 1 2 0 0 11 1 13 1 10 2 1 1 1 1 7 2 2 2 2 1 1 0 10 0 1 1 2 2 1 0 1 2 2 2 1 14 2 0 0 1 1 1 0 0 8 11 2 10 2 1 0 10 1 18 1 2 1 11 11 2 1 0 0 1 2 2 0 0 18 0 0 9 0 0 14 1 10 0 0 0 1 2 1 2
split_gain=933.721 158.595 130.543 57.696 44.2827 42.5249 39.4249 35.5913 29.1306 28.1108 23.2627 23.1899 23.2301 23.0772 21.7964 20.2908 18.6989 18.2836 20.8498 17.3396 22.5605 19.9703 18.1184 17.229 17.0812 17.0174 15.855 30.58 16.6759 14.8729 14.3764 13.5551 27.2299 21.9811 17.6003 16.1807 21.6226 27.9902 13.1926 13.031 12.9986 12.4841 12.4078 11.7689 11.6685 11.6163 11.4789 11.2007 11.1 10.8719 10.795 10.7307 10.6623 28.0079 17.0884 10.7561 10.3967 10.2522 13.5607 10.0209 9.30743 9.17195 10.8478 9.13293 8.89078 8.86059 12.5417 21.04 11.7073 10.4578 8.8019 8.74472 8.67577 8.65876 14.8794 10.4461 8.62378 8.50123 8.47285 8.45649 10.0224 10.4954 8.70447 8.29474 8.25255 9.63779 8.1899 7.99285 7.9445 7.91868 7.64865 7.56605 9.39588 7.49609 7.47951 7.81273 9.94606 7.47881 8.73112 7.4221 7.41794 7.38717 7.36669 7.28156 9.1322 7.11027 7.06587 7.02059 6.98647 10.5931 6.97156 8.47346 6.96486 6.90712 6.88193 6.87081 7.92105 6.83607 6.80732 6.70024 7.37747 6.66357 6.6251 8.1666 6.49822 6.47922
threshold=9.5000000000000018 6.5000000000000009 13.500000000000002 1.5000000000000002 1.5000000000000002 1.5000000000000002 1.5000000000000002 1.5000000000000002 3.5000000000000004 15.500000000000002 1292.5000000000002 30.500000000000004 3.5000000000000004 427.50000000000006 3.5000000000000004 15.500000000000002 62.500000000000007 415.50000000000006 27.500000000000004 6.5000000000000009 14.500000000000002 74.500000000000014 208.50000000000003 18.500000000000004 206.50000000000003 772.50000000000011 25.500000000000004 143.50000000000003 1736.5000000000002 29.500000000000004 189.50000000000003 75.500000000000014 77.500000000000014 47.500000000000007 3.5000000000000004 78.500000000000014 161.50000000000003 159.50000000000003 24.500000000000004 1.0000000180025095e-35 248.50000000000003 1530.5000000000002 27.500000000000004 439.50000000000006 27.500000000000004 12.500000000000002 12592.170000000002 212.50000000000003 0.90225000000000011 271.50000000000006 33736.500000000007 736.50000000000011 118.50000000000001 153.50000000000003 225.50000000000003 77.500000000000014 1.0000000180025095e-35 305.50000000000006 58.500000000000007 36.500000000000007 1849.5000000000002 12.500000000000002 15.500000000000002 26.500000000000004 108129.50000000001 25.500000000000004 118.50000000000001 110.50000000000001 1926.5000000000002 491.50000000000006 218.50000000000003 15.500000000000002 176.50000000000003 556.50000000000011 93.500000000000014 657.50000000000011 28.500000000000004 0.8559500000000001 856.50000000000011 26.500000000000004 27.500000000000004 178.50000000000003 129.50000000000003 259.50000000000006 7.5000000000000009 23.500000000000004 1.5000000000000002 7750.1900000000014 102.50000000000001 42193.500000000007 1578.5000000000002 48.500000000000007 27.500000000000004 41913.500000000007 245.50000000000003 1.0000000180025095e-35 75.500000000000014 1591.5000000000002 137.50000000000003 4195.7650000000003 17057.665000000005 998.50000000000011 192.50000000000003 7.5000000000000009 4.5000000000000009 127.50000000000001 1922.5000000000002 279.50000000000006 27.500000000000004 26.500000000000004 1.0000000180025095e-35 8.5000000000000018 19.500000000000004 22.500000000000004 13.500000000000002 23.500000000000004 0.67675000000000007 165.50000000000003 97504.000000000015 27.500000000000004 26.500000000000004 8.5000000000000018 66.500000000000014 1115.5000000000002 62.500000000000007 1810.5000000000002
decision_type=2 2 2 2 2 2 2 2 2 2 2 2 2 2 2 2 2 2 2 2 2 2 2 2 2 2 2 2 2 2 2 2 2 2 2 2 2 2 2 2 2 2 2 2 2 2 2 2 2 2 2 2 2 2 2 2 2 2 2 2 2 2 2 2 2 2 2 2 2 2 2 2 2 2 2 2 2 2 2 2 2 2 2 2 2 2 2 2 2 2 2 2 2 2 2 2 2 2 2 2 2 2 2 2 2 2 2 2 2 2 2 2 2 2 2 2 2 2 2 2 2 2 2 2 2 2
left_child=1 3 5 8 14 7 48 38 39 29 17 61 56 59 45 50 89 18 46 -8 21 88 43 -15 30 -26 27 97 70 63 65 33 -33 76 -35 -34 37 110 -2 107 -38 49 -22 114 84 -4 -9 78 91 57 99 87 55 -54 -55 122 117 58 -31 -7 -32 -5 -63 -6 108 66 67 68 -18 -68 -29 86 -67 74 -11 -75 -25 -39 -27 -28 81 -81 -82 -24 -43 -86 -50 -16 -21 -14 -56 -3 124 -53 95 -59 -97 98 -17 -10 112 -45 119 104 -61 -46 -99 -1 109 -49 -37 -112 -58 -76 -23 116 -12 -13 -94 120 -19 -109 123 -44 -93 -41
right_child=2 6 4 11 9 13 19 10 15 73 115 12 16 23 51 26 24 102 -20 20 42 22 83 31 25 47 79 28 -30 41 60 32 35 34 -36 36 40 77 -40 125 -42 44 52 101 105 -47 -48 64 71 -51 -52 93 53 54 90 -57 100 94 -60 103 -62 62 -64 -65 -66 72 69 -69 -70 -71 -72 -73 -74 75 113 -77 -78 -79 -80 80 82 -83 -84 -85 85 -87 -88 -89 -90 -91 -92 92 118 -95 -96 96 -98 106 -100 -101 -102 -103 -104 -105 -106 -107 -108 121 -110 -111 111 -113 -114 -115 -116 -117 -118 -119 -120 -121 -122 -123 -124 -125 -126 -127
leaf_value=0.02706891230495187 0.0062347113145382882 -0.0025952492756898073 -0.0013728286252295207 0.014212525535802642 -0.013533436674909119 -0.0043963102341119812 -0.0083937606014520307 -0.0015744558544339984 0.0052962277782341565 -0.017779202393974101 -0.0050348952736731737 0.0052665711898535472 0.0080865262720855296 -0.0080316116254613122 0.00078353824142994371 0.0090487542962195047 -0.00032029697199340018 -0.0089901038519158479 0.01093182781182645 -0.00043532635579928585 -0.0069382669923770558 0.0010371737694503567 0.004998598398991182 -0.00022339927401764559 0.0084230222550256816 0.0041814595990955763 0.010821506548107212 -0.0040882454156152036 0.00466286915159639 -0.017811415866102881 -0.0081699291979660093 -0.011597219652325848 0.0043168798040698732 -0.021486129284755004 0.0011993189012719251 -0.0030043290145354493 -0.0014210083406990116 -0.016952812654416134 -0.00039929777656601967 0.0067151292358191544 -0.0057382627178228039 -0.01210757698616245 0.0021589142018404481 -0.0087482767292432831 -0.0032773829205644447 0.0070388022016445286 -0.011691025245740259 0.0028394189246610012 0.011364921139130815 -0.029770358770321574 0.0052439842003595971 0.0037595480397034954 -0.0058303163835472125 0.0021383128149204986 0.0010876411590390268 0.0060410672168585422 0.0072017585003393905 -0.0051933643829625443 -0.0010007682530258685 0.017131533596397103 0.0061254255319334048 -0.0059641226988153178 0.00053076465301378907 0.0076033469798627842 -0.0048332543070514471 0.0053481877808389793 0.005317723450207419 0.0093727727973278198 0.0088115898379855229 -0.0022360676234489327 0.0012543878618166951 0.0024869271943763903 -6.4358985781238441e-05 -0.020823129899430987 -0.0034399662561723594 -0.011570544170848558 -0.0062726352815287217 -0.0087579793987875194 0.011882999637304097 0.0061531011300973316 -0.0014188343008787688 8.1317944881060243e-05 0.010195976203902432 -0.010856932332424849 -0.0027397157444813882 -0.011720046986037522 0.0049693459766544336 -0.011039812509601121 0.0050852363875459033 0.0031013756041054033 -0.0047065180265718556 0.0064340578969601667 -0.0040938405673022031 -0.012075810640298881 -0.0029142692767020022 -0.0037429775042117424 -0.0099518744157360856 0.0015762377035197508 0.0032987060983770064 0.0097273191577875642 0.0046206753908149944 -0.0021099058059738619 -0.0024970003616311361 0.00035976850153795705 -0.013365090207158743 0.020421497370220733 0.015956129233042397 0.031108679345383267 0.0075847871907540948 -0.0036795152492074623 -0.012150713415457457 -0.0054320427482077117 0.012471928462666383 -0.018944690750982471 0.023507236506604499 -0.0043331195701859426 0.0015081486356169943 -0.002731865559764581 0.014619273844396024 -0.0031825022244374034 -0.029117586874090554 0.011620866960863488 -0.0074397250146116733 -0.001340478949246217 0.0015216295158291451 0.012811456928315477
leaf_weight=53 1364 498 694 67 701 1150 417 1619 800 178 327 377 1465 1915 372 1331 1875 1173 199 504 590 1783 1190 483 1094 646 558 1235 866 87 394 854 346 56 2208 1793 3952 422 738 1910 1557 211 1807 304 34 422 202 4399 541 35 2647 53 2120 2279 506 484 1897 959 654 18 89 514 2057 34 264 1557 336 579 255 2289 820 920 679 212 583 2681 1742 396 356 1151 117 756 840 55 1690 216 795 121 2382 787 1294 498 38 454 427 470 3536 749 623 2545 1359 2312 503 3050 115 49 59 29 428 438 334 3090 513 50 22 458 3099 312 163 349 30 1127 195 2605 3232 329
leaf_count=53 1364 498 694 67 701 1150 417 1619 800 178 327 377 1465 1915 372 1331 1875 1173 199 504 590 1783 1190 483 1094 646 558 1235 866 87 394 854 346 56 2208 1793 3952 422 738 1910 1557 211 1807 304 34 422 202 4399 541 35 2647 53 2120 2279 506 484 1897 959 654 18 89 514 2057 34 264 1557 336 579 255 2289 820 920 679 212 583 2681 1742 396 356 1151 117 756 840 55 1690 216 795 121 2382 787 1294 498 38 454 427 470 3536 749 623 2545 1359 2312 503 3050 115 49 59 29 428 438 334 3090 513 50 22 458 3099 312 163 349 30 1127 195 2605 3232 329
internal_value=-4.64504e-06 0.00291356 -0.00428615 0.0044153 -0.00739867 -0.00290124 0.000536997 -0.000724909 0.00610643 -0.00828446 -0.00194789 0.00316194 0.00357993 -0.00383356 -0.00203542 0.00534811 0.002937 -0.00405914 -0.00135411 -0.000319906 -0.00015489 0.00141146 3.12111e-05 -0.00443016 0.00244698 0.00380405 0.00415735 0.00286073 6.10816e-06 -0.0070877 0.0011615 -0.00402967 -0.00469575 -0.00213776 0.000635504 -0.00419962 -0.00445526 -0.00610976 0.00390374 0.00942528 -0.002642 -0.00660736 -0.00128279 -0.00116844 -0.00401621 0.00180468 -0.00269944 0.00302961 0.00321005 -0.00753084 0.00715673 -0.00632473 -0.000986828 -0.0021009 -0.000161511 0.000368934 0.00616477 -0.00740278 -0.00298202 -0.00119617 -0.00552679 -0.000383859 -0.000766333 -0.0125493 0.00232325 0.00158884 0.000701848 0.00261158 0.000771442 -0.00126749 -0.00195449 0.00549484 0.00370286 -0.0112243 -0.00755696 -0.0122507 -0.00496134 -0.0129921 0.00692264 0.00630937 0.00542852 0.00374827 0.0087718 0.00429412 -0.00459449 -0.00376008 0.00756282 -0.00211188 0.00411978 0.00634637 -0.00307552 0.00204525 0.0026342 -0.0104121 -0.0080095 -0.00844683 -0.00922453 0.00587813 0.00721776 0.00866895 0.006991 -0.00288317 -0.00671597 -3.86137e-05 -0.0091979 0.0106731 0.00263305 0.0127769 0.00268294 0.00224823 -0.00502965 -0.00608893 0.00832571 -0.00467379 0.00131455 0.00026621 0.000882341 0.00163896 0.0110613 -0.0080805 -0.00949774 0.0121159 -0.000226216 9.18592e-05 0.00217873 0.00761325
internal_weight=119570 71105 48465 43571 14923 33542 27534 10061 18545 12807 7959 25026 22388 23481 2116 15097 17930 4075 2020 20849 20432 8552 5666 19148 15678 7625 9105 5683 2921 9103 8053 17233 12744 4489 2264 11890 11544 6035 2102 3448 5509 8368 11880 4421 2200 1116 1821 6531 6685 6168 5992 1000 11290 6199 4079 5091 4458 6133 741 4333 483 2638 2571 735 5529 7570 5334 2709 2130 2625 2055 2256 2236 3704 811 2893 2225 818 1002 3422 2864 1907 957 1245 2117 1906 1336 493 2886 2252 1800 4429 3931 507 5392 4965 4006 2762 1954 3345 3769 2616 2055 3183 133 83 808 1209 5265 4837 5217 3424 2410 633 1805 3884 3426 689 201 1552 1203 1156 4607 4412 3730 2239
internal_count=119570 71105 48465 43571 14923 33542 27534 10061 18545 12807 7959 25026 22388 23481 2116 15097 17930 4075 2020 20849 20432 8552 5666 19148 15678 7625 9105 5683 2921 9103 8053 17233 12744 4489 2264 11890 11544 6035 2102 3448 5509 8368 11880 4421 2200 1116 1821 6531 6685 6168 5992 1000 11290 6199 4079 5091 4458 6133 741 4333 483 2638 2571 735 5529 7570 5334 2709 2130 2625 2055 2256 2236 3704 811 2893 2225 818 1002 3422 2864 1907 957 1245 2117 1906 1336 493 2886 2252 1800 4429 3931 507 5392 4965 4006 2762 1954 3345 3769 2616 2055 3183 133 83 808 1209 5265 4837 5217 3424 2410 633 1805 3884 3426 689 201 1552 1203 1156 4607 4412 3730 2239
is_linear=0
shrinkage=0.04


Tree=39
num_leaves=127
num_cat=0
split_feature=13 8 13 13 7 8 11 7 10 17 0 11 10 0 7 11 2 1 8 0 0 11 2 1 1 2 2 13 10 13 13 13 13 0 1 10 2 0 1 1 11 1 1 1 1 17 1 0 1 13 2 0 1 1 10 10 13 2 1 1 10 1 11 2 1 1 1 1 1 7 1 1 1 1 10 0 1 1 1 2 1 0 2 1 1 1 2 13 1 0 2 2 1 0 1 2 7 1 2 1 0 1 1 11 1 1 2 11 10 0 1 7 1 11 7 10 2 1 0 18 0 7 1 0 2 18
split_gain=733.77 126.771 90.7977 54.5592 47.4093 43.3697 42.0392 41.7723 38.3391 29.1995 23.735 23.5949 23.1851 22.2105 21.9773 17.8457 17.8424 17.7932 16.9664 16.6552 15.1561 14.9061 14.8643 14.7039 17.4711 14.4453 14.394 14.2445 13.0919 13.0614 15.4131 14.1684 12.3503 12.7032 14.7661 11.9891 11.9451 11.3547 24.0218 13.2501 11.1641 10.9979 10.5434 10.4848 18.9161 10.2313 9.94689 13.5321 13.2205 10.7536 9.84044 9.75237 12.9096 12.4335 9.71019 9.70871 9.90262 9.69501 9.59925 9.36175 9.04867 8.9786 8.95245 8.89625 8.78946 15.1281 8.78913 15.2014 18.9961 8.67298 9.46033 8.53078 12.0818 8.36515 8.28299 9.6466 8.28247 7.86257 7.8525 7.8483 7.84162 7.83893 10.1182 7.70891 7.70179 17.8306 7.90358 7.69473 9.08319 7.58578 9.78145 11.8108 8.63458 8.90542 8.85826 7.86116 7.52243 7.42919 7.36 7.17219 8.84817 7.1395 13.4659 7.13695 7.57147 7.53219 7.09931 7.05538 6.97649 6.43773 6.43026 6.41104 6.32366 6.24966 6.96333 6.23702 6.17515 6.11733 6.11244 6.09685 6.02154 5.97568 5.96487 5.76306 5.74905 5.73832
threshold=0.90225000000000011 1.5000000000000002 0.93415000000000015 0.86985000000000012 1.5000000000000002 1.5000000000000002 8751.0000000000018 3.5000000000000004 84545.000000000015 1.0000000180025095e-35 15.500000000000002 6999.9500000000007 124602.50000000001 5.5000000000000009 3.5000000000000004 7167.170000000001 1429.5000000000002 19.500000000000004 1.5000000000000002 6.5000000000000009 6.5000000000000009 11841.415000000003 305.50000000000006 16.500000000000004 75.500000000000014 73.500000000000014 1001.5000000000001 0.97215000000000007 120116.00000000001 0.57855000000000012 0.77740000000000009 0.65195000000000014 0.51775000000000015 25.500000000000004 239.50000000000003 70509.000000000015 183.50000000000003 25.500000000000004 137.50000000000003 62.500000000000007 7452.8050000000012 14.500000000000002 75.500000000000014 66.500000000000014 208.50000000000003 1.0000000180025095e-35 77.500000000000014 23.500000000000004 167.50000000000003 0.88595000000000013 1176.5000000000002 10.500000000000002 74.500000000000014 208.50000000000003 62894.500000000007 27516.000000000004 0.83265000000000011 1824.5000000000002 71.500000000000014 266.50000000000006 113334.50000000001 14.500000000000002 5345.5250000000005 1440.5000000000002 167.50000000000003 118.50000000000001 36.500000000000007 234.50000000000003 254.50000000000003 3.5000000000000004 245.50000000000003 223.50000000000003 85.500000000000014 265.50000000000006 180106.50000000003 8.5000000000000018 243.50000000000003 49.500000000000007 116.50000000000001 1736.5000000000002 38.500000000000007 8.5000000000000018 1614.5000000000002 27.500000000000004 47.500000000000007 137.50000000000003 1305.5000000000002 0.91795000000000015 230.50000000000003 15.500000000000002 1142.5000000000002 1493.5000000000002 83.500000000000014 14.500000000000002 38.500000000000007 1922.5000000000002 1.0000000180025095e-35 12.500000000000002 769.50000000000011 115.50000000000001 16.500000000000004 111.50000000000001 145.50000000000003 4896.7900000000009 18.500000000000004 8.5000000000000018 1578.5000000000002 5549.7000000000007 34503.500000000007 25.500000000000004 143.50000000000003 3.5000000000000004 116.50000000000001 971.61000000000013 3.5000000000000004 117931.50000000001 888.50000000000011 176.50000000000003 25.500000000000004 1.0000000180025095e-35 27.500000000000004 3.5000000000000004 218.50000000000003 14.500000000000002 1654.5000000000002 1.0000000180025095e-35
decision_type=2 2 2 2 2 2 2 2 2 2 2 2 2 2 2 2 2 2 2 2 2 2 2 2 2 2 2 2 2 2 2 2 2 2 2 2 2 2 2 2 2 2 2 2 2 2 2 2 2 2 2 2 2 2 2 2 2 2 2 2 2 2 2 2 2 2 2 2 2 2 2 2 2 2 2 2 2 2 2 2 2 2 2 2 2 2 2 2 2 2 2 2 2 2 2 2 2 2 2 2 2 2 2 2 2 2 2 2 2 2 2 2 2 2 2 2 2 2 2 2 2 2 2 2 2 2
left_child=1 4 7 6 36 9 8 45 11 10 51 29 54 -10 50 28 32 97 26 -16 -20 71 40 -21 -25 -23 87 69 107 -3 31 -31 -6 43 62 -13 -1 38 39 -12 42 -22 -17 108 99 59 -26 -48 49 -49 116 52 77 -53 -8 -32 -57 66 83 123 61 -24 -35 -18 65 106 103 -68 -69 96 89 72 80 -55 75 -74 111 -4 -54 110 -14 -65 120 -43 -28 -86 -87 -9 98 92 -91 -92 94 112 -71 -93 -19 -7 -89 100 -45 -39 -103 -38 105 -105 -60 -15 -34 -100 -40 -42 -94 -29 -115 -46 -5 -64 -50 -109 -83 -56 -112 -2 -70 -27
right_child=2 3 5 14 16 17 12 18 13 -11 37 35 21 15 19 22 63 27 20 23 41 25 60 24 46 125 84 113 -30 30 55 -33 33 34 -36 -37 57 101 79 -41 76 58 -44 44 115 -47 47 48 118 -51 -52 53 78 73 121 56 -58 -59 64 -61 -62 -63 117 81 -66 -67 67 68 124 70 -72 -73 74 -75 -76 -77 -78 -79 -80 -81 -82 82 -84 -85 85 86 -88 88 -90 90 91 95 93 -95 -96 -97 -98 -99 109 -101 -102 102 -104 104 -106 -107 -108 119 -110 -111 122 -113 -114 114 -116 -117 -118 -119 -120 -121 -122 -123 -124 -125 -126 -127
leaf_value=-0.0017938716234338961 0.0056445398621529875 -0.008712037837500174 0.0064689290802676536 -0.00072909616920314882 -0.0094519068988303083 0.016033167614500937 0.0034519579270693855 0.0020856298535782466 -0.017736324133544132 0.021450378750881783 0.0038110163503939751 0.0030166084822332538 -0.011074735146608951 -0.012430004962768542 -0.011164724302193325 -0.00037483390339159074 -0.01678149056180657 0.00060905492963332284 -0.010792857306843491 -0.0082976827777434987 -0.0094654924084302105 -0.015636419211517847 -0.021963733948092364 -0.00025356588459376264 -0.0095040779359971926 -0.0076953054888940489 -0.0027999431988644024 -0.0036120420969580763 -0.016457291818237404 -0.0043532180544360597 -0.021114156108171654 0.00054377417561332359 0.011280064050450159 -0.0035831974407324009 -0.0023933204310315676 -0.0037287012653825892 -0.0087243996113956154 0.00023332773350703804 0.0034478496469496564 0.010250932492083743 0 -0.003025052576037978 0.017524020915586157 -0.0022855495303996214 0.0051329465074032941 0.01467543618137904 -0.0019518610349774299 -0.017102073039349554 -0.017869675055762566 -0.0069331929141105073 0.0019756844681373541 0.016643503803154491 0.00017958076170455307 0.0075112588507636061 1.584663119893842e-05 -0.012370038355745917 -0.0053921654153345393 -0.0036250841700927812 -0.0010625909908918659 0.012139268453518716 -0.010132535032950819 -0.0054940474205901636 0.017653139293996433 0.00089599922522006913 0.00055951983411373259 -0.0059456728619409413 0.0076738687398855455 -0.0038854865764680075 0.0047050594807483397 -0.0050673579980453284 0.0065895227964755136 -0.0023975129691412187 -0.01463560750803912 0.013214011096916117 -0.023561251624698017 -0.0072407084859697404 -0.021415418781841781 0.012804704178959308 0.0060381223078621342 0.0048539002182545771 -0.00046077108275915642 -0.0059373975769138193 -0.0014140277901397249 0.0027469540857746602 0.0044195074205914467 -0.0041086027809476072 0.00084538061136656714 0.0037373662177158764 0.019371252471282994 -0.000142937026784808 0.0067424025397562646 0.0012298209274471232 -0.0018890973566450134 0.014876462693720838 0.008175742111116371 0.008543358185951257 0.0064101786323635277 -0.0024399060653184073 0.0092209239673254218 -0.004993470642357202 0.0083215173848175516 0.013796130812627858 0.006035981785139039 0.0029614342049797196 -0.0075833867456391825 0.0208144460223307 0.0072318528727291012 -0.0027819897059413092 0.0014321989003781366 0.029336668876566493 -0.0034161025538518987 -0.0077911946977825631 0.0031902113680559018 0.011176847541949765 0.0057876607883374084 -0.0083035636151491503 -0.0068934087631502975 0.0078134246097952813 -0.0020701110949757763 -0.008462804730706654 0.0075623756812372399 -0.002881580429057974 0.0017096782968530158 0.0025377467603808586 0.014560841182302957 -0.0015298228643986784
leaf_weight=586 1867 1377 635 1263 206 36 701 916 345 202 1105 942 145 650 375 137 75 435 225 682 205 131 54 4299 418 265 778 96 379 3116 69 1355 123 83 294 763 107 274 595 956 482 437 85 751 663 166 4467 230 41 612 2652 371 520 1889 2039 356 3922 233 2253 244 1028 3008 141 732 3406 1199 2105 502 531 88 977 621 363 530 64 1297 40 627 1248 680 483 1948 1767 2401 1883 778 1523 733 88 2815 982 3203 459 95 936 254 2053 960 301 1555 151 407 3023 491 101 41 178 343 1813 28 947 260 2656 469 2167 60 328 369 882 2699 54 2572 588 1971 116 2774
leaf_count=586 1867 1377 635 1263 206 36 701 916 345 202 1105 942 145 650 375 137 75 435 225 682 205 131 54 4299 418 265 778 96 379 3116 69 1355 123 83 294 763 107 274 595 956 482 437 85 751 663 166 4467 230 41 612 2652 371 520 1889 2039 356 3922 233 2253 244 1028 3008 141 732 3406 1199 2105 502 531 88 977 621 363 530 64 1297 40 627 1248 680 483 1948 1767 2401 1883 778 1523 733 88 2815 982 3203 459 95 936 254 2053 960 301 1555 151 407 3023 491 101 41 178 343 1813 28 947 260 2656 469 2167 60 328 369 882 2699 54 2572 588 1971 116 2774
internal_value=-4.46281e-06 -0.00288956 0.00339881 -0.00388729 0.000251756 0.00470932 -0.0048248 0.0013777 -0.00587141 0.00634324 0.00613082 -0.0043574 -0.00286825 -0.00776542 -0.00199082 -0.00738946 -0.00122115 0.00343236 0.000506179 -0.00286539 -0.00052709 -0.00454182 -0.00580927 -0.00259737 -0.00224186 -0.00263141 0.00202165 0.0037254 -0.00936557 -0.00508579 -0.00451897 -0.00286824 0.000174966 0.000506142 0.00492521 0 0.00355303 0.00479146 0.00352025 0.00680048 -0.00144293 -0.000297419 0.00646513 -0.000259325 -0.00167291 0.00493252 -0.00352661 -0.00312489 -0.00609115 -0.00971737 0.000482917 0.00810338 0.00652778 0.00981279 -0.000932067 -0.00621577 -0.00597405 0.00429526 -0.000106576 0.00453499 -0.00688006 -0.00578651 0.00856016 -0.00311632 -0.00089905 -0.00226869 0.00475839 0.0056534 0.00194802 0.00323957 0.00280848 -0.00657732 -0.00767907 0.00876287 -0.00941035 -0.00886098 -0.00369358 0.00962067 0.00431739 0.00111278 -0.00291919 -0.00288736 -0.00362321 0.00185669 0.000852549 0.00153272 -0.000827997 0.0048274 0.00700744 0.00248651 0.0017002 0.00286991 0.00383266 0.00281019 0.00703337 0.00176857 0.00539759 -0.00176665 0.00597744 -0.0033473 -0.000504706 0.00646196 0.00695833 0.000817147 0.00243746 0.00434849 -0.000453347 -0.00863606 0.00206048 0.0109535 -7.98618e-05 -0.00273008 0.00244045 0.00638278 0.00674842 0.00401136 -0.0020028 0.0105446 -0.00277813 -0.00782369 -0.00557091 -0.00159949 -0.00145002 0.0040502 0.00648025 -0.002069
internal_weight=119570 64712 54858 49114 15598 33278 32865 21580 21410 14597 14395 11900 11455 9510 16249 9165 10785 18681 17332 12006 10304 6143 5094 11631 10949 3170 7028 17685 4071 10195 8818 4471 6209 6003 887 1705 4813 8575 4871 2061 1004 10079 222 5116 3180 4248 6650 6232 1765 842 4243 5820 3030 2790 5312 4347 4278 4227 9874 4082 4090 3062 593 4576 7036 3630 3994 3254 1149 14953 12465 2973 2352 2419 1724 1660 782 1262 1768 2810 628 4501 3769 2838 4962 4184 2301 2066 1150 11488 7254 4439 4234 3210 1024 3457 2488 996 1062 2457 902 3704 3430 740 633 532 2431 3692 1936 329 2130 742 3115 2732 2636 723 1591 510 923 3042 2002 4611 1535 3838 647 3039
internal_count=119570 64712 54858 49114 15598 33278 32865 21580 21410 14597 14395 11900 11455 9510 16249 9165 10785 18681 17332 12006 10304 6143 5094 11631 10949 3170 7028 17685 4071 10195 8818 4471 6209 6003 887 1705 4813 8575 4871 2061 1004 10079 222 5116 3180 4248 6650 6232 1765 842 4243 5820 3030 2790 5312 4347 4278 4227 9874 4082 4090 3062 593 4576 7036 3630 3994 3254 1149 14953 12465 2973 2352 2419 1724 1660 782 1262 1768 2810 628 4501 3769 2838 4962 4184 2301 2066 1150 11488 7254 4439 4234 3210 1024 3457 2488 996 1062 2457 902 3704 3430 740 633 532 2431 3692 1936 329 2130 742 3115 2732 2636 723 1591 510 923 3042 2002 4611 1535 3838 647 3039
is_linear=0
shrinkage=0.04


Tree=40
num_leaves=127
num_cat=0
split_feature=9 9 17 9 7 9 7 1 1 0 7 17 0 1 0 1 7 2 1 1 1 1 1 1 0 1 1 1 1 1 2 0 0 0 1 1 9 0 1 10 1 14 0 2 1 1 17 0 0 9 11 0 1 2 0 0 1 1 0 2 8 1 1 7 2 1 2 4 9 0 1 1 2 1 4 2 2 2 1 1 1 10 2 2 1 1 1 1 8 1 0 2 2 11 1 13 4 2 0 1 10 2 0 4 2 1 0 0 4 2 13 14 1 1 1 1 2 2 2 4 1 4 0 1 11 10
split_gain=780.803 201.985 69.1026 59.6324 54.7117 38.1728 37.4541 30.4858 53.4785 21.106 20.97 20.7308 20.5771 20.5674 31.1333 21.5317 19.4476 18.9682 18.8504 21.1455 17.9713 17.4464 16.3709 15.5993 15.5688 15.0534 16.4825 30.3303 15.0969 19.1987 14.805 14.4129 14.3018 28.4047 14.1881 13.7029 13.0517 12.8046 12.6539 12.5164 12.4136 12.3695 12.1047 12.0847 12.0046 11.6009 11.549 11.552 11.3152 11.2548 11.1174 11.0532 10.8717 10.0369 9.91619 9.89975 9.87002 14.2141 11.7144 13.659 9.60546 9.43146 9.3745 9.25398 9.22491 8.99716 8.9816 8.86894 10.3511 8.79564 8.78103 8.58157 8.49387 8.34618 8.31423 8.20041 17.22 8.16347 8.11021 8.62967 9.6439 7.94882 7.76128 7.70756 7.34897 8.68884 10.7958 8.24547 7.94676 8.42379 7.83139 7.31673 7.26095 7.24372 7.21069 7.15578 7.14156 7.6922 8.8997 8.82206 9.11167 8.0099 8.95847 7.13276 7.07504 8.86549 6.86677 6.7846 6.64838 6.55676 6.49735 6.77508 9.05837 13.0539 17.6017 11.7517 8.73784 6.38933 8.15012 6.38606 6.37425 7.12742 6.34834 6.28967 6.37643 6.28672
threshold=7.5000000000000009 12.500000000000002 1.0000000180025095e-35 3.5000000000000004 1.5000000000000002 14.500000000000002 3.5000000000000004 75.500000000000014 47.500000000000007 16.500000000000004 3.5000000000000004 1.0000000180025095e-35 10.500000000000002 167.50000000000003 24.500000000000004 77.500000000000014 3.5000000000000004 626.50000000000011 74.500000000000014 233.50000000000003 165.50000000000003 171.50000000000003 48.500000000000007 217.50000000000003 27.500000000000004 15.500000000000002 143.50000000000003 167.50000000000003 176.50000000000003 246.50000000000003 1849.5000000000002 15.500000000000002 27.500000000000004 26.500000000000004 77.500000000000014 266.50000000000006 10.500000000000002 7.5000000000000009 218.50000000000003 72709.500000000015 241.50000000000003 0.65215000000000012 27.500000000000004 1530.5000000000002 248.50000000000003 78.500000000000014 1.0000000180025095e-35 28.500000000000004 26.500000000000004 18.500000000000004 10000.415000000003 26.500000000000004 16.500000000000004 518.50000000000011 26.500000000000004 6.5000000000000009 52.500000000000007 62.500000000000007 27.500000000000004 526.50000000000011 1.5000000000000002 71.500000000000014 212.50000000000003 1.0000000180025095e-35 1831.5000000000002 62.500000000000007 20.500000000000004 14.500000000000002 15.500000000000002 15.500000000000002 159.50000000000003 43.500000000000007 1220.5000000000002 245.50000000000003 13.500000000000002 1849.5000000000002 1598.5000000000002 36.500000000000007 267.50000000000006 83.500000000000014 118.50000000000001 157970.00000000003 518.50000000000011 706.50000000000011 136.50000000000003 197.50000000000003 212.50000000000003 266.50000000000006 1.5000000000000002 42.500000000000007 7.5000000000000009 850.50000000000011 715.50000000000011 5503.9000000000005 163.50000000000003 0.97345000000000015 13.500000000000002 305.50000000000006 14.500000000000002 191.50000000000003 180106.50000000003 58.500000000000007 7.5000000000000009 28.500000000000004 1909.5000000000002 43.500000000000007 7.5000000000000009 8.5000000000000018 3.5000000000000004 1555.5000000000002 0.88595000000000013 0.81415000000000015 29.500000000000004 84.500000000000014 77.500000000000014 75.500000000000014 86.500000000000014 1449.5000000000002 940.50000000000011 22.500000000000004 219.50000000000003 13.500000000000002 29.500000000000004 220.50000000000003 6678.8450000000003 21492.500000000004
decision_type=2 2 2 2 2 2 2 2 2 2 2 2 2 2 2 2 2 2 2 2 2 2 2 2 2 2 2 2 2 2 2 2 2 2 2 2 2 2 2 2 2 2 2 2 2 2 2 2 2 2 2 2 2 2 2 2 2 2 2 2 2 2 2 2 2 2 2 2 2 2 2 2 2 2 2 2 2 2 2 2 2 2 2 2 2 2 2 2 2 2 2 2 2 2 2 2 2 2 2 2 2 2 2 2 2 2 2 2 2 2 2 2 2 2 2 2 2 2 2 2 2 2 2 2 2 2
left_child=3 4 5 10 11 23 50 8 17 12 60 35 18 14 15 -9 -10 77 22 20 94 48 52 32 49 -11 34 125 54 42 -19 64 33 74 61 36 41 -23 -25 65 -21 -2 75 82 73 -17 47 95 -15 67 -5 103 -8 -34 -29 -47 -43 -58 -59 -60 -1 104 -14 -52 78 -18 -57 96 -69 -40 -16 -32 83 120 81 76 -30 -6 79 -12 -81 -3 -26 -36 88 -86 91 -88 -65 -90 -91 -87 -64 -72 -20 -33 108 101 117 100 -100 -98 -103 -37 -27 -106 -70 -62 -7 -55 111 112 116 114 115 -114 -76 118 -99 -38 -39 -122 -31 124 -71 -28
right_child=1 2 -4 6 7 24 9 13 16 25 31 -13 62 21 70 45 39 30 19 40 -22 37 -24 38 43 26 27 28 29 122 71 46 53 -35 72 51 119 44 69 -41 -42 56 -44 -45 -46 55 -48 -49 -50 -51 63 -53 -54 109 -56 66 57 58 59 -61 107 -63 92 84 -66 -67 -68 68 106 123 93 -73 -74 -75 110 -77 -78 -79 -80 80 -82 -83 -84 -85 85 86 87 -89 89 90 -92 -93 -94 -95 -96 -97 97 98 99 -101 -102 102 -104 -105 105 -107 -108 -109 -110 -111 -112 -113 113 -115 -116 -117 -118 -119 -120 -121 121 -123 -124 -125 -126 -127
leaf_value=0.010916819387322035 -0.033706945573321039 -0.0094761065453488318 0.0034666637117325254 0.0080900659579483704 -0.0056582342319917382 -0.010765022609097827 0.01177139637933766 -0.0092557729038965104 -0.016452577150629186 -0.0060072829020449197 0.0097603680113104736 0.0099841461563389532 0.0075811124657835178 0.018759795821412829 -0.0066440870977992452 0.004160091948544063 0.0052908361741094354 -0.006534265356486978 -0.00068332816119009748 0.019705725397807679 -0.0075052333830263043 -0.0083570306823260304 0.0065721247039237322 0.0094308024507993114 0.0048315460504058426 0.0025606273866464295 0.00013960697636769857 0.026768428602247436 0.00025970369864713311 0.0057290241585454087 0.001634380205959868 0.0025958233756862414 0.008854423735022628 -0.02011998759028923 0.0087865736360227126 0.0060045907288832912 -0.0013893778711319752 0.00014833755270441944 5.5129827100122563e-05 -8.7599296423687936e-05 0.0035979677898896494 -0.0026109143056918778 0.0040342998297548767 0.011986962645320919 -0.0043415118906986131 -0.01116388916915138 0.037907678947685666 0.010366073894155441 0.0025787090855228811 -0.012389161860374379 -0.0023264375254580557 -0.0091973196518684245 -0.0030634884202445779 -0.0034732819682680937 0.004610330929461252 0.0036947358449614027 0.0065351573289452328 0.00056843106115870212 0.022294939651672882 0.0037832941746902479 -0.011471525736805897 -0.0072199812128108222 0.013086478882495934 0.01016225893464002 0.015043605245767399 0.0015559854398318985 -0.0028896736620493192 -0.018122244480812951 -0.021945896392883957 0.001402117245634928 -0.0092251232728977929 -0.0042745936063412968 0.0068590050109612853 0.0041685335906009877 -0.0034539751699588319 0.0028230395605913332 -0.0054077429805099468 0.0012992244844903639 0.0136458605731504 0.00044300285025909632 0.0061058915763354303 -0.026761798011566588 -0.0065157448997624793 0.00027380496258570526 -0.00084469131091414172 0.0035521495322255181 0.0015674707925673094 0.0099266116998781677 -0.00082409001552062285 -0.00278618692020204 0.007945405165470076 0.011554994822867853 0.002967493417220184 -0.017655971805695947 0.0044305907073332656 0.0050768189679781094 -0.014249837643751491 -0.011319162831533794 -0.0083989902058043894 -0.0044826629226355826 -0.024328659617382543 0.020674053860693861 -0.0022981965758617513 -0.019969023096631146 0.0087884512545429311 -0.0055445136041507425 -0.0028431876680242224 0.0068100822110314287 -0.025361597937189857 0.019690831371800818 -0.030353406493426764 -0.0040010084095554715 -0.0035966521998931637 -0.0072958568373316188 0.0069611936626195027 -0.01658016270295733 -0.012924598693857932 -0.015571836997832399 -0.0063401662132630257 -0.012953614247306972 -0.013732826643164253 -0.0023617638600379118 0.02621338884194058 -0.0070195075368950288 -0.005478245519841253 -0.005015544165782807
leaf_weight=1578 15.999999999999998 300 1190 1841 332 226 93 823 97 445 806 399 2167 97 1764 404 1710 3004 2293 80 566 482 2179 136 112 3084 491 33 2328 801 680 4567 143 231 220 1174 3743 2551 945 3912 1801 860 898 74 1864 220 15.999999999999998 428 243 1385 301 86 522 666 1538 350 922 4545 83 278 33 192 122 707 209 2614 6072 305 37 404 554 930 1764 530 215 726 1357 1439 237 580 2869 50 676 755 567 297 1344 220 313 123 906 483 1665 234 546 3152 84 1169 832 1502 62 29 405 17 85 363 164 1407 65 20 17 2819 1451 3221 243 121 580 275 967 78 93 1745 25 919 460 1630
leaf_count=1578 16 300 1190 1841 332 226 93 823 97 445 806 399 2167 97 1764 404 1710 3004 2293 80 566 482 2179 136 112 3084 491 33 2328 801 680 4567 143 231 220 1174 3743 2551 945 3912 1801 860 898 74 1864 220 16 428 243 1385 301 86 522 666 1538 350 922 4545 83 278 33 192 122 707 209 2614 6072 305 37 404 554 930 1764 530 215 726 1357 1439 237 580 2869 50 676 755 567 297 1344 220 313 123 906 483 1665 234 546 3152 84 1169 832 1502 62 29 405 17 85 363 164 1407 65 20 17 2819 1451 3221 243 121 580 275 967 78 93 1745 25 919 460 1630
internal_value=1.81126e-05 -0.00281774 -0.00591159 0.0037139 -0.00126882 -0.0064355 0.0028102 -0.00212077 -0.000769672 0.00216776 0.00575471 0.00101722 0.00344558 -0.00322368 -0.00437815 -0.00313217 0.00134057 -0.00352433 0.00228765 0.000882053 -0.000997359 -0.00164118 0.00494534 -0.00507322 -0.00854142 0.00124863 0.00144712 0.000414788 0.00158101 0.000684302 -0.00487502 0.00504989 -0.00581389 -0.00626512 0.00301614 0.000713647 0.000238468 -0.00205611 -0.00246567 0.00155081 0.00428618 0.00130221 -0.000197626 -0.00344211 -0.00160766 -0.00241622 0.00403254 0.00396506 0.007211 -0.00912636 0.00541198 0.0046266 -0.000812112 -0.000775177 0.00508 -0.00281689 0.00138707 0.00197774 0.00112032 0.00805551 0.00875736 0.00140731 0.00581069 0.00447393 0.00681549 0.00303401 -0.00253015 -0.00838737 -0.0134714 -0.00306054 -0.00821823 -0.00177645 0.00520194 -0.000570811 -0.00590952 -0.00106015 -0.00182634 -3.04084e-06 0.00643144 0.00602835 0.00515479 -0.0119639 -0.00489745 0.00219944 0.00488746 0.00359253 0.00466757 0.00274643 0.00672493 0.00491046 0.00665859 0.00851373 0.00366126 -0.0117357 0.0002989 0.00360949 -0.00792836 -0.00759299 -0.00809254 -0.00636076 -0.0095108 -0.00294884 -0.000749561 0.00562885 0.00187761 -0.00281481 -0.00638866 0.00638758 -0.0140468 -0.00278934 -0.00566443 -0.00561509 -0.00639466 -0.00576624 -0.00304925 -0.00459955 -0.0103691 -0.00981155 -0.00906737 -0.00162682 -0.00114411 -0.00294001 0.00635695 -0.00471402 -0.00225662 -0.00382032
internal_weight=119198 67445 22500 51753 44945 21310 35871 32744 14718 28769 15882 12201 12034 18026 10421 7869 8333 6385 8080 5286 3405 7605 2794 12941 8369 16735 16290 9827 7706 6135 4614 12864 10077 9248 6463 11802 10525 7265 2864 8236 1881 6704 5309 862 6783 7046 8163 8147 340 7507 7102 1277 615 829 1571 6642 6688 5828 4906 361 3018 3724 3954 5261 4701 4324 6422 6122 506 2728 2552 1610 2739 4919 9017 4411 3685 1771 4492 4255 3449 350 788 975 4960 2911 2344 1564 2049 1342 1029 780 1787 788 2839 7719 5616 5325 4807 2396 894 518 434 1191 3532 448 201 1440 291 686 8667 8650 5831 5036 1815 1572 795 2411 2136 3821 4389 1838 826 1783 864 2121
internal_count=119198 67445 22500 51753 44945 21310 35871 32744 14718 28769 15882 12201 12034 18026 10421 7869 8333 6385 8080 5286 3405 7605 2794 12941 8369 16735 16290 9827 7706 6135 4614 12864 10077 9248 6463 11802 10525 7265 2864 8236 1881 6704 5309 862 6783 7046 8163 8147 340 7507 7102 1277 615 829 1571 6642 6688 5828 4906 361 3018 3724 3954 5261 4701 4324 6422 6122 506 2728 2552 1610 2739 4919 9017 4411 3685 1771 4492 4255 3449 350 788 975 4960 2911 2344 1564 2049 1342 1029 780 1787 788 2839 7719 5616 5325 4807 2396 894 518 434 1191 3532 448 201 1440 291 686 8667 8650 5831 5036 1815 1572 795 2411 2136 3821 4389 1838 826 1783 864 2121
is_linear=0
shrinkage=0.04


Tree=41
num_leaves=127
num_cat=0
split_feature=9 9 17 9 7 9 7 1 1 8 17 1 1 1 8 7 2 1 7 1 1 2 1 9 2 1 1 1 10 14 17 1 1 1 1 1 2 1 9 1 2 1 1 1 8 1 1 7 2 1 1 10 1 7 1 2 1 2 2 2 2 1 1 1 2 17 1 1 1 14 17 2 11 2 2 9 2 8 2 4 4 9 1 11 2 4 10 1 1 2 2 2 1 1 2 13 1 4 4 1 1 4 2 10 4 11 1 13 10 1 13 2 2 13 1 1 1 1 1 2 2 1 11 1 2 2
split_gain=719.627 186.16 63.6887 54.9577 50.4227 35.1825 34.5169 28.0961 49.3145 19.5972 19.106 18.9555 22.9914 20.9655 18.239 17.8829 17.8327 16.0816 15.2409 14.4469 14.3777 13.0622 12.6267 12.0292 11.9181 15.5133 11.8703 11.6628 11.5106 11.4057 10.8484 10.96 16.5428 17.111 11.0243 11.284 10.8341 10.4277 10.1922 10.1879 10.0543 10.6315 10.0224 10.4386 9.97418 9.79894 16.0116 9.60375 9.5986 9.52019 9.46524 9.27666 9.22855 9.17329 9.09278 9.08032 9.0746 9.11539 18.2436 8.63808 8.58954 9.37891 8.34468 7.85202 7.63584 7.55424 7.49463 7.32062 7.2428 7.16198 7.02997 6.81264 6.77649 7.482 11.8608 10.2098 6.77639 6.70736 6.7006 6.5771 6.54279 6.53205 6.38172 6.24108 6.92963 6.2258 8.50946 6.21808 6.208 6.1624 9.74191 8.90727 14.2371 9.21739 6.98399 6.0573 8.19145 7.13245 5.89686 6.48737 12.8606 5.88578 5.84221 5.80601 5.80393 5.76024 5.70432 5.79201 5.88901 5.66023 5.58554 5.56402 5.46481 6.49249 5.46465 6.84382 7.40832 8.14915 6.92019 6.68789 5.46137 5.34907 6.67395 5.34839 5.28782 8.25375
threshold=7.5000000000000009 12.500000000000002 1.0000000180025095e-35 3.5000000000000004 1.5000000000000002 14.500000000000002 3.5000000000000004 75.500000000000014 46.500000000000007 1.5000000000000002 1.0000000180025095e-35 167.50000000000003 142.50000000000003 77.500000000000014 1.5000000000000002 3.5000000000000004 626.50000000000011 171.50000000000003 3.5000000000000004 18.500000000000004 217.50000000000003 1849.5000000000002 266.50000000000006 10.500000000000002 1101.5000000000002 143.50000000000003 167.50000000000003 218.50000000000003 72709.500000000015 0.65215000000000012 1.0000000180025095e-35 42.500000000000007 136.50000000000003 168.50000000000003 212.50000000000003 266.50000000000006 1518.5000000000002 169.50000000000003 18.500000000000004 273.50000000000006 728.50000000000011 230.50000000000003 47.500000000000007 43.500000000000007 1.5000000000000002 147.50000000000003 160.50000000000003 1.0000000180025095e-35 1074.5000000000002 233.50000000000003 62.500000000000007 50123.500000000007 236.50000000000003 3.5000000000000004 116.50000000000001 20.500000000000004 40.500000000000007 58.500000000000007 274.50000000000006 1894.5000000000002 183.50000000000003 127.50000000000001 43.500000000000007 62.500000000000007 93.500000000000014 1.0000000180025095e-35 12.500000000000002 159.50000000000003 159.50000000000003 0.80345000000000011 1.0000000180025095e-35 473.50000000000006 29247.085000000003 970.50000000000011 856.50000000000011 1.5000000000000002 971.50000000000011 1.5000000000000002 335.50000000000006 28.500000000000004 14.500000000000002 5.5000000000000009 197.50000000000003 8564.3650000000034 1715.5000000000002 13.500000000000002 54886.000000000007 272.50000000000006 19.500000000000004 1287.5000000000002 617.50000000000011 1900.5000000000002 48.500000000000007 78.500000000000014 706.50000000000011 0.88665000000000016 107.50000000000001 13.500000000000002 5.5000000000000009 52.500000000000007 62.500000000000007 22.500000000000004 1394.5000000000002 49049.500000000007 14.500000000000002 7750.1900000000014 271.50000000000006 0.55445000000000011 29182.500000000004 222.50000000000003 0.48385000000000006 1493.5000000000002 1555.5000000000002 0.85385000000000011 245.50000000000003 65.500000000000014 167.50000000000003 165.50000000000003 225.50000000000003 1141.5000000000002 424.50000000000006 160.50000000000003 5503.9000000000005 52.500000000000007 850.50000000000011 817.50000000000011
decision_type=2 2 2 2 2 2 2 2 2 2 2 2 2 2 2 2 2 2 2 2 2 2 2 2 2 2 2 2 2 2 2 2 2 2 2 2 2 2 2 2 2 2 2 2 2 2 2 2 2 2 2 2 2 2 2 2 2 2 2 2 2 2 2 2 2 2 2 2 2 2 2 2 2 2 2 2 2 2 2 2 2 2 2 2 2 2 2 2 2 2 2 2 2 2 2 2 2 2 2 2 2 2 2 2 2 2 2 2 2 2 2 2 2 2 2 2 2 2 2 2 2 2 2 2 2 2
left_child=3 4 5 9 10 20 30 8 16 18 22 12 13 103 24 -10 64 37 -1 -16 44 85 23 29 40 42 -27 -22 63 -2 31 66 83 -34 82 -36 55 -13 56 79 41 -8 43 81 53 54 67 111 77 70 -44 80 -51 -3 89 -15 76 -58 60 -50 -59 -62 -23 -17 -6 -28 -5 -47 -14 -40 -20 -68 73 74 75 -11 104 -19 -66 -24 114 -26 -35 -33 102 -18 -87 110 -78 90 -46 92 -91 -94 -92 96 -57 -97 -49 -100 -101 -25 -85 -9 -7 -75 107 -60 -109 -77 -29 -31 113 -56 115 123 117 119 -118 -117 -65 122 -70 -21 125 -84
right_child=1 2 -4 6 7 38 14 11 15 72 -12 17 68 36 19 28 21 48 49 51 27 62 39 101 25 26 65 87 -30 47 -32 32 33 34 35 -37 -38 -39 69 -41 -42 -43 50 -45 45 46 -48 98 59 52 -52 -53 -54 -55 112 95 57 58 106 -61 61 -63 -64 120 78 -67 71 -69 121 -71 -72 -73 -74 105 -76 109 88 -79 -80 -81 -82 -83 124 84 -86 86 -88 -89 -90 91 94 -93 93 -95 -96 97 -98 -99 99 100 -102 -103 -104 -105 -106 -107 -108 108 -110 -111 -112 -113 -114 -115 -116 116 118 -119 -120 -121 -122 -123 -124 -125 -126 -127
leaf_value=0.010480174420124199 -0.032367042043934695 0.005717033531875291 0.003328008759105086 0.011389170827652678 -0.0039544968316964271 -0.012879888742342206 0.0024592184552174267 -0.0044140184913442591 -0.015795152186119717 0.010917066962038275 0.0095848804424801311 0.0024756031837398652 -0.0057160505091887418 0.0035469886698243753 -0.0038724506538488856 0.0049600933217982682 -0.01744741842169768 0.0041037706386904934 0.0052913197559772132 0.0031786661745786759 0.0090538475970675363 0.0015690145966357394 0.0057644274961271558 -0.001333804275356093 0.0058746534852737124 -0.0035054954637649439 0.0015725236208986493 -0.010962803093310295 -9.7105968081954362e-05 -0.0014964877142960528 0.016229397175909367 0.012901753705570401 -0.0024622718493478978 0.0018865196593028217 0.0018841139577219787 0.010448121949228633 0.0026413538573666277 0.018010176382767064 -0.011624556462341817 -0.0088298543031207349 0.0072900571730798612 0.013110763519763358 0.010167532196434849 -0.0065356615429145448 -0.0043400023825838551 -0.011757145275007919 -0.0071435046604587816 -0.0069080509182672433 -0.0036919518931357084 0.041015566011138309 0.0042959942266965288 0.0003567367196937025 0.0093776024374737938 -0.0038581011174946538 -0.0050270441490136335 -0.0094183299902087774 -0.016957280354333363 -0.0048885931484569951 -0.010571353084547546 0.0016801715563732444 0.01468170128604839 -0.00039861436730012309 -0.004357112049016963 -0.0064562139001445498 0.0088469830053343693 0.016779596697812697 0.013348678957884479 -0.025990509645967289 -0.0088561849353374113 0.0063492798012709682 0.021933510059857889 -0.002466462238513436 -0.0012549946434992092 0.001685546977756444 0.012917391577869764 0.0030908783561556796 -0.0086622597709869898 -0.0010267643785934288 0.00050851976625705285 -0.019174933559016175 -0.0016432567220586083 -0.0056511579051416348 0.011644147420239417 0.0072863034806460308 0.01197511275581954 -0.0034497926069444831 -0.0078235717438502311 -0.021038522229242167 0.012715396336994724 -0.0072617647352530871 -0.011152197872401143 -0.012235479730257837 0.003594980223262803 -0.0050275412897893661 -0.006808263938268189 -0.012406665783104499 -0.0034196270574773052 -0.0010271191476469918 -0.0017204160959968804 0.0066916491076791616 0.0014240758636649409 -0.012436133246110434 0.0011984155465740709 -0.011428150594450548 -0.025535859458584248 0.0045153866302040796 -0.017461460696757813 -0.020381634023091563 -0.0066830183121073736 0.0088547402581223705 -0.002329500303131548 -0.014266474883359177 0.018907115874598868 0.0016378644716187171 0.0056861992084677546 -0.0017556339181806829 0.0041909866262056497 -0.0080040598278263222 0.00014550227088393905 0.0023566464560225947 0.0019150325296875795 -0.0038612555872359778 -0.016950034583699546 0.0082529743772316987 0.011587620332242856 0.0011741103760091272
leaf_weight=1578 15.999999999999998 215 1190 85 543 367 2040 299 97 402 399 243 2440 350 844 1748 78 505 5222 1326 136 680 1174 3743 392 829 3606 126 3944 134 140 376 574 240 1708 288 688 97 1466 86 1785 162 545 246 1872 127 1521 127 4105 14.999999999999998 2299 6646 864 624 542 427 146 309 784 541 99 196 860 131 181 53 47 109 554 36 41 576 353 1852 351 1817 211 2114 1047 17 621 98 223 1251 399 1239 1687 30 24 652 831 179 563 306 2106 92 2521 2095 743 881 4710 78 318 524 70 3065 92 51 4518 322 2572 93 20 410 833 1058 2205 184 979 1572 2483 197 234 446 613 264
leaf_count=1578 16 215 1190 85 543 367 2040 299 97 402 399 243 2440 350 844 1748 78 505 5222 1326 136 680 1174 3743 392 829 3606 126 3944 134 140 376 574 240 1708 288 688 97 1466 86 1785 162 545 246 1872 127 1521 127 4105 15 2299 6646 864 624 542 427 146 309 784 541 99 196 860 131 181 53 47 109 554 36 41 576 353 1852 351 1817 211 2114 1047 17 621 98 223 1251 399 1239 1687 30 24 652 831 179 563 306 2106 92 2521 2095 743 881 4710 78 318 524 70 3065 92 51 4518 322 2572 93 20 410 833 1058 2205 184 979 1572 2483 197 234 446 613 264
internal_value=1.73883e-05 -0.0027051 -0.00567529 0.00356544 -0.00121809 -0.00617826 0.00269787 -0.00203596 -0.000738892 0.00552464 0.000976508 -0.00309478 -0.00420309 -0.00288743 0.00208113 0.00126797 -0.00340991 -0.00157552 0.00697019 0.00122539 -0.0048704 -0.00473689 0.00068506 0.000228908 0.00326724 0.00238212 0.000814435 -0.00236694 0.0014679 0.00125015 0.00519557 0.00497289 0.0055069 0.00391192 0.00500991 0.00312227 -0.00208697 0.00692328 -0.00820004 0.00444121 0.00505726 0.00324522 0.00434622 0.000180202 -0.00558149 -0.00596087 -0.00865283 0.00133165 -0.0019739 0.0060676 0.00542289 0.00149678 0.00992665 -0.00139925 -0.00532799 -0.00268082 -0.00754517 -0.00706445 -0.00682474 -0.00306552 -0.000222274 0.00465194 -0.00173785 0.00288383 -2.83867e-06 0.00179434 0.000249982 -0.0183562 -0.00688914 -0.0111907 0.00542214 -0.00126498 0.00415682 0.00440198 0.00601832 0.00506328 -0.0119691 -3.58398e-05 0.00174144 0.00540351 0.00231775 0.00356065 0.00781823 0.00816549 0.00725795 -0.0062729 -0.00597307 -0.00293808 -0.00645752 -0.00586713 -0.00660007 -0.00379117 -0.00279403 0.00055391 -0.00803904 -0.00310614 -0.00429015 -0.00150819 0.0016163 0.00178796 0.00225493 -0.00156181 0.00605513 -0.00888559 -0.0149217 0.00345039 -0.00755638 -0.00738507 -0.00683724 0.0039608 -0.00273456 -0.00674984 -0.00171324 -0.00215258 0.00260415 0.00227315 0.0016268 0.000129953 0.0029484 0.000700828 0.00149375 -0.00979014 -0.0112666 0.00445848 0.0091085 0.00597802
internal_weight=119198 67445 22500 51753 44945 21310 35871 32744 14718 15882 12201 18026 10421 6996 28769 8403 6315 7605 7720 16714 12941 4544 11802 10525 12055 8068 4488 2864 8306 6704 7102 6962 6254 3910 3336 1996 6173 340 8369 1277 3987 2202 3580 736 10077 9238 1757 6688 7265 6142 2844 15870 879 839 7481 5485 6867 6195 6049 4646 604 295 1540 4362 1771 3659 708 236 3425 1502 5263 623 8162 7809 2892 2541 672 2619 1228 1191 9224 490 1340 2344 1968 3004 2926 2728 235 6509 4809 1700 1521 869 2937 5135 2948 2187 6461 6334 5591 3821 1569 823 437 4917 5445 5353 4569 2139 2698 227 972 952 8603 7770 5998 2814 3184 2630 2614 985 788 1772 1100 487
internal_count=119198 67445 22500 51753 44945 21310 35871 32744 14718 15882 12201 18026 10421 6996 28769 8403 6315 7605 7720 16714 12941 4544 11802 10525 12055 8068 4488 2864 8306 6704 7102 6962 6254 3910 3336 1996 6173 340 8369 1277 3987 2202 3580 736 10077 9238 1757 6688 7265 6142 2844 15870 879 839 7481 5485 6867 6195 6049 4646 604 295 1540 4362 1771 3659 708 236 3425 1502 5263 623 8162 7809 2892 2541 672 2619 1228 1191 9224 490 1340 2344 1968 3004 2926 2728 235 6509 4809 1700 1521 869 2937 5135 2948 2187 6461 6334 5591 3821 1569 823 437 4917 5445 5353 4569 2139 2698 227 972 952 8603 7770 5998 2814 3184 2630 2614 985 788 1772 1100 487
is_linear=0
shrinkage=0.04


Tree=42
num_leaves=127
num_cat=0
split_feature=9 9 8 9 7 7 9 1 1 2 8 8 1 1 1 8 7 4 2 1 1 1 1 2 2 1 1 4 10 2 2 2 2 7 18 1 2 2 7 10 4 2 1 1 1 2 2 1 2 2 1 1 1 1 10 13 10 2 1 1 2 1 1 1 4 2 1 2 1 18 1 4 1 18 2 2 13 10 10 1 1 1 1 10 2 2 8 13 2 2 2 13 9 1 1 1 2 4 9 2 10 13 1 4 2 2 14 2 1 6 2 4 4 2 1 10 9 2 1 1 2 1 1 1 1 2
split_gain=663.253 171.571 57.0254 50.6493 46.4681 31.8154 30.6166 25.8935 45.4788 24.6956 18.1864 18.0601 17.4717 21.1891 19.3227 16.8095 16.5232 16.3932 16.1278 14.8235 14.7685 14.3881 13.3147 12.5384 10.9837 14.2966 10.9402 10.9082 10.6417 10.1175 10.0947 10.0618 9.92995 9.82279 9.78272 9.6097 9.58789 17.468 9.55766 11.0433 9.50789 9.2647 9.79797 9.2378 9.61985 9.05424 8.8459 8.83818 27.0819 21.1297 15.4413 10.9246 11.816 8.72233 8.54944 8.42691 8.33209 8.183 8.1673 8.03733 7.96149 7.6622 7.6292 7.31886 7.177 7.09237 6.95251 6.93061 6.765 6.70566 6.67513 6.64527 7.18167 6.61987 7.89778 9.34829 6.57645 6.50132 7.157 6.4306 6.38516 6.68078 9.81377 6.69769 6.36106 7.70402 6.18159 6.1785 6.15706 10.3396 9.18592 6.90975 6.50845 6.05481 6.04791 9.18246 8.87454 6.0305 6.02093 5.99022 6.28983 5.9354 7.37569 6.61917 5.86482 9.02415 8.39857 5.84347 5.74592 6.01062 5.72492 5.66169 5.58714 5.51901 5.44604 5.34916 5.30982 5.69744 5.27475 8.53384 7.52936 5.22693 5.22144 9.94894 5.16406 9.64285
threshold=7.5000000000000009 12.500000000000002 1.5000000000000002 3.5000000000000004 1.5000000000000002 3.5000000000000004 15.500000000000002 75.500000000000014 47.500000000000007 692.50000000000011 1.5000000000000002 1.5000000000000002 167.50000000000003 142.50000000000003 77.500000000000014 1.5000000000000002 3.5000000000000004 14.500000000000002 626.50000000000011 171.50000000000003 217.50000000000003 245.50000000000003 18.500000000000004 1849.5000000000002 1101.5000000000002 143.50000000000003 167.50000000000003 19.500000000000004 72709.500000000015 128.50000000000003 111.50000000000001 1542.5000000000002 1614.5000000000002 3.5000000000000004 1.0000000180025095e-35 169.50000000000003 305.50000000000006 980.50000000000011 1.0000000180025095e-35 71006.000000000015 13.500000000000002 728.50000000000011 230.50000000000003 47.500000000000007 43.500000000000007 58.500000000000007 1074.5000000000002 87.500000000000014 415.50000000000006 195.50000000000003 151.50000000000003 52.500000000000007 62.500000000000007 62.500000000000007 50123.500000000007 0.56050000000000011 168278.50000000003 20.500000000000004 89.500000000000014 271.50000000000006 1894.5000000000002 62.500000000000007 35.500000000000007 43.500000000000007 15.500000000000002 36.500000000000007 266.50000000000006 293.50000000000006 127.50000000000001 1.0000000180025095e-35 159.50000000000003 14.500000000000002 273.50000000000006 1.0000000180025095e-35 947.50000000000011 966.50000000000011 0.60145000000000015 106465.50000000001 75074.000000000015 247.50000000000003 245.50000000000003 194.50000000000003 208.50000000000003 45350.500000000007 1900.5000000000002 1839.5000000000002 1.5000000000000002 0.97985000000000011 556.50000000000011 128.50000000000003 657.50000000000011 0.83040000000000014 22.500000000000004 254.50000000000003 42.500000000000007 15.500000000000002 279.50000000000006 14.500000000000002 5.5000000000000009 791.50000000000011 84016.500000000015 0.88595000000000013 107.50000000000001 13.500000000000002 1567.5000000000002 1542.5000000000002 0.81415000000000015 1598.5000000000002 56.500000000000007 1.0000000180025095e-35 1542.5000000000002 5.5000000000000009 15.500000000000002 355.50000000000006 271.50000000000006 49049.500000000007 2.5000000000000004 1270.5000000000002 218.50000000000003 219.50000000000003 1578.5000000000002 267.50000000000006 171.50000000000003 116.50000000000001 110.50000000000001 1154.5000000000002
decision_type=2 2 2 2 2 2 2 2 2 2 2 2 2 2 2 2 2 2 2 2 2 2 2 2 2 2 2 2 2 2 2 2 2 2 2 2 2 2 2 2 2 2 2 2 2 2 2 2 2 2 2 2 2 2 2 2 2 2 2 2 2 2 2 2 2 2 2 2 2 2 2 2 2 2 2 2 2 2 2 2 2 2 2 2 2 2 2 2 2 2 2 2 2 2 2 2 2 2 2 2 2 2 2 2 2 2 2 2 2 2 2 2 2 2 2 2 2 2 2 2 2 2 2 2 2 2
left_child=3 4 9 11 10 38 17 8 18 27 30 21 13 14 115 24 -10 20 65 35 36 33 -17 69 41 43 -27 29 61 -3 -2 57 47 -1 -19 -14 45 73 107 94 -22 42 -7 44 98 -4 86 51 49 -49 -50 76 -53 -45 97 -39 64 -16 -47 66 118 -18 -36 -25 93 -6 99 -51 -60 -20 -15 72 79 -38 -75 -76 -12 78 -31 -34 81 -28 -83 -84 85 104 -21 121 89 91 -90 -8 -91 -11 95 -40 -96 -24 -26 -42 -101 102 -59 -103 105 122 -106 -5 113 -110 -54 -111 -80 -32 -64 -9 117 -35 -48 -120 -121 -13 123 -57 -55 -126
right_child=1 2 6 5 7 15 88 12 16 56 32 87 19 70 31 22 28 34 23 46 40 -23 54 63 25 26 80 -29 -30 77 108 -33 71 116 62 -37 37 55 39 -41 59 -43 -44 53 -46 58 60 48 50 67 -52 52 110 124 -56 84 -58 101 68 -61 -62 -63 114 -65 -66 -67 -68 -69 -70 -71 -72 -73 -74 74 75 -77 -78 -79 112 -81 -82 82 83 -85 -86 -87 -88 -89 90 92 -92 -93 -94 -95 96 -97 -98 -99 -100 100 -102 103 -104 -105 106 -107 -108 -109 109 111 -112 -113 -114 -115 -116 -117 -118 -119 119 120 -122 -123 -124 -125 125 -127
leaf_value=0.009229987810583918 -0.0060311010540120263 -0.0049225733749661549 -0.0078047417833795813 -0.0035080974989306259 -0.0052738406783313643 0.00236085451163477 -0.014394127900045788 -0.0042375168050799682 -0.015163996633675514 -0.0052229756192218001 -0.01347304917740152 0.0033198025664571136 0.0023766197818314186 -0.005487417842334791 0.0034051496045843779 -0.003717571007600849 0.0048808229262084753 -0.0024404612958291386 -0.0030538237687860082 0.0039396522761459187 -0.0097149196585284078 0.011596376512781731 0.002500045975092559 0.0015062632565774814 0.0056397271638385076 -0.0033652925886386883 0.0044968432847305772 -0.011997141003156582 -8.0211272476146363e-05 0.0017914360621177161 0.0068557090408050258 0.003130862380010016 0.0012542021157340877 0.0079544844784582951 -0.023622997972884936 0.017290511531515545 -0.0054423084397517861 -0.0089357740192749485 0.011540158362472687 0.0038944543399059379 0.00090779810338680728 0.0069984712808845726 0.012586656640858873 0.0097609055132654773 -0.0062743413016617859 -0.0028954083283549178 -0.0072334442486742699 -0.0019049852317687972 -0.01083911749967389 0.013861519645247502 -0.0029178695797740834 0.0058424914943926622 -0.00052860660823392724 0.0021233195671504419 0.0003424674637803988 -0.0047563944158077074 0.008407421372168369 -0.0089154753329369757 0.016793493061721225 -0.020363399075085095 0.0016129771215303134 0.0014339302858893683 -0.010291827974351599 -0.0039504515872714517 -0.015332933414544803 0.001211144184275243 0.003042724636919839 0.0035174792933575748 0.0015288747667714403 -0.0072301929994759854 -0.009398981423205428 -0.0071145267810781218 -0.0084770701910422096 -0.0082162534945198467 -0.025267459700878403 -0.010904100289340595 -0.0022514623905334594 0.0010676201717272544 0.0081340010927672367 0.0057662996822810987 0.0059046079526452891 -0.0057667702627918994 0.0034973342969342007 -0.00105670770424457 -0.010358422895252142 0.0037639727532023165 -0.00098569572908270954 0.0063869871509543551 -0.01852460607508619 -0.0012537020752878794 -0.0097878880263833259 0.0035215974412382105 -0.01691733941151078 0.0078088164041919044 0.021256361997235764 -0.001928589029791028 0.0074484988408896752 -0.0015775370375497521 -0.0054253423184338701 -0.0010167772011844395 -0.0056271264240875408 -0.011910937893791902 -0.0032641057308553014 -0.00096365070003986324 -0.0092512145406464016 0.0050348676341971654 -0.0018454792340537368 0.0059888563691629232 0.003879430642348732 -0.0064634380635724574 0.0069168501460234611 0.011421297527658372 0.025897435603347722 -0.0065489840748364459 -0.028348047656945059 -0.010971111792277071 0.0040210025770037921 0.0043891528832711892 0.0016474704870478561 1.8850242295217078e-06 -0.0048530582888145308 0.011141138803439851 -0.010091330078010633 0.00094394799912330925 -0.00091604343221798185 0.0077902721402600666
leaf_weight=1291 167 216 449 325 332 2040 272 299 97 1049 96 6597 243 2440 350 844 1710 201 870 505 288 853 8603 680 392 829 701 79 3912 346 73 555 1116 1770 86 97 1167 651 119 3627 586 1785 162 545 246 915 540 584 523 261 1603 803 1884 1091 6646 1880 73 435 61 38 541 2614 712 930 108 1439 399 174 197 2134 985 113 86 3089 93 341 655 606 568 928 504 388 1009 1057 243 210 2114 1425 209 439 2646 39 47 60 77 252 2550 621 98 817 1134 92 2499 2242 691 200 382 152 2482 31 181 292 30 149 28 524 2588 1218 539 649 2377 140 194 661 258 950
leaf_count=1291 167 216 449 325 332 2040 272 299 97 1049 96 6597 243 2440 350 844 1710 201 870 505 288 853 8603 680 392 829 701 79 3912 346 73 555 1116 1770 86 97 1167 651 119 3627 586 1785 162 545 246 915 540 584 523 261 1603 803 1884 1091 6646 1880 73 435 61 38 541 2614 712 930 108 1439 399 174 197 2134 985 113 86 3089 93 341 655 606 568 928 504 388 1009 1057 243 210 2114 1425 209 439 2646 39 47 60 77 252 2550 621 98 817 1134 92 2499 2242 691 200 382 152 2482 31 181 292 30 149 28 524 2588 1218 539 649 2377 140 194 661 258 950
internal_value=1.66878e-05 -0.00259699 -0.00544842 0.00342293 -0.00116943 0.00259006 -0.00625867 -0.00195458 -0.000709369 -0.000442163 0.000937345 0.00530378 -0.00297104 -0.0040351 -0.00277203 0.00199793 0.00123662 -0.00549124 -0.00324967 -0.00151242 -0.00514897 0.00669151 0.0011764 -0.00449513 0.00313662 0.00228686 0.000781871 0.00252496 0.00143045 0.00317749 0.00353063 -0.00200353 1.72586e-05 0.0060815 -0.0103808 0.00664706 -0.0058271 -0.00629887 0.00498803 0.00538182 -0.0027727 0.00485507 0.00311552 0.00417238 0.000172525 -0.00297348 -0.00189492 -0.000747112 -0.00229838 0.00306048 -0.00486881 0.000599902 0.00172546 0.00520605 0.00143694 -0.00467944 -0.0046888 -0.00251151 -0.00112025 -0.00209877 -0.00294286 0.00279807 -0.0123076 -0.00164332 -0.00547827 -2.53226e-06 -0.00186033 0.00973486 0.00515856 -0.00602213 -0.00661376 0.00232401 0.00282693 -0.00806301 -0.00892981 -0.0139963 -0.00369284 0.0043091 0.0063854 0.00330489 0.00172263 0.00105314 6.76545e-05 0.00116554 -0.00405723 -0.00369303 -3.43404e-05 0.00399064 -0.00955929 -0.00643615 -0.0104295 -0.0121342 -0.0027799 -0.00451367 0.00717972 0.00238274 0.00785554 0.00222508 0.0034179 -0.00263311 -0.0036987 -0.00290542 -0.00410363 -0.00139737 -0.00408482 -0.00315686 -0.00661884 -0.00047281 0.00405966 0.00455038 0.000122364 0.00969096 0.00903601 -0.00212202 -0.0109842 -0.00853043 0.00535166 0.00650268 -0.00354428 -0.00298416 -0.00381051 0.00348309 -0.00375752 -0.00327199 0.00412416 0.00592758
internal_weight=119198 67445 22500 51753 44945 35871 19365 32744 14718 3135 12201 15882 18026 10421 6996 28769 8333 15713 6385 7605 14686 7720 16714 4614 12055 8068 4488 1845 8236 1766 3194 6173 9007 6867 1027 340 11424 9802 7102 6625 3262 3987 2202 3580 736 1622 7265 6764 3145 1019 2126 3619 2868 2844 15870 5112 1290 5618 1173 2974 4646 4324 826 1610 1217 1771 2936 435 258 3004 3425 2243 2130 4690 3523 434 751 1550 944 2044 3659 3155 2454 2066 4461 4218 2619 8162 3652 797 2855 311 486 1109 2998 371 2627 9224 490 2537 1951 5268 2934 2334 4008 2935 1073 477 3027 2805 2065 323 598 222 740 823 5576 2988 4105 3565 3026 6737 2735 2541 2299 1208
internal_count=119198 67445 22500 51753 44945 35871 19365 32744 14718 3135 12201 15882 18026 10421 6996 28769 8333 15713 6385 7605 14686 7720 16714 4614 12055 8068 4488 1845 8236 1766 3194 6173 9007 6867 1027 340 11424 9802 7102 6625 3262 3987 2202 3580 736 1622 7265 6764 3145 1019 2126 3619 2868 2844 15870 5112 1290 5618 1173 2974 4646 4324 826 1610 1217 1771 2936 435 258 3004 3425 2243 2130 4690 3523 434 751 1550 944 2044 3659 3155 2454 2066 4461 4218 2619 8162 3652 797 2855 311 486 1109 2998 371 2627 9224 490 2537 1951 5268 2934 2334 4008 2935 1073 477 3027 2805 2065 323 598 222 740 823 5576 2988 4105 3565 3026 6737 2735 2541 2299 1208
is_linear=0
shrinkage=0.04


Tree=43
num_leaves=127
num_cat=0
split_feature=9 9 17 9 7 9 7 1 1 0 0 0 8 1 1 1 0 1 1 7 2 1 2 2 2 2 2 1 0 2 1 0 0 1 2 0 0 2 1 2 2 1 1 10 17 1 1 1 0 1 1 1 1 2 9 4 1 0 1 0 1 0 2 0 1 1 1 2 0 1 1 1 2 2 0 2 4 0 0 1 2 1 10 1 4 2 1 10 2 1 1 2 2 1 7 0 4 2 9 2 1 10 0 11 1 13 1 13 14 1 1 1 1 2 4 10 10 1 2 1 0 1 1 10 4 0
split_gain=611.279 158.128 54.0749 46.6795 42.8248 30.3634 29.3215 23.8632 41.9286 18.4368 17.4427 17.6782 16.7605 16.3057 19.0478 16.1038 25.2234 16.9746 15.7509 15.1935 15.16 14.0031 13.9254 27.0895 18.1433 17.8809 14.8681 13.6639 13.5969 13.1534 12.2811 12.5807 23.5894 11.8812 11.2576 11.2188 11.1256 11.0671 10.6446 10.6083 10.4441 10.2751 10.1504 9.7804 9.42918 9.52075 15.2223 15.4696 11.4695 10.1679 10.3427 9.3455 9.27339 9.15106 9.14297 10.1558 8.98185 8.85586 8.5102 8.45099 10.6695 8.40451 8.35101 8.30556 13.8804 8.86101 8.14486 24.9602 19.7427 14.23 10.0694 10.8896 8.12595 8.01134 7.84529 7.95274 7.69097 7.55449 7.35474 7.35123 7.22597 7.22492 7.1672 7.11244 7.05807 8.61101 7.62729 7.6348 6.96073 6.86094 6.7768 6.63542 6.57852 6.46697 6.35323 6.47434 6.29681 6.29175 6.28844 6.27901 6.27517 7.48113 6.17553 6.15143 6.0893 6.06076 5.86014 5.77232 5.80108 7.90856 10.7557 14.4996 10.2753 7.69776 5.68949 7.7633 5.68129 5.65334 5.64391 11.8417 10.3505 6.52804 10.0362 5.638 5.60337 5.47517
threshold=7.5000000000000009 12.500000000000002 1.0000000180025095e-35 3.5000000000000004 1.5000000000000002 14.500000000000002 3.5000000000000004 75.500000000000014 46.500000000000007 15.500000000000002 15.500000000000002 10.500000000000002 1.5000000000000002 74.500000000000014 233.50000000000003 167.50000000000003 24.500000000000004 77.500000000000014 165.50000000000003 3.5000000000000004 626.50000000000011 48.500000000000007 1141.5000000000002 1507.5000000000002 970.50000000000011 1736.5000000000002 1176.5000000000002 171.50000000000003 27.500000000000004 1654.5000000000002 217.50000000000003 27.500000000000004 26.500000000000004 267.50000000000006 1530.5000000000002 7.5000000000000009 7.5000000000000009 1849.5000000000002 241.50000000000003 263.50000000000006 902.50000000000011 218.50000000000003 248.50000000000003 72709.500000000015 1.0000000180025095e-35 42.500000000000007 136.50000000000003 168.50000000000003 7.5000000000000009 212.50000000000003 266.50000000000006 16.500000000000004 78.500000000000014 1614.5000000000002 17.500000000000004 14.500000000000002 56.500000000000007 26.500000000000004 212.50000000000003 23.500000000000004 153.50000000000003 6.5000000000000009 518.50000000000011 25.500000000000004 143.50000000000003 19.500000000000004 87.500000000000014 415.50000000000006 27.500000000000004 151.50000000000003 52.500000000000007 62.500000000000007 111.50000000000001 335.50000000000006 27.500000000000004 1922.5000000000002 13.500000000000002 1.5000000000000002 15.500000000000002 245.50000000000003 1555.5000000000002 261.50000000000006 157970.00000000003 43.500000000000007 13.500000000000002 274.50000000000006 145.50000000000003 100524.00000000001 20.500000000000004 159.50000000000003 65.500000000000014 93.500000000000014 473.50000000000006 163.50000000000003 3.5000000000000004 26.500000000000004 3.5000000000000004 728.50000000000011 15.500000000000002 715.50000000000011 205.50000000000003 132828.00000000003 15.500000000000002 5503.9000000000005 12.500000000000002 0.60145000000000015 197.50000000000003 0.88595000000000013 0.81415000000000015 29.500000000000004 84.500000000000014 77.500000000000014 75.500000000000014 86.500000000000014 13.500000000000002 53335.500000000007 32508.000000000004 220.50000000000003 1894.5000000000002 225.50000000000003 26.500000000000004 218.50000000000003 43.500000000000007 73530.500000000015 26.500000000000004 26.500000000000004
decision_type=2 2 2 2 2 2 2 2 2 2 2 2 2 2 2 2 2 2 2 2 2 2 2 2 2 2 2 2 2 2 2 2 2 2 2 2 2 2 2 2 2 2 2 2 2 2 2 2 2 2 2 2 2 2 2 2 2 2 2 2 2 2 2 2 2 2 2 2 2 2 2 2 2 2 2 2 2 2 2 2 2 2 2 2 2 2 2 2 2 2 2 2 2 2 2 2 2 2 2 2 2 2 2 2 2 2 2 2 2 2 2 2 2 2 2 2 2 2 2 2 2 2 2 2 2 2
left_child=3 4 5 9 12 30 44 8 20 29 11 13 35 21 18 16 17 -9 93 -10 91 51 24 26 40 -25 -24 57 54 33 31 32 76 80 97 77 -29 114 -16 -11 -12 -32 79 90 45 92 48 -48 -47 106 -51 -8 -19 66 55 84 -37 -17 -13 -55 -61 -54 -33 64 65 -41 70 68 -68 -69 105 -72 -58 -67 75 118 82 -2 -43 -38 -1 -66 -3 -39 96 -86 87 125 -63 -18 -21 -6 -5 -15 -88 -96 -7 -30 124 -60 101 -56 -93 -91 -94 -14 -49 108 109 113 111 112 -111 -78 -22 -116 -90 -80 119 -27 -121 122 -120 -101 -57 -87
right_child=1 2 -4 6 7 28 10 15 19 39 22 58 53 14 38 27 89 52 -20 43 37 -23 23 25 -26 74 -28 36 34 -31 41 62 -34 -35 -36 56 42 83 -40 63 -42 78 -44 -45 -46 46 47 49 -50 50 -52 -53 61 59 100 98 72 -59 99 60 -62 88 -64 -65 81 73 67 69 -70 -71 71 -73 -74 -75 -76 -77 107 -79 117 -81 -82 -83 -84 -85 85 86 94 -89 116 103 -92 102 104 -95 95 -97 -98 -99 -100 123 -102 -103 -104 -105 -106 -107 -108 -109 -110 110 -112 -113 -114 -115 115 -117 -118 -119 121 120 -122 -123 -124 -125 -126 -127
leaf_value=0.0060838666377511924 0.0053591020100030419 -0.0086948540652098168 0.0030651997210724463 0.010903810797725446 -0.0036862106585048258 -0.0095918148855049755 0.010821219479102966 -0.0081894858201730109 -0.014558061605010539 0.025322798795777188 0.0010222107954495619 0.0069655843429581518 -0.012934688165334211 -0.00079984435580341383 0.018210917269245962 0.016599603260336895 -0.0059382228059732716 0.0037628979093135436 -0.0071755755534522259 0.0042951464056500618 -0.016463716613193177 0.0059843123883125552 0.0017075400124705734 -0.0016016000256535879 -0.0035079023227107022 0.0039884798006629522 0.0074995075152975788 -0.0076923830042214753 -0.0013611574229558563 0.014581252998643492 0.0085544362021261165 0.0083734043016977702 -0.018185855066141801 0.012090174784694069 0.012085808526810043 -0.006063315163563952 -0.00098566138127147477 0.0014460215788625467 0.0032940928462655843 -0.0024321180586788544 0.023280932949391625 0.00014749823096927138 -0.0039148837048982553 -8.8757423387940474e-05 0.015076052634567981 -0.0022330113657413717 -0.0025120703141634738 0.0016051961571561552 0.0084215669823779309 0.0015943773094657424 0.0097931993781423792 -0.0029325013457029269 -0.010165694415813031 0.0036312054372258109 -0.013478260105035795 -0.018200313406628487 -0.0059257533331708639 0.0022815941120925042 0.011991008125996121 0.0061043644711452263 -0.0058667605379395769 0.0032689825567408597 -0.0022482506343936056 0.0053036725973832502 -4.1380724583121049e-05 -0.0022083963144268262 -2.9660310805425878e-05 -0.010405635655458994 0.013364715086438722 -0.0028011621030776929 0.0056088209911294229 0.00011740431345328723 0.003815805882914732 0.0057407045723548832 0.019193208931217058 0.0073730803032746248 -0.002896961073184612 0.020990821124417518 -0.0018835029022386816 0.0040003662552333865 -0.0009386821739781544 0.010797214725431485 -0.025109738999022215 -0.0040248481486217461 -0.0006303654343556423 -0.0067669667304097059 -0.0016540170863185025 -0.010935873852409374 0.00087445510884360741 -0.008126110034438274 0.0011366410566821157 0.0084448800050519295 0.012019021469086351 0.0040434261908179302 -0.0062276950605045442 -0.028659789641321553 -0.023792681437666698 -0.0087111588636604315 -0.0069891786214742206 0.0034773546414245682 -0.0069980493745682082 -0.0065248373947147968 0.00043973974632545215 -0.015896524078539299 -0.0023814173316593704 -0.0021614176434922665 0.0085259725242895854 -0.028269569274277716 -0.0034594317221047876 -0.0030900471157202258 -0.0064757210469192986 0.0064644875332976704 -0.015230530975871005 -0.011786573699241548 -0.0030435439210276865 -0.0072325510278493403 -0.0029667071265660665 -0.0063989321981648833 0.010181112262640107 0.0084298216291220796 -0.0034043386456543935 0.0021700678956303116 -0.0048133499091957948 -0.0034692901383001412 -0.00061831481096382595 0.012398357005534827
leaf_weight=5413 109 300 1190 81 543 226 93 823 97 37 3275 2161 96 2293 80 97 1764 404 566 2101 78 2179 1188 3253 2089 2347 1767 482 483 325 136 143 231 523 74 173 4389 680 1801 267 34 945 1864 3944 140 174 574 240 2170 1708 288 522 220 1693 1090 272 144 243 122 174 376 350 686 3825 2145 218 793 523 226 1603 803 2065 2676 2782 43 412 215 92 864 530 244 103 50 860 388 1506 643 1026 694 554 2261 181 51 546 1094 21 65 305 190 1448 605 324 1047 234 576 655 1100 17 2819 1451 3221 243 121 580 1215 1711 5378 919 80 141 727 738 650 214 33 24
leaf_count=5413 109 300 1190 81 543 226 93 823 97 37 3275 2161 96 2293 80 97 1764 404 566 2101 78 2179 1188 3253 2089 2347 1767 482 483 325 136 143 231 523 74 173 4389 680 1801 267 34 945 1864 3944 140 174 574 240 2170 1708 288 522 220 1693 1090 272 144 243 122 174 376 350 686 3825 2145 218 793 523 226 1603 803 2065 2676 2782 43 412 215 92 864 530 244 103 50 860 388 1506 643 1026 694 554 2261 181 51 546 1094 21 65 305 190 1448 605 324 1047 234 576 655 1100 17 2819 1451 3221 243 121 580 1215 1711 5378 919 80 141 727 738 650 214 33 24
internal_value=1.60046e-05 -0.00249318 -0.00523062 0.00328607 -0.00112268 -0.00569408 0.00248649 -0.00187642 -0.000681012 0.00509171 0.00191804 0.00308044 0.000899809 0.00200794 0.000700627 -0.00285222 -0.00387379 -0.00275222 -0.00108311 0.00116944 -0.00314392 0.00447973 0.00108298 0.00187873 -0.000588844 0.000718273 0.00517245 -0.00145183 -0.00757234 0.0067289 -0.00447904 -0.00513626 -0.00555945 0.00631508 -0.00280686 0.00338936 -0.00181908 -0.00436742 0.00393157 0.00395548 0.00125282 -0.00216512 -0.00140103 0.00135377 0.00478858 0.00458092 0.00507864 0.00354861 0.00762889 0.00459267 0.00277981 -0.000844746 -0.00211645 1.65103e-05 -0.00811897 -0.00726955 0.00277305 0.00638188 0.00527596 0.00223096 -0.00207184 -0.00247471 -0.000410434 0.00387014 0.00287508 0.00453979 -0.000717252 -0.00220645 0.00293812 -0.00467416 0.000575814 0.00165646 0.00331675 0.00516168 0.00218782 0.00204315 -0.00523534 0.0125407 -0.00270129 -0.000447556 0.00578025 0.000453906 -0.0110578 -0.00160661 -0.00672581 -0.00634972 -0.00686316 -0.00826033 -0.00221046 -0.00733031 0.00265895 -2.34981e-06 0.000178699 0.00013032 -0.00482916 -0.0066563 -0.0127847 -0.00421184 -0.0127437 0.00322677 -0.0104254 -0.0118884 0.0016235 -0.0104404 -0.00120198 -0.00354542 0.00728963 -0.00499962 -0.0049531 -0.00567446 -0.00508723 -0.00262072 -0.00402798 -0.00938816 -0.00578131 -0.00549463 -0.00252702 -0.00421333 0.00157323 0.00251175 -0.00147661 -0.00047948 -0.00316347 0.00258034 -0.0163119 -0.00646293
internal_weight=119198 67445 22500 51753 44945 21310 35871 32744 14718 15882 28769 12025 12201 8080 5286 18026 10421 7869 3405 8403 6315 2794 16744 11346 5398 8391 2955 7605 8369 6505 12941 10077 9248 6180 862 3194 7265 4544 1881 9377 3309 2864 6783 8306 7102 6962 6254 3910 2344 3336 1996 615 7046 9007 7507 5488 2993 340 3945 2243 550 6642 829 9340 5515 3267 6764 3145 1019 2126 3619 2868 2820 3000 5138 5095 9017 201 2728 4919 5657 2248 350 1540 4993 4702 4314 2556 6422 2552 4362 1771 708 2839 1758 1115 291 788 495 1784 2019 1414 1228 788 627 751 1340 8667 8650 5831 5036 1815 1572 795 3004 2926 6072 1783 4683 3215 868 1468 730 1662 305 1530
internal_count=119198 67445 22500 51753 44945 21310 35871 32744 14718 15882 28769 12025 12201 8080 5286 18026 10421 7869 3405 8403 6315 2794 16744 11346 5398 8391 2955 7605 8369 6505 12941 10077 9248 6180 862 3194 7265 4544 1881 9377 3309 2864 6783 8306 7102 6962 6254 3910 2344 3336 1996 615 7046 9007 7507 5488 2993 340 3945 2243 550 6642 829 9340 5515 3267 6764 3145 1019 2126 3619 2868 2820 3000 5138 5095 9017 201 2728 4919 5657 2248 350 1540 4993 4702 4314 2556 6422 2552 4362 1771 708 2839 1758 1115 291 788 495 1784 2019 1414 1228 788 627 751 1340 8667 8650 5831 5036 1815 1572 795 3004 2926 6072 1783 4683 3215 868 1468 730 1662 305 1530
is_linear=0
shrinkage=0.04


Tree=44
num_leaves=127
num_cat=0
split_feature=9 9 17 9 7 9 7 13 0 0 0 2 17 1 1 1 1 1 2 2 2 2 2 1 0 2 1 0 0 1 2 1 1 9 14 1 2 2 1 0 17 1 1 1 0 1 1 1 9 7 0 1 2 1 1 1 0 7 1 1 0 1 1 1 0 2 0 2 2 0 0 4 1 0 1 10 4 10 2 1 2 14 1 4 2 1 2 4 4 13 1 4 2 2 2 1 13 4 1 13 14 1 1 1 1 2 2 2 2 1 2 1 2 4 1 1 0 2 4 1 2 1 0 1 1 10
split_gain=563.385 145.743 49.8391 43.0177 39.4681 27.9852 27.0234 22.5404 16.9908 16.0752 16.2449 15.7941 15.4812 15.2338 15.027 17.5556 14.5162 13.6151 12.912 24.9405 16.6562 16.4262 13.7015 12.9049 12.5311 12.1214 11.3192 11.5953 21.7394 10.9708 10.3767 10.3455 10.2012 9.8723 10.0038 9.81051 9.77846 9.63466 9.47045 8.81106 8.6896 8.77326 14.0268 14.2583 10.5719 9.37003 9.53158 8.61361 8.47777 8.22025 8.2015 7.83918 7.69674 7.68213 13.9736 13.138 16.8439 11.2707 8.14723 9.33651 7.65402 12.7914 8.16715 7.64172 10.2115 7.38434 7.23186 7.33092 7.1188 8.10858 8.84729 7.08876 6.80025 6.779 6.65911 6.60476 6.59048 8.42457 8.54316 6.52887 6.21887 6.21796 6.07867 6.74131 6.06303 6.04837 5.86085 5.82985 5.80609 6.05194 7.80648 5.80179 5.79783 5.79351 5.72275 5.61291 5.54299 5.40611 5.39931 5.32192 5.34583 7.28825 9.91141 13.364 9.46971 7.0925 5.3004 9.22631 6.20011 6.18959 7.80029 5.74378 5.29514 5.29323 5.28694 10.2648 8.77681 11.3289 5.25738 5.25302 5.19715 10.936 9.51649 6.01577 9.2507 5.18683
threshold=7.5000000000000009 12.500000000000002 1.0000000180025095e-35 3.5000000000000004 1.5000000000000002 14.500000000000002 3.5000000000000004 0.88995000000000013 15.500000000000002 16.500000000000004 10.500000000000002 427.50000000000006 1.0000000180025095e-35 75.500000000000014 74.500000000000014 233.50000000000003 165.50000000000003 47.500000000000007 1141.5000000000002 1507.5000000000002 970.50000000000011 1736.5000000000002 1176.5000000000002 48.500000000000007 27.500000000000004 1654.5000000000002 217.50000000000003 27.500000000000004 26.500000000000004 265.50000000000006 1530.5000000000002 266.50000000000006 27.500000000000004 10.500000000000002 0.65215000000000012 241.50000000000003 263.50000000000006 902.50000000000011 218.50000000000003 5.5000000000000009 1.0000000180025095e-35 42.500000000000007 136.50000000000003 168.50000000000003 7.5000000000000009 212.50000000000003 266.50000000000006 16.500000000000004 18.500000000000004 1.0000000180025095e-35 26.500000000000004 212.50000000000003 518.50000000000011 75.500000000000014 47.500000000000007 167.50000000000003 24.500000000000004 3.5000000000000004 77.500000000000014 78.500000000000014 25.500000000000004 143.50000000000003 19.500000000000004 167.50000000000003 24.500000000000004 335.50000000000006 27.500000000000004 1922.5000000000002 96.500000000000014 7.5000000000000009 4.5000000000000009 13.500000000000002 264.50000000000006 15.500000000000002 261.50000000000006 157970.00000000003 14.500000000000002 113985.00000000001 980.50000000000011 219.50000000000003 1287.5000000000002 0.86545000000000016 77.500000000000014 13.500000000000002 473.50000000000006 248.50000000000003 1578.5000000000002 28.500000000000004 13.500000000000002 0.82740000000000014 191.50000000000003 3.5000000000000004 728.50000000000011 715.50000000000011 970.50000000000011 12.500000000000002 0.57855000000000012 5.5000000000000009 197.50000000000003 0.88595000000000013 0.81415000000000015 29.500000000000004 84.500000000000014 77.500000000000014 75.500000000000014 86.500000000000014 850.50000000000011 966.50000000000011 403.50000000000006 245.50000000000003 1092.5000000000002 56.500000000000007 1555.5000000000002 22.500000000000004 52.500000000000007 62.500000000000007 27.500000000000004 526.50000000000011 14.500000000000002 150.50000000000003 1894.5000000000002 225.50000000000003 26.500000000000004 218.50000000000003 43.500000000000007 73530.500000000015
decision_type=2 2 2 2 2 2 2 2 2 2 2 2 2 2 2 2 2 2 2 2 2 2 2 2 2 2 2 2 2 2 2 2 2 2 2 2 2 2 2 2 2 2 2 2 2 2 2 2 2 2 2 2 2 2 2 2 2 2 2 2 2 2 2 2 2 2 2 2 2 2 2 2 2 2 2 2 2 2 2 2 2 2 2 2 2 2 2 2 2 2 2 2 2 2 2 2 2 2 2 2 2 2 2 2 2 2 2 2 2 2 2 2 2 2 2 2 2 2 2 2 2 2 2 2 2 2
left_child=3 4 5 8 12 26 40 11 25 10 14 68 31 17 23 16 80 94 20 22 37 -21 -20 47 48 29 27 28 71 72 92 33 -13 34 -2 -17 -10 -11 -28 -15 41 84 44 -44 -43 98 -47 -8 76 -36 87 -12 -29 54 -34 56 58 -56 -55 -60 61 62 -38 64 82 -64 67 120 -6 70 -70 75 106 -40 119 -3 88 78 -78 -65 -16 85 -41 -84 -5 -57 -81 -33 91 -90 -91 -7 -26 -53 -9 -86 -75 -51 -45 100 101 105 103 104 118 -73 108 -108 111 -109 -111 -1 -54 -35 -99 -116 -117 -118 -103 -63 121 -23 -123 124 -122 -95
right_child=1 2 -4 6 7 24 9 13 36 18 51 32 -14 39 15 35 -18 -19 19 21 -22 66 -24 -25 30 -27 38 52 -30 -31 -32 50 53 113 49 -37 60 -39 73 63 -42 42 43 45 -46 46 -48 -49 -50 97 -52 93 112 55 57 81 -58 -59 59 -61 -62 74 65 79 -66 -67 -68 -69 69 -71 -72 99 -74 96 -76 -77 77 -79 -80 86 -82 -83 83 -85 95 -87 -88 -89 89 90 -92 -93 -94 125 -96 -97 -98 114 -100 -101 -102 102 -104 -105 -106 -107 107 109 -110 110 -112 -113 -114 -115 115 116 117 -119 -120 -121 123 122 -124 -125 -126 -127
leaf_value=0.005281181456876006 -0.0303695649686067 -0.0083471758205829055 0.0029426019578551099 0.01046819573045512 -0.0029187780153978379 -0.0092083121762536416 0.010388835861910811 0.001961542280971965 0.024312616368188371 0.00097329178434069519 0.0066770317264373625 -0.0072085379113543228 0.0086127425855324589 -0.0081767064399710047 0.001827506545543504 0.017483389895507014 -0.0068886032976266708 0.0022542743239027559 0.0016392441922447774 -0.0015333394401896027 -0.0033675929520642703 0.0038289473901172229 0.0071995442530228713 0.0057449508792226291 -0.0013067224315406001 0.01399818232369511 0.0082125103845234349 0.00803870215354348 -0.017458735675535283 0.011461317639549393 0.011603028745303752 0.005204996782816349 -0.0044983675058918472 -0.0012174446892590193 -0.0062865377890125723 0.0031623364695152439 -0.0023348697717606639 0.022352427036181923 0.00014159891819032509 -0.0063497727182776006 0.014473441073419706 -0.0021437421684152845 -0.0024116050095492549 0.0015410150501912756 0.0080847198631682753 0.0015306059814395041 0.0094016073460547467 -0.0028152237846515065 -0.010627012671214924 -0.0067085537094004411 -0.0079039834264955731 0.011511760815111563 -0.0027736237904090739 -0.0088947333361665583 -0.016951439658337938 -0.00098620415589764122 -0.0097966768937372602 0.00057096016267829924 0.0029967547900414488 -0.0039548159291820806 0.0050915312352475704 -0.0049306026246621884 -0.0021201009803794493 0.0025346531263858636 -0.0053275028547550632 0.0055110846396098047 0.018427261697720482 0.0070782287034199991 0.015781820401623476 0.0012858813770146127 -0.012862851817561447 -0.0027811364616864456 -0.0022097497637240567 -0.010667911334876696 0.010365744818771614 -0.024107353815775431 -0.019747382616930226 -0.0025325980630070328 -0.0075810383886353114 0.0017969210258980363 -0.0019335801038875412 -0.014470543960885214 -0.011853393518537392 -0.00028163857376024262 0.011539201769110274 -0.0043629840992369766 -0.0032837633666426996 -0.018273903389423213 -0.0076414616437109183 -0.0064782489257513365 -0.001461900787775547 -0.022842435770869803 -0.0083628267023430954 0.0033311131455188549 -0.0023473859095323188 -0.0022861771691688186 -0.003288894033116599 -0.001549044364418866 0.0081849646840778563 -0.027145400855973448 -0.0033210593602243754 -0.0022425470050671768 -0.0062167002191524639 0.0062060144387954845 -0.014621812652005921 -0.011315192053541786 0.010142289546135648 0.0047500596709651489 0.0032008923670872268 -0.0088133612661266646 0.012457904293335169 0.018589789912760189 0.018043683998620334 -0.011746224678776175 0.0060033495852092897 0.00079842621030121966 0.020259581444208946 0.0033984309929613998 -0.011027070560143036 0.00075976327741360456 0.009774376320630572 0.0081128556761547628 -0.0032681838330595515 0.0020832769074128369 -0.004620845549426305 -0.0033305832930170228
leaf_weight=139 15.999999999999998 300 1190 81 1255 226 93 636 37 3270 2167 1012 399 337 1555 80 566 4005 1188 3250 2089 2347 1767 2179 483 325 136 143 231 550 74 1174 1679 3743 227 1801 267 34 945 334 140 174 574 240 2170 1708 288 522 1385 127 86 122 666 467 60 3115 985 2574 343 3070 3825 302 218 1083 1449 2782 43 412 20 2447 118 215 175 182 103 50 216 126 164 560 1284 64 83 2666 51 1169 1030 17 3006 1595 724 65 305 1451 2183 576 1601 743 1100 17 2819 1332 3221 243 121 580 921 2325 1648 30 308 84 20 78 881 4349 83 278 119 1843 80 140 727 738 650 214
leaf_count=139 16 300 1190 81 1255 226 93 636 37 3270 2167 1012 399 337 1555 80 566 4005 1188 3250 2089 2347 1767 2179 483 325 136 143 231 550 74 1174 1679 3743 227 1801 267 34 945 334 140 174 574 240 2170 1708 288 522 1385 127 86 122 666 467 60 3115 985 2574 343 3070 3825 302 218 1083 1449 2782 43 412 20 2447 118 215 175 182 103 50 216 126 164 560 1284 64 83 2666 51 1169 1030 17 3006 1595 724 65 305 1451 2183 576 1601 743 1100 17 2819 1332 3221 243 121 580 921 2325 1648 30 308 84 20 78 881 4349 83 278 119 1843 80 140 727 738 650 214
internal_value=1.535e-05 -0.00239353 -0.00502159 0.0031547 -0.00107779 -0.00546653 0.00238711 -0.00180139 0.00488808 0.00184138 0.00295658 -0.00272933 0.000863808 -0.000614009 0.00192766 0.000672615 -0.00103979 0.000754935 0.0010392 0.00180543 -0.000571519 0.000691475 0.00496562 0.00430056 -0.00726976 0.00645979 -0.00430001 -0.00493098 -0.00533726 0.00606249 -0.00269457 0.000601423 -0.00333203 0.000188491 0.00111369 0.00377444 0.00379728 0.00119518 -0.00207846 -0.00185315 0.00459716 0.00439778 0.00487556 0.00340677 0.00732367 0.00440913 0.00266872 -0.000810645 -0.00779453 0.00119006 0.00400139 0.00505806 -0.000393794 -0.00304165 -0.00164668 -0.00369424 -0.0051228 0.00016967 -0.00393501 -0.00325496 0.00371532 0.00276003 0.0043581 -0.00155672 -0.00255719 0.00495517 0.00209982 0.00196085 -0.00044649 0.000752308 -0.00867406 -0.00502609 0.00553416 -0.00259325 0.000435698 -0.0106163 -0.00715292 -0.0115369 -0.0145105 0.000138092 0.000125056 -0.00209481 -0.00125372 -0.000632896 0.000171667 -0.00190866 -0.00149182 0.004865 -0.00675701 -0.00645453 -0.00491398 -0.0122743 -0.00404362 0.00309232 -0.00137379 -0.00115359 -0.00404491 0.00145345 0.00699819 -0.00479976 -0.00475507 -0.00544759 -0.00488379 -0.00251592 -0.00386701 -0.00901291 0.00578336 0.00668604 0.00405184 0.00548885 0.010556 0.0103183 -0.00215833 -0.00143372 0.00161784 0.00203943 0.00129702 0.00729071 -0.00296645 -3.97256e-05 0.00150954 0.00241039 -0.00142508 -0.000460062 -0.00303669 0.00247234
internal_weight=119198 67445 22500 51753 44945 21310 35871 32744 15882 28769 12034 18378 12201 14366 8080 5286 3405 6824 16735 11342 5393 8387 2955 2794 8369 6505 12941 10077 9248 6180 862 11802 14538 10525 6704 1881 9377 3304 2864 7542 7102 6962 6254 3910 2344 3336 1996 615 7507 6688 1277 3954 829 13526 4313 9213 4865 2634 3880 3413 9340 5515 3267 7205 4532 3000 5137 5094 3840 2585 138 9017 5630 2728 2248 350 6122 506 380 2673 2839 4348 3083 2749 708 4284 1590 1191 5616 5325 2319 291 788 1787 2819 627 1783 6461 1340 8667 8650 5831 5036 1815 1572 795 5455 3584 1871 2663 338 223 686 3821 6334 5591 4710 361 1451 2145 4682 3214 867 1468 730 1665
internal_count=119198 67445 22500 51753 44945 21310 35871 32744 15882 28769 12034 18378 12201 14366 8080 5286 3405 6824 16735 11342 5393 8387 2955 2794 8369 6505 12941 10077 9248 6180 862 11802 14538 10525 6704 1881 9377 3304 2864 7542 7102 6962 6254 3910 2344 3336 1996 615 7507 6688 1277 3954 829 13526 4313 9213 4865 2634 3880 3413 9340 5515 3267 7205 4532 3000 5137 5094 3840 2585 138 9017 5630 2728 2248 350 6122 506 380 2673 2839 4348 3083 2749 708 4284 1590 1191 5616 5325 2319 291 788 1787 2819 627 1783 6461 1340 8667 8650 5831 5036 1815 1572 795 5455 3584 1871 2663 338 223 686 3821 6334 5591 4710 361 1451 2145 4682 3214 867 1468 730 1665
is_linear=0
shrinkage=0.04


Tree=45
num_leaves=127
num_cat=0
split_feature=9 9 9 17 17 7 9 0 0 1 0 2 8 1 1 9 2 7 1 1 2 2 2 1 1 1 1 1 1 2 0 14 0 1 7 1 1 1 1 7 1 4 7 1 1 1 1 10 1 1 1 1 1 0 0 0 10 1 1 1 0 18 1 0 1 1 1 1 0 10 1 2 0 1 1 1 2 1 1 1 2 2 9 10 1 2 1 1 1 1 11 0 18 1 0 1 1 1 1 9 0 4 1 4 4 2 0 4 1 1 11 1 11 11 10 1 1 1 1 10 4 2 0 0 11 1
split_gain=534.495 94.4707 77.4517 31.9003 30.3931 27.3983 22.5159 21.5099 20.0872 19.7206 18.4995 15.5045 13.9192 13.6157 17.6211 15.9927 13.3456 12.7425 13.1159 20.0611 12.2848 15.5009 13.2674 16.4726 12.1108 12.0959 18.6612 16.6329 12.8286 11.1546 20.1395 10.9193 10.5282 10.2223 10.0248 10.0023 11.7814 9.94579 9.81483 18.195 11.4993 9.73135 9.47131 9.29842 10.7324 10.2496 9.18798 8.8107 8.78081 8.75071 16.6209 8.76042 8.65112 14.738 16.5627 15.3228 10.5601 8.52204 8.50104 8.19337 7.94175 7.86211 7.81902 9.58481 7.85187 7.77354 7.75645 7.62161 7.39126 7.38142 7.36449 7.27418 7.24774 7.3523 9.70082 7.62782 7.53412 7.18201 7.16151 7.08192 7.03971 6.94095 6.81999 6.77299 6.71633 6.61234 6.58835 6.72952 7.77389 6.56117 6.524 6.52269 6.38974 6.37343 12.5388 10.3343 16.5044 9.95315 7.05974 6.0528 6.04702 12.6863 6.16196 6.00152 5.95204 7.88163 6.39798 5.84371 6.82086 5.83319 5.74128 5.69024 5.74971 5.56019 5.52306 5.50093 5.44201 5.37091 9.62295 5.28873 5.27264 5.58105 10.3493 5.27048 5.88266 5.23461
threshold=9.5000000000000018 4.5000000000000009 13.500000000000002 1.0000000180025095e-35 1.0000000180025095e-35 1.5000000000000002 7.5000000000000009 15.500000000000002 6.5000000000000009 16.500000000000004 27.500000000000004 1654.5000000000002 1.5000000000000002 29.500000000000004 84.500000000000014 15.500000000000002 1101.5000000000002 1.5000000000000002 75.500000000000014 77.500000000000014 1292.5000000000002 415.50000000000006 183.50000000000003 89.500000000000014 265.50000000000006 143.50000000000003 77.500000000000014 145.50000000000003 118.50000000000001 873.50000000000011 24.500000000000004 0.85975000000000013 6.5000000000000009 47.500000000000007 1.0000000180025095e-35 75.500000000000014 47.500000000000007 78.500000000000014 133.50000000000003 3.5000000000000004 120.50000000000001 7.5000000000000009 3.5000000000000004 143.50000000000003 47.500000000000007 245.50000000000003 271.50000000000006 50123.500000000007 129.50000000000003 83.500000000000014 116.50000000000001 42.500000000000007 188.50000000000003 27.500000000000004 28.500000000000004 24.500000000000004 87004.500000000015 15.500000000000002 88.500000000000014 31.500000000000004 28.500000000000004 1.0000000180025095e-35 43.500000000000007 26.500000000000004 34.500000000000007 264.50000000000006 176.50000000000003 235.50000000000003 25.500000000000004 60481.500000000007 217.50000000000003 403.50000000000006 6.5000000000000009 167.50000000000003 142.50000000000003 225.50000000000003 1578.5000000000002 69.500000000000014 16.500000000000004 225.50000000000003 1614.5000000000002 850.50000000000011 11.500000000000002 124602.50000000001 65.500000000000014 1801.5000000000002 48.500000000000007 78.500000000000014 218.50000000000003 266.50000000000006 13330.665000000003 26.500000000000004 1.0000000180025095e-35 178.50000000000003 23.500000000000004 197.50000000000003 218.50000000000003 194.50000000000003 261.50000000000006 10.500000000000002 12.500000000000002 15.500000000000002 186.50000000000003 13.500000000000002 13.500000000000002 1035.5000000000002 29.500000000000004 15.500000000000002 220.50000000000003 103.50000000000001 23643.085000000003 27.500000000000004 7526.5700000000006 18200.500000000004 53335.500000000007 4.5000000000000009 164.50000000000003 27.500000000000004 35.500000000000007 66289.000000000015 13.500000000000002 728.50000000000011 14.500000000000002 16.500000000000004 5600.8200000000006 116.50000000000001
decision_type=2 2 2 2 2 2 2 2 2 2 2 2 2 2 2 2 2 2 2 2 2 2 2 2 2 2 2 2 2 2 2 2 2 2 2 2 2 2 2 2 2 2 2 2 2 2 2 2 2 2 2 2 2 2 2 2 2 2 2 2 2 2 2 2 2 2 2 2 2 2 2 2 2 2 2 2 2 2 2 2 2 2 2 2 2 2 2 2 2 2 2 2 2 2 2 2 2 2 2 2 2 2 2 2 2 2 2 2 2 2 2 2 2 2 2 2 2 2 2 2 2 2 2 2 2 2
left_child=1 7 4 13 8 31 12 11 -2 -10 25 24 16 91 80 46 -7 20 33 -20 21 22 -11 -24 47 26 57 -27 109 -21 37 34 -14 99 -3 36 117 -31 40 -40 125 -22 -35 44 -18 85 52 49 -12 51 -51 78 53 55 -55 56 -16 -9 -39 -33 120 -23 64 -64 -59 71 -50 79 -30 -60 82 -52 -37 74 -74 -75 -77 -61 -1 111 -15 -73 -32 -43 -46 -45 -85 -88 -89 -79 -49 -4 -84 94 -29 97 -97 -95 -98 -19 101 115 -102 -38 -6 -106 -107 108 -71 -28 -111 -34 -113 -96 -36 -5 -83 -8 -119 -44 -54 -122 -123 -124 -125 -17
right_child=2 5 3 100 104 6 35 10 9 17 48 -13 32 14 15 38 43 18 19 29 41 61 23 -25 -26 27 28 93 68 30 70 59 67 42 114 72 103 58 39 -41 -42 83 119 45 84 -47 -48 90 66 50 65 -53 60 54 -56 -57 -58 62 69 77 -62 -63 63 -65 -66 -67 -68 -69 -70 107 -72 81 73 75 -76 76 -78 89 -80 -81 -82 116 92 86 -86 -87 87 88 -90 -91 -92 -93 -94 95 113 96 98 -99 -100 -101 102 -103 -104 -105 105 106 -108 -109 -110 110 -112 112 -114 -115 -116 -117 -118 118 -120 -121 121 122 123 124 -126 -127
leaf_value=0.011915977515040302 -0.00827326596142418 -0.0066463016597099267 -0.010511539127591212 0.0092178228478629696 -0.0029332114545440584 0.0049104435022812023 -0.005288998418249459 -0.0032229158492135478 -0.0061637966365246308 -0.0028348458405933617 -8.7834742882585281e-05 0.012763770275495192 -0.011278202714356976 -0.0031582126123094211 -0.0035289714424000997 -0.012007407098421571 -0.0034719870620467329 -0.00054042683662535742 -0.0091094714240981117 -0.0010976130828917886 -0.011345409969566619 0.00087848119618763609 -0.0016821325105617869 0.0075425811738385942 0.010184091464225449 -0.0037612174164484377 0.005362941948075634 -0.0039490657234243168 0.0019480194932868548 0.0038267264551169562 -0.007376724800049978 -0.0013454172180617913 -0.0027038914195400242 -0.017093509395203429 0.010045508536059219 -0.0073337826841210563 -0.012482798689368363 -0.010920489863708565 0.00043306667570364442 -0.0092446643748945595 -0.020574441277260217 0.0023229269827658126 0.0022679232901340841 -0.0017695872589471998 0.0082178363341740869 0.0062771159817933322 -0.024567992455346924 -0.0054091687931576626 0.018588330003669259 -0.00096161259855552495 0.021770150402432797 0.0092473877327624958 -0.0087036009986931062 0.010685805225072585 -0.0049535118008848245 -0.012665442997945158 -0.0082554307798220865 0.0026023997218835105 -0.0010561518443945482 0.0084287459980563594 -0.010232975976389848 -0.0055489303729695872 -0.0016037854086894386 0.011893563122037404 0.0081145698414380948 -0.00049383829805372354 0.0075905120796594455 0.0031342892548970654 0.0081485236501593235 -0.0027267307679097138 -0.0030650389279357677 0.0037964463611568989 -0.0010625759404810922 0.0021720043418854184 -0.0053159002585750374 0.0013240757119010065 -0.0043216177176280332 0.0035190025096652235 0.00089648399641705011 -0.0032598186635367349 0.0061340793499495144 0.0019291455033475938 -0.009269787814586079 -0.025737554762098522 0.0030673786363527872 0.0025547044178215075 0.0023783874631381221 -0.010478303982260358 -0.001062924299883621 0.0099278755004526629 0.0030499914710602513 0.0071609130108461353 -0.021756018470811381 0.00029130854691220232 0.0053269848253159596 0.0092523708612587668 0.0006195692542333511 -0.007777279725378331 0.0087790906448822602 -0.0042094717117486906 0.0050152890157887688 -0.013526542320543407 0.024628914238172324 0.0017121585748698345 0.0055296531290993231 0.026092741550964249 0.002037905786914387 -0.01127209113620079 -0.0073543138563623243 0.01186197600035499 0.0038494132359879652 0.0021251497035548045 -8.8926307044610219e-05 0.00058496307017962804 0.0018684047431752806 9.2073398673800825e-05 0.0074508381443979775 0.0012720206824900996 -0.0040668375052419917 -0.00070473905953623197 -3.060195130868367e-05 -0.014351491021054886 0.0039191082948412349 -0.00075462616236374441 -0.0059516916324856518 -0.0043936166997020857
leaf_weight=121 896 219 1245 142 106 2723 547 446 1890 1248 219 435 121 2279 1374 533 311 1147 865 4130 102 362 608 630 692 824 544 313 1152 362 1122 353 803 50 136 360 48 209 387 1563 210 2741 1527 2192 563 386 40 157 113 762 45 1450 248 157 349 711 1694 1629 2571 785 276 1882 877 93 556 340 1183 1597 421 3068 493 2031 2229 1367 1398 655 892 2722 432 885 138 323 161 17 1462 762 623 180 641 283 1991 34 113 958 2259 488 2339 328 183 1942 152 93 31 4530 553 58 26 162 613 852 174 3215 4500 482 4893 416 2612 1347 901 2565 898 140 158 604 830 201
leaf_count=121 896 219 1245 142 106 2723 547 446 1890 1248 219 435 121 2279 1374 533 311 1147 865 4130 102 362 608 630 692 824 544 313 1152 362 1122 353 803 50 136 360 48 209 387 1563 210 2741 1527 2192 563 386 40 157 113 762 45 1450 248 157 349 711 1694 1629 2571 785 276 1882 877 93 556 340 1183 1597 421 3068 493 2031 2229 1367 1398 655 892 2722 432 885 138 323 161 17 1462 762 623 180 641 283 1991 34 113 958 2259 488 2339 328 183 1942 152 93 31 4530 553 58 26 162 613 852 174 3215 4500 482 4893 416 2612 1347 901 2565 898 140 158 604 830 201
internal_value=-1.35031e-05 0.00219814 -0.00324725 -0.00564818 -0.0021842 0.00102691 0.000495641 0.00401582 -0.00236486 -0.0021994 0.00308926 0.00535213 0.00137862 -0.00609882 -0.00570451 -0.00642146 0.0026078 -0.0019506 -0.00248889 -0.00320914 -0.000692903 -0.00210018 7.38122e-05 0.00300919 0.00505738 0.00266111 0.00391548 0.00162566 0.00616824 -0.00281629 -0.0036157 0.00293824 0.000449921 -0.00110687 0.00172506 -0.000711574 0.000312369 -0.00262377 -0.00894858 -0.00732203 -0.0123031 0.000852742 0.000191023 0.00150236 0.00343827 0.000147128 -0.00544295 0.00471125 0.00730211 0.00531458 0.00456097 0.00761222 -0.00533925 -0.00651084 -9.19403e-05 -0.00736924 -0.00614018 0.001948 -0.002977 0.00447394 -0.0037461 -0.00451029 0.00268032 -0.000304494 0.00400718 0.00534815 0.00855387 0.000579395 0.00361049 -0.00271737 -0.00728112 0.00574533 -0.00180612 -0.00150117 -0.00270319 -3.62583e-06 -0.00192871 0.00501704 0.00331657 0.000145019 -0.00262578 0.00559888 -0.00876684 0.00115006 0.00450164 -0.00065271 -0.00104765 -0.000752448 -0.00313309 0.00412421 0.00242962 -0.0100381 -0.0144399 0.00223016 0.00362783 0.00123557 0.00251844 -0.00176396 0.00121355 -0.00284845 0.00194896 0.000136451 0.0083713 0.00156218 0.00581404 0.00727614 0.018706 -0.00382764 -0.00349863 0.00872795 0.0105075 0.000499278 0.000833222 0.00449462 0.00209053 0.0024228 0.00684462 -0.00173328 -0.000866104 0.000403612 -0.00312229 -0.00259415 -0.00392091 -0.00300029 -0.00376569 -0.00992876
internal_weight=119575 71009 48566 14903 33663 43185 33794 27824 32920 32024 16433 11391 19520 14069 12790 10373 8399 30134 21100 13869 9034 4730 2486 1238 10956 14918 6744 8174 3143 13004 8874 9391 11121 7231 5248 14274 7373 6985 2894 1950 944 4304 4142 5676 2336 3340 7479 10264 1515 8116 6113 2003 7439 4285 506 3779 3068 3601 6623 4143 3154 2244 3155 970 2185 5351 1296 11000 1573 6414 1889 5011 6901 6541 3627 2914 1547 3790 553 9403 2417 4966 1396 4202 2025 2954 1461 1444 821 3005 2148 1279 274 7350 3054 4296 3010 1286 2522 3089 834 651 183 4578 743 637 84 3843 3681 1570 1026 8518 7715 2741 5029 558 2935 2795 2248 4092 2878 2630 1732 1592 1434 734
internal_count=119575 71009 48566 14903 33663 43185 33794 27824 32920 32024 16433 11391 19520 14069 12790 10373 8399 30134 21100 13869 9034 4730 2486 1238 10956 14918 6744 8174 3143 13004 8874 9391 11121 7231 5248 14274 7373 6985 2894 1950 944 4304 4142 5676 2336 3340 7479 10264 1515 8116 6113 2003 7439 4285 506 3779 3068 3601 6623 4143 3154 2244 3155 970 2185 5351 1296 11000 1573 6414 1889 5011 6901 6541 3627 2914 1547 3790 553 9403 2417 4966 1396 4202 2025 2954 1461 1444 821 3005 2148 1279 274 7350 3054 4296 3010 1286 2522 3089 834 651 183 4578 743 637 84 3843 3681 1570 1026 8518 7715 2741 5029 558 2935 2795 2248 4092 2878 2630 1732 1592 1434 734
is_linear=0
shrinkage=0.04


Tree=46
num_leaves=127
num_cat=0
split_feature=9 9 9 17 17 9 8 0 17 9 8 2 9 4 0 0 0 4 18 13 4 0 0 0 2 2 4 0 0 2 2 2 0 2 13 2 2 4 0 2 2 10 18 2 2 2 4 2 2 12 13 2 0 0 2 0 2 0 9 2 10 18 10 0 4 4 2 0 2 2 2 2 13 0 0 4 0 10 0 0 8 2 10 18 4 9 2 2 18 0 0 2 0 10 4 2 0 0 2 2 2 4 0 4 2 17 2 2 0 2 2 0 10 10 2 11 4 2 2 2 2 14 4 2 2 2
split_gain=492.618 87.0707 71.38 29.4055 28.0141 23.1273 20.4359 18.7001 15.5093 14.5356 14.2566 15.6322 12.4274 15.399 10.6727 10.5694 10.2037 9.53775 9.80124 9.18412 8.72593 8.71058 8.64359 9.32057 10.2718 9.47277 8.4183 8.24357 8.17662 8.16404 7.56995 13.6767 9.50779 8.66475 7.34763 7.30466 7.26604 7.2354 7.41625 17.1067 8.92308 6.76197 6.68216 6.56104 6.5468 6.48929 6.45135 7.52824 7.53118 6.71393 6.32101 6.14311 6.10901 6.01615 9.36706 8.7936 6.24983 6.15055 5.93762 5.74169 5.6552 5.59511 5.59377 5.57475 11.6932 5.48744 7.26601 5.89355 5.44702 5.77117 5.67392 5.32326 5.32289 5.13851 7.48608 5.96011 5.12877 5.29544 5.12833 5.07723 8.58697 5.25584 8.57584 4.94602 5.64323 4.9131 4.88363 9.16152 4.84747 4.9534 5.7162 6.81862 13.8445 4.83606 4.78206 4.70491 4.66114 9.06905 7.587 6.58132 6.28613 5.82281 5.11837 4.72604 4.68138 4.64474 4.33908 6.13616 6.80482 4.26889 4.88117 4.53161 4.42933 4.22631 4.08648 4.08587 4.0519 4.0373 4.01312 6.33723 4.20971 4.00911 4.00082 3.9833 7.35649 5.87501
threshold=9.5000000000000018 4.5000000000000009 13.500000000000002 1.0000000180025095e-35 1.0000000180025095e-35 7.5000000000000009 1.5000000000000002 5.5000000000000009 1.0000000180025095e-35 11.500000000000002 1.5000000000000002 1101.5000000000002 15.500000000000002 14.500000000000002 6.5000000000000009 15.500000000000002 7.5000000000000009 15.500000000000002 1.0000000180025095e-35 0.59715000000000007 25.500000000000004 15.500000000000002 6.5000000000000009 16.500000000000004 1338.5000000000002 1416.5000000000002 14.500000000000002 27.500000000000004 25.500000000000004 1863.5000000000002 434.50000000000006 128.50000000000003 8.5000000000000018 772.50000000000011 0.63730000000000009 412.50000000000006 990.50000000000011 4.5000000000000009 23.500000000000004 956.50000000000011 1614.5000000000002 97504.000000000015 1.0000000180025095e-35 1535.5000000000002 1542.5000000000002 1128.5000000000002 13.500000000000002 324.50000000000006 183.50000000000003 3.5000000000000004 0.97345000000000015 1074.5000000000002 14.500000000000002 16.500000000000004 1715.5000000000002 10.500000000000002 1610.5000000000002 11.500000000000002 22.500000000000004 1621.5000000000002 91477.000000000015 1.0000000180025095e-35 168278.50000000003 12.500000000000002 15.500000000000002 13.500000000000002 1035.5000000000002 29.500000000000004 1141.5000000000002 1493.5000000000002 1117.5000000000002 1839.5000000000002 0.93145000000000011 14.500000000000002 23.500000000000004 13.500000000000002 3.5000000000000004 50123.500000000007 25.500000000000004 25.500000000000004 1.5000000000000002 1092.5000000000002 127971.00000000001 1.0000000180025095e-35 13.500000000000002 18.500000000000004 195.50000000000003 274.50000000000006 1.0000000180025095e-35 22.500000000000004 14.500000000000002 1351.5000000000002 8.5000000000000018 53335.500000000007 28.500000000000004 1675.5000000000002 25.500000000000004 26.500000000000004 1724.5000000000002 506.50000000000006 518.50000000000011 22.500000000000004 28.500000000000004 29.500000000000004 902.50000000000011 1.0000000180025095e-35 1530.5000000000002 1567.5000000000002 16.500000000000004 902.50000000000011 913.50000000000011 24.500000000000004 168278.50000000003 78011.000000000015 305.50000000000006 8202.5350000000017 29.500000000000004 58.500000000000007 1305.5000000000002 1366.5000000000002 1287.5000000000002 0.87285000000000013 1.5000000000000002 1518.5000000000002 1794.5000000000002 1315.5000000000002
decision_type=2 2 2 2 2 2 2 2 2 2 2 2 2 2 2 2 2 2 2 2 2 2 2 2 2 2 2 2 2 2 2 2 2 2 2 2 2 2 2 2 2 2 2 2 2 2 2 2 2 2 2 2 2 2 2 2 2 2 2 2 2 2 2 2 2 2 2 2 2 2 2 2 2 2 2 2 2 2 2 2 2 2 2 2 2 2 2 2 2 2 2 2 2 2 2 2 2 2 2 2 2 2 2 2 2 2 2 2 2 2 2 2 2 2 2 2 2 2 2 2 2 2 2 2 2 2
left_child=1 6 4 12 7 10 8 60 15 19 11 105 13 16 -12 52 61 35 -19 -9 -20 76 -7 24 36 -26 53 -17 29 50 31 41 -33 85 -25 86 -24 -21 40 -40 88 -14 -15 -29 -27 -13 -18 48 -48 106 -23 -41 117 55 56 118 68 -57 -34 83 -2 -4 78 64 -5 -6 -67 -68 70 -70 -55 -42 -47 -61 75 -75 -8 94 -44 -35 -81 82 -82 -37 122 -32 -11 -88 -39 90 91 -90 -93 -79 -78 -58 98 101 99 121 102 104 -99 -100 -98 109 -49 -108 -109 111 -111 -3 -113 -110 -30 -10 -31 -1 120 -120 -16 -36 -85 125 -125 -74
right_child=2 5 3 63 65 22 21 9 115 17 14 45 30 42 26 27 46 18 20 37 -22 28 23 34 25 44 -28 43 114 116 33 32 58 79 96 59 -38 38 39 51 71 -43 62 -45 -46 72 47 49 -50 -51 -52 -53 -54 54 -56 57 95 -59 -60 73 -62 -63 -64 -65 -66 66 67 -69 69 -71 -72 -73 123 74 -76 -77 77 93 -80 80 81 -83 -84 84 -86 -87 87 -89 89 -91 -92 92 -94 -95 -96 -97 97 100 103 -101 -102 -103 -104 -105 -106 -107 107 108 113 110 -112 112 -114 -115 -116 -117 -118 -119 119 -121 -122 -123 -124 124 -126 -127
leaf_value=-0.0024354342191226625 -0.0061583133589258278 0.0051136140389145433 -0.0036860504257863742 0.0023262407689822059 -0.0028159934464178481 -0.0059299264940054809 -0.011908786571657176 -0.0043617533751431322 0.026858013463340658 -0.0020978775148523731 -0.010827447539710685 -0.0024432186897793608 -0.001219687206506349 -0.00080471221741835975 0.00079959442124667571 0.0034635427043113675 -0.0088224114188455594 -0.00052922489625319201 -0.007521699812735835 -0.011761329057603395 -0.019874102255640173 -0.00038398065515156746 0.00085157788698785627 -0.0046584172516975159 0.0063631182729390022 0.00010860743288139723 -0.0032147443485990371 0.0060107783206322842 0.015518376930675383 0.0043397183066322753 -0.010023711426463829 0.012306660916331754 -0.00041444837351146702 -0.0081032368892266522 -0.00093804584127036607 -0.0021271308585193785 -0.0026524554448424781 0.00042823472295065918 0.0001393142445933536 -0.026675154744731304 0.0053465566988103261 -0.013939758702417926 -0.015603612616213035 0.015203442381045268 0.0049154698202952809 0.0012403987145331984 -0.002634697333053312 -0.0046363069884436132 0.0060149393350018591 -0.0095887497007266318 0.0034199119182248832 -0.0049272477996871308 0.0088450189766331577 -0.00049734600574283206 0.0027552269965578804 0.011798701683744681 -0.0090481355362641812 0.0035387834132209208 -0.015264933951600581 -0.011271868617175898 -0.013817510150281469 -0.0088871389232924661 -0.0014758855011942577 0.0080379675529746661 -0.012986061950759395 0.0053085069817011225 0.02505082882620176 0.0019567018918607423 0.0037025447701959056 -0.00047316712076005959 -0.0066769377680864364 0.00063471922879410785 0.0027922496346639175 -0.014635179691084202 -0.0036498555282797056 0.002669308084698555 0.004887051608806931 -0.0046286290960877571 -0.0075212091694930308 0.010719471249411455 -0.0035892893367890318 0.0021105294831731025 -0.024000493752028413 -0.0015394115430044839 -0.0039845152614435796 -0.01683387432944539 0.0080163287059601598 -0.0012309002873701026 -0.0016443098952615188 0.013911281172242409 -0.0032504259587946035 -0.0019445353774866418 0.0066561527573304399 0.0028040645802882899 -0.0066314118567103973 -0.0017836238078424741 0.0016898676556611864 0.019430098632764913 0.001029307028653334 -0.0026988046826360358 -0.00026584233084149078 -0.0087628933317791622 0.00045546045041138352 -0.01374219257947047 0.013043202552712976 0.013852118236961523 0.0014256483110475248 0.0039238212689854278 -0.001923845029598185 0.024446050440732555 0.0074267435701176956 0.00020306781841404107 0.015517721324694863 -0.0064506761785076165 0.003496971300622161 0.01293470643077743 -0.011259123619192202 0.0057646116775562041 0.0081661671834180258 0.0013384046984178913 -0.0035283488925299906 0.0038774888939824351 -0.013926844794653993 -0.0013721633780843703 0.0048438925505305602 0.0087097380869432615
leaf_weight=98 456 2333 458 558 106 391 32 1500 52 1655 121 524 94 100 1413 6522 425 204 316 101 130 3582 3827 701 900 1578 688 724 46 1236 515 86 312 2149 827 2549 1258 2795 1921 21 542 238 425 151 637 3648 521 4040 233 349 868 1951 1198 1852 2106 154 206 2382 50 75 236 1224 74 183 93 553 58 26 1038 1078 273 1321 600 33 686 806 4765 155 182 62 98 81 50 58 6964 258 252 534 4103 33 2302 694 526 1414 58 470 86 48 2559 3665 2111 31 44 35 185 96 510 169 568 29 422 526 32 798 3254 103 27 3539 257 1430 482 415 156 539 698 490
leaf_count=98 456 2333 458 558 106 391 32 1500 52 1655 121 524 94 100 1413 6522 425 204 316 101 130 3582 3827 701 900 1578 688 724 46 1236 515 86 312 2149 827 2549 1258 2795 1921 21 542 238 425 151 637 3648 521 4040 233 349 868 1951 1198 1852 2106 154 206 2382 50 75 236 1224 74 183 93 553 58 26 1038 1078 273 1321 600 33 686 806 4765 155 182 62 98 81 50 58 6964 258 252 534 4103 33 2302 694 526 1414 58 470 86 48 2559 3665 2111 31 44 35 185 96 510 169 568 29 422 526 32 798 3254 103 27 3539 257 1430 482 415 156 539 698 490
internal_value=-1.29733e-05 0.00211026 -0.00311746 -0.00542236 -0.00209692 0.000985829 0.00385531 -0.00227037 0.00506591 -0.00213049 0.00181785 0.00297588 -0.00585503 -0.00510538 0.000992643 0.00490603 -0.00465123 -0.00307486 -0.00781302 -0.00136574 -0.0111348 0.00288361 -4.38354e-05 7.77092e-05 0.00109273 0.00290151 0.00109643 0.00395388 0.00208047 0.00116374 -0.00774555 -0.00419991 0.000351442 -0.0086049 -0.000699279 -0.00285082 -1.45485e-05 -0.00108994 -0.00102312 -0.00254521 -0.000541661 -0.0103518 -0.0105039 0.0076033 0.00149295 0.00182097 -0.00402705 -0.00374284 3.33398e-05 -0.00418599 0.000357153 -0.00516221 0.00636178 0.00132247 0.000522898 0.00223965 -0.000432454 0.00404239 -0.00248032 -0.00327865 -0.00877781 -0.00747359 -0.011922 0.00187151 0.000130967 0.00558186 0.00698581 0.017961 0.000136022 0.00157341 -0.0012934 0.00200789 0.00219564 -0.00105455 -0.000548725 0.00198225 0.00400975 0.00409026 -0.0131884 -0.00743099 -0.0024517 -0.00603828 -0.0105235 -0.00364407 -0.00418216 -0.0123038 -0.000863834 0.00172941 -0.000996456 -0.00151696 -0.00158443 -0.000863156 0.00176059 0.002067 0.00474757 -0.00400429 -0.000421466 0.0010717 -0.000920659 -0.00184584 0.000178591 0.00757123 0.0104091 0.000827936 0.00945701 0.00515777 -0.00387531 -0.0023698 -0.00363345 0.00490642 0.00853516 0.00433867 0.00109112 -0.00457157 0.00366622 0.0176458 0.00400222 0.0055425 0.000962135 0.00238135 -0.000299251 0.000667972 -0.0105905 0.00369132 0.00213224 0.00545663
internal_weight=119575 71009 48566 14903 33663 43185 27824 32920 12387 32228 23887 9937 14069 10076 13950 12232 9295 14418 650 17810 446 15437 19298 18907 8200 3115 13829 7397 9013 5713 3993 780 448 3213 10707 13768 5085 16310 16209 3893 12316 332 781 875 2215 6499 7613 7188 754 6434 4450 1972 4835 13141 7023 6118 4917 2536 362 11327 692 1682 681 834 651 743 637 84 4241 2116 2125 1863 5975 1600 1525 839 6424 6392 607 2440 291 229 148 9727 7178 773 2441 786 10453 7658 7625 5323 1220 1569 4823 676 10006 2505 7501 4907 2203 302 92 2594 271 3438 6085 2045 1535 3342 451 2891 558 1366 3300 155 1263 3637 3582 1687 1895 1242 214 2327 1237 1090
internal_count=119575 71009 48566 14903 33663 43185 27824 32920 12387 32228 23887 9937 14069 10076 13950 12232 9295 14418 650 17810 446 15437 19298 18907 8200 3115 13829 7397 9013 5713 3993 780 448 3213 10707 13768 5085 16310 16209 3893 12316 332 781 875 2215 6499 7613 7188 754 6434 4450 1972 4835 13141 7023 6118 4917 2536 362 11327 692 1682 681 834 651 743 637 84 4241 2116 2125 1863 5975 1600 1525 839 6424 6392 607 2440 291 229 148 9727 7178 773 2441 786 10453 7658 7625 5323 1220 1569 4823 676 10006 2505 7501 4907 2203 302 92 2594 271 3438 6085 2045 1535 3342 451 2891 558 1366 3300 155 1263 3637 3582 1687 1895 1242 214 2327 1237 1090
is_linear=0
shrinkage=0.04


Tree=47
num_leaves=127
num_cat=0
split_feature=9 9 9 17 8 17 17 17 0 0 1 1 0 1 0 1 1 1 1 1 1 1 1 0 1 1 1 9 2 1 1 13 4 0 1 1 2 2 9 4 0 1 0 1 1 1 1 1 1 8 1 0 0 0 10 0 1 1 2 1 2 2 1 0 0 1 1 1 1 1 1 1 1 1 1 4 1 0 0 1 8 1 2 2 15 1 2 1 1 0 1 2 0 1 1 1 1 2 2 1 1 2 1 13 0 4 0 10 1 1 0 4 1 1 0 0 1 0 13 10 1 10 2 1 2 11
split_gain=454.022 80.482 65.788 27.1025 26.8606 25.8213 17.908 17.8669 17.3941 18.533 18.8864 31.096 17.2351 17.584 12.8812 12.8761 16.136 32.4655 22.5997 12.8602 14.5459 15.7142 17.1721 12.5512 17.2169 12.0579 15.7016 13.6266 11.5195 11.5167 10.7222 10.605 10.4033 9.57675 13.0362 13.259 9.36388 9.01155 8.90678 9.42077 8.59759 8.55046 14.8952 10.022 8.31437 8.25582 9.51641 8.16447 7.65023 7.54263 7.53139 13.1424 14.5844 14.3379 9.42463 7.50971 7.25015 7.93846 13.7269 9.40992 7.23297 13.0271 7.21705 7.1213 6.8923 9.78684 9.43302 7.24747 6.82794 9.10947 11.893 8.34217 7.80221 6.79983 6.74426 6.70637 6.66354 15.1178 10.8852 15.6614 7.42878 9.80072 6.49736 6.27165 6.22035 6.18704 6.43611 6.12094 7.37587 6.05798 6.01812 5.99447 5.86238 8.88094 13.0473 5.71102 5.67665 5.66994 5.65867 5.62477 5.5744 5.33181 5.29161 5.27164 5.26527 6.74556 5.27965 5.21041 5.19729 5.16917 5.13799 10.7773 5.68152 5.07774 6.50718 5.72319 5.07003 5.02563 4.97858 4.96147 5.27338 4.95652 4.92882 8.58504 4.92848 4.84543
threshold=9.5000000000000018 5.5000000000000009 13.500000000000002 1.0000000180025095e-35 1.5000000000000002 1.0000000180025095e-35 1.0000000180025095e-35 1.0000000180025095e-35 6.5000000000000009 15.500000000000002 66.500000000000014 205.50000000000003 5.5000000000000009 16.500000000000004 15.500000000000002 27.500000000000004 143.50000000000003 77.500000000000014 161.50000000000003 30.500000000000004 65.500000000000014 197.50000000000003 212.50000000000003 25.500000000000004 165.50000000000003 29.500000000000004 84.500000000000014 15.500000000000002 1881.5000000000002 29.500000000000004 75.500000000000014 0.60565000000000013 13.500000000000002 27.500000000000004 143.50000000000003 145.50000000000003 518.50000000000011 335.50000000000006 10.500000000000002 28.500000000000004 14.500000000000002 133.50000000000003 25.500000000000004 120.50000000000001 176.50000000000003 171.50000000000003 169.50000000000003 271.50000000000006 234.50000000000003 1.5000000000000002 188.50000000000003 27.500000000000004 28.500000000000004 24.500000000000004 87004.500000000015 11.500000000000002 217.50000000000003 75.500000000000014 412.50000000000006 47.500000000000007 1843.5000000000002 1606.5000000000002 94.500000000000014 28.500000000000004 23.500000000000004 195.50000000000003 225.50000000000003 197.50000000000003 266.50000000000006 83.500000000000014 206.50000000000003 212.50000000000003 52.500000000000007 266.50000000000006 62.500000000000007 13.500000000000002 122.50000000000001 28.500000000000004 16.500000000000004 88.500000000000014 1.5000000000000002 188.50000000000003 856.50000000000011 1614.5000000000002 1.0000000180025095e-35 71.500000000000014 576.50000000000011 129.50000000000003 176.50000000000003 15.500000000000002 12.500000000000002 128.50000000000003 24.500000000000004 110.50000000000001 116.50000000000001 138.50000000000003 143.50000000000003 1305.5000000000002 1357.5000000000002 52.500000000000007 116.50000000000001 403.50000000000006 165.50000000000003 0.44820000000000004 28.500000000000004 15.500000000000002 26.500000000000004 91477.000000000015 212.50000000000003 118.50000000000001 12.500000000000002 15.500000000000002 186.50000000000003 96.500000000000014 29.500000000000004 17.500000000000004 4.5000000000000009 14.500000000000002 0.92015000000000013 92510.500000000015 165.50000000000003 55140.500000000007 1400.5000000000002 221.50000000000003 1756.5000000000002 8250.7000000000025
decision_type=2 2 2 2 2 2 2 2 2 2 2 2 2 2 2 2 2 2 2 2 2 2 2 2 2 2 2 2 2 2 2 2 2 2 2 2 2 2 2 2 2 2 2 2 2 2 2 2 2 2 2 2 2 2 2 2 2 2 2 2 2 2 2 2 2 2 2 2 2 2 2 2 2 2 2 2 2 2 2 2 2 2 2 2 2 2 2 2 2 2 2 2 2 2 2 2 2 2 2 2 2 2 2 2 2 2 2 2 2 2 2 2 2 2 2 2 2 2 2 2 2 2 2 2 2 2
left_child=1 4 5 25 7 12 8 14 -3 10 29 30 107 121 68 -11 17 85 49 90 99 23 82 24 28 89 83 47 92 40 97 125 -33 34 74 -36 -24 -19 -34 56 -10 43 117 -29 -25 46 -20 50 55 -18 51 53 -53 54 -28 -13 57 59 91 -40 61 -47 -32 -52 65 -37 67 101 69 72 102 -72 -1 -50 -16 -39 78 80 79 -60 -78 -82 -23 103 -41 86 -17 -35 -89 -4 -6 -59 93 98 -95 109 -94 -12 -22 -21 -81 -66 -71 -27 105 106 -38 -2 -57 -77 111 116 -112 -7 115 -115 -5 -43 -31 120 -64 -14 123 -73 -63 -15
right_child=2 6 3 110 19 113 -8 -9 9 15 11 48 13 31 33 16 18 37 45 20 21 22 36 44 -26 26 27 41 -30 118 62 32 38 87 35 64 104 75 39 84 -42 42 -44 -45 -46 60 -48 -49 73 -51 63 52 -54 -55 -56 108 -58 58 76 -61 -62 124 119 -65 66 -67 -68 -69 -70 70 71 122 -74 -75 -76 95 77 -79 -80 100 81 -83 -84 -85 -86 -87 -88 88 -90 -91 -92 -93 96 94 -96 -97 -98 -99 -100 -101 -102 -103 -104 -105 -106 -107 -108 -109 -110 -111 112 -113 -114 114 -116 -117 -118 -119 -120 -121 -122 -123 -124 -125 -126 -127
leaf_value=0.0052012423913024635 -0.0059120348601883191 -0.0070969257004370821 -0.013208639986347082 0.0087563852018910666 0.011114064328120843 0.0022658539154674202 0.013112387803654278 0.01727688796277866 -0.0025417753490084511 -0.0047371140952587269 -0.00055721030326297304 0.013497457893764671 -0.0031323895525066222 -0.0053152984852311925 0.002649896019754603 0.0025425512526520049 -0.0027330039308770867 0.018172779556804356 0.0021268568040025042 0.0040409479797608727 -0.0029163894257881388 0.0047053089456672251 0.0077361247815939576 0.0046669261441057925 -0.0052650580402189388 -0.010906585545485625 -0.0031734802677290111 -0.0091736803044921642 0.0080824990537322079 0.0042380132071291226 -0.0071267284792348182 -0.0060450601651415069 -0.0003610156349217737 -0.0017821715146120601 -0.0032966233882897869 -0.0066750133043173088 0.0024991305665672389 -0.0042209623848655084 -0.0033687845697174717 -0.0017233965595888426 0.019456939871525053 -0.011284589153263648 0.0016450300018268508 -0.019113619881888224 -0.00066632401148605531 0.00021101102882735629 0.016670307548342228 -0.023052656287861583 0.0012425241890637107 -0.0078290034790144142 -0.0028481381726962814 0.010156237522198241 -0.0045194856499262267 -0.011952405027272983 -0.0076387714087320126 0.0055788061883564046 -0.00036502355581803907 -0.0016796423816150413 -0.0079998888854304756 0.00013598254484631576 0.00222095074953627 -0.0063155577064248989 -0.00056920611126928225 -0.0095816886399719813 -0.0011181282854851758 0.0021175313959213128 -0.00087486412266037344 0.0099292778938078179 0.010223940271443764 0.0019783484334409155 0.0094917608962099241 0.0016049007688180637 0.010731045358708382 0.0062500127857079077 0.0062985026952223399 0.0060497417369289952 -0.0023389271187709989 -0.00055340814319384363 0.0027611276468112868 -0.0029855434116714554 -0.011341351648003869 -0.0043352434444253133 0.0097529093307978498 0.0059244288849407654 -0.018202480953127369 -0.0065811697826634128 -0.00062274817333290652 0.01980596138702095 0.0071581744417257885 -0.0073568704707332819 -0.0009704521479401558 0.0045783440010387175 0.00025490999756705473 0.0093913976712392839 0.0011543741492177557 0.026842723367226064 -0.0057481325180577681 0.0028335132901188449 0.0024748668793428906 0.007804543751925336 0.0012520785419046973 0.0045122607200001712 -0.0075472298090582899 -0.0023840921282934809 0.0063832762898536968 -0.0045099108326911511 -0.0017569760134656831 -0.013265043956175138 -0.00070567597975432033 -0.00080145605737157264 0.0044935020727989005 -0.012467177025613672 0.02332643890687507 0.010471546540736327 0.0011558365996391172 0.030174003263241246 0 -0.0066145838298058979 0.0081221117421481723 -0.0060601194682448666 -0.006449309679529989 -0.0073774431068499074 0.00017783746805179919 0.0073021406027003423 -0.0020133615030714968 -0.002292880371915816
leaf_weight=827 456 467 430 142 68 398 183 175 504 947 1785 169 708 1830 1308 1327 1042 87 941 1802 957 853 511 1852 872 123 1374 734 329 2584 422 798 8695 106 720 279 4580 118 1899 61 30 562 288 210 624 3123 78 40 2412 844 2878 157 349 711 1694 1384 4076 510 944 3451 1136 841 2859 276 312 738 635 349 515 1193 747 638 815 530 2153 1732 366 728 498 2312 872 508 791 138 94 231 4556 82 775 849 2044 470 587 405 1286 20 440 1412 461 989 631 1907 101 2156 423 262 518 236 247 195 152 93 31 202 116 27 416 1100 668 356 267 1182 343 1269 871 1595
leaf_count=827 456 467 430 142 68 398 183 175 504 947 1785 169 708 1830 1308 1327 1042 87 941 1802 957 853 511 1852 872 123 1374 734 329 2584 422 798 8695 106 720 279 4580 118 1899 61 30 562 288 210 624 3123 78 40 2412 844 2878 157 349 711 1694 1384 4076 510 944 3451 1136 841 2859 276 312 738 635 349 515 1193 747 638 815 530 2153 1732 366 728 498 2312 872 508 791 138 94 231 4556 82 775 849 2044 470 587 405 1286 20 440 1412 461 989 631 1907 101 2156 423 262 518 236 247 195 152 93 31 202 116 27 416 1100 668 356 267 1182 343 1269 871 1595
internal_value=-1.2467e-05 0.00202589 -0.00299286 -0.00520564 0.00333012 -0.0020131 0.000635282 0.00456138 0.000568334 0.000674639 0.00168355 0.00089691 -0.00217963 -0.00204533 0.00442029 -0.00019685 5.37671e-05 0.00132569 -0.0011303 0.00237687 0.00271376 0.0022417 0.00349533 0.00096747 -0.000123817 -0.00562103 -0.00524992 -0.0059267 0.000879451 0.0041431 -0.000777584 -0.00181192 -0.00154487 0.00347177 0.00303779 0.0017176 0.00254343 0.00555099 -0.00140719 -0.00192913 -0.00129499 -0.00825957 -0.00674111 -0.0113909 0.00332126 -8.12704e-05 0.00324555 -0.00502336 0.00340522 -0.00501592 -0.00492557 -0.00601878 2.72525e-05 -0.00682937 -0.00564047 0.00546063 -0.00184068 -0.00229642 -0.00310741 -0.00110734 -0.000649734 -0.00132507 -0.00218443 -0.00343893 0.00257411 -0.000291069 0.00348508 0.00456473 0.00579707 0.00541196 0.00444009 0.00582414 0.00794886 0.00214616 0.00492087 0.00501643 -0.00374026 -0.00540186 -0.00280178 -0.00351557 -0.007421 -0.00876569 0.00713681 -0.00234363 -0.0117482 -0.000160938 9.05844e-05 0.00725291 0.00837518 -0.00932824 -0.000578966 0.00131772 0.000305332 0.00117172 0.00312997 0.00557852 -0.0023134 0.000939141 -0.00116079 0.00537626 -0.0020756 0.00371879 0.00123124 -0.00284627 0.00208378 0.00174361 0.00206586 -0.00842704 0.00462464 0.00535436 0.00179663 0.000125417 0.00771662 0.00535896 0.00891396 0.0128242 0.00223321 -0.00819672 0.00503731 -0.00158411 -0.00107291 -0.0057896 0.00460435 0.00539837 -0.00412935 -0.00390905
internal_weight=119575 71009 48566 14903 36641 33663 34368 15987 34185 33718 15629 11843 32920 32228 15812 18089 17142 8266 8876 20654 18542 15751 7938 7813 5337 14069 12790 10373 4465 3786 7101 30338 26913 9364 8401 4940 6294 2152 26115 17420 534 2894 1950 944 2476 6990 1019 7479 4742 1886 7439 4285 506 3779 3068 1800 17265 13189 7839 5350 5971 4835 3904 3154 4220 1017 3203 2568 6448 5933 4291 2997 1642 2942 3461 2065 6859 2474 4385 3887 1746 1380 1644 2417 155 6114 5883 963 857 1279 2112 980 4136 3109 1691 1947 1027 3197 1418 2791 2943 2219 1294 2279 5783 5360 5098 692 1631 1927 834 651 183 743 345 229 558 1662 3252 3482 3126 1890 2250 1907 1712 3425
internal_count=119575 71009 48566 14903 36641 33663 34368 15987 34185 33718 15629 11843 32920 32228 15812 18089 17142 8266 8876 20654 18542 15751 7938 7813 5337 14069 12790 10373 4465 3786 7101 30338 26913 9364 8401 4940 6294 2152 26115 17420 534 2894 1950 944 2476 6990 1019 7479 4742 1886 7439 4285 506 3779 3068 1800 17265 13189 7839 5350 5971 4835 3904 3154 4220 1017 3203 2568 6448 5933 4291 2997 1642 2942 3461 2065 6859 2474 4385 3887 1746 1380 1644 2417 155 6114 5883 963 857 1279 2112 980 4136 3109 1691 1947 1027 3197 1418 2791 2943 2219 1294 2279 5783 5360 5098 692 1631 1927 834 651 183 743 345 229 558 1662 3252 3482 3126 1890 2250 1907 1712 3425
is_linear=0
shrinkage=0.04


Tree=48
num_leaves=127
num_cat=0
split_feature=13 8 13 0 14 7 8 1 1 1 2 7 17 0 0 0 11 0 12 2 1 1 8 1 2 1 0 1 1 0 1 1 1 1 1 0 13 1 1 0 1 1 2 10 11 2 17 1 1 1 1 1 0 1 2 2 1 0 0 10 2 1 1 1 11 11 0 1 2 10 10 0 1 1 1 1 0 14 1 0 2 2 1 10 1 1 1 0 0 2 11 17 1 14 2 2 1 1 0 0 10 2 1 1 11 2 2 1 14 0 0 0 2 0 1 1 2 10 2 10 1 14 2 2 2 11
split_gain=375.443 68.094 48.7274 31.3004 31.0656 23.0853 22.8397 22.5934 22.25 20.6867 24.782 20.0188 18.4097 17.938 27.5052 14.9562 13.464 12.8685 12.5943 12.1236 12.0437 12.3895 11.6333 9.87784 9.79311 9.6647 9.62339 13.2122 12.6935 9.6063 10.4941 9.59076 12.324 12.6594 10.5133 10.3906 9.58015 9.17037 17.339 8.55364 8.35074 16.8044 12.1021 7.98348 9.87398 7.89456 7.60424 7.44413 7.42319 11.1899 7.28668 7.28117 13.9042 8.49859 7.8858 7.11608 6.96726 6.89302 6.86777 7.36998 6.82161 6.64748 12.9412 11.2026 7.80492 6.63107 6.50195 10.4705 9.29805 6.44411 8.55125 6.21417 9.62174 7.97204 6.63091 6.12636 6.03705 6.22791 6.00521 5.99433 5.76566 5.67229 5.64166 5.59555 5.54142 5.53668 5.41192 5.38798 7.27106 5.51779 5.34005 5.33979 5.11374 4.94553 4.91755 5.3428 5.95677 4.83943 4.83039 4.80679 5.39969 4.7833 4.77829 6.6365 5.12041 4.76988 5.13766 4.71538 4.67503 4.68008 4.65421 4.61746 4.49647 4.49582 4.39438 10.2461 4.82065 4.3722 4.32609 4.51911 4.30497 4.29784 4.27682 4.20905 4.19122 5.47383
threshold=0.8992500000000001 1.5000000000000002 0.93415000000000015 6.5000000000000009 0.7470500000000001 1.5000000000000002 1.5000000000000002 15.500000000000002 75.500000000000014 188.50000000000003 1530.5000000000002 3.5000000000000004 1.0000000180025095e-35 27.500000000000004 26.500000000000004 7.5000000000000009 7380.3700000000008 15.500000000000002 1.5000000000000002 518.50000000000011 171.50000000000003 103.50000000000001 1.5000000000000002 153.50000000000003 1429.5000000000002 30.500000000000004 16.500000000000004 248.50000000000003 205.50000000000003 25.500000000000004 239.50000000000003 65.500000000000014 197.50000000000003 212.50000000000003 178.50000000000003 25.500000000000004 0.57855000000000012 52.500000000000007 62.500000000000007 6.5000000000000009 118.50000000000001 110.50000000000001 1580.5000000000002 87948.000000000015 5859.255000000001 145.50000000000003 1.0000000180025095e-35 266.50000000000006 18.500000000000004 71.500000000000014 49.500000000000007 143.50000000000003 25.500000000000004 103.50000000000001 1736.5000000000002 518.50000000000011 137.50000000000003 16.500000000000004 26.500000000000004 84016.500000000015 1824.5000000000002 234.50000000000003 96.500000000000014 254.50000000000003 4986.6900000000014 5345.5250000000005 27.500000000000004 84.500000000000014 518.50000000000011 91477.000000000015 94964.000000000015 10.500000000000002 208.50000000000003 83.500000000000014 116.50000000000001 145.50000000000003 14.500000000000002 0.67015000000000013 49.500000000000007 27.500000000000004 1849.5000000000002 491.50000000000006 129.50000000000003 43705.500000000007 266.50000000000006 247.50000000000003 52.500000000000007 27.500000000000004 26.500000000000004 840.50000000000011 1931.5350000000001 1.0000000180025095e-35 118.50000000000001 0.81415000000000015 830.50000000000011 850.50000000000011 263.50000000000006 218.50000000000003 28.500000000000004 24.500000000000004 32508.000000000004 1440.5000000000002 52.500000000000007 60.500000000000007 7526.5700000000006 1665.5000000000002 698.50000000000011 77.500000000000014 0.75335000000000008 16.500000000000004 25.500000000000004 25.500000000000004 1548.5000000000002 15.500000000000002 167.50000000000003 118.50000000000001 1578.5000000000002 45012.500000000007 1654.5000000000002 112502.00000000001 107.50000000000001 0.83775000000000011 1555.5000000000002 1922.5000000000002 235.50000000000003 6638.4600000000009
decision_type=2 2 2 2 2 2 2 2 2 2 2 2 2 2 2 2 2 2 2 2 2 2 2 2 2 2 2 2 2 2 2 2 2 2 2 2 2 2 2 2 2 2 2 2 2 2 2 2 2 2 2 2 2 2 2 2 2 2 2 2 2 2 2 2 2 2 2 2 2 2 2 2 2 2 2 2 2 2 2 2 2 2 2 2 2 2 2 2 2 2 2 2 2 2 2 2 2 2 2 2 2 2 2 2 2 2 2 2 2 2 2 2 2 2 2 2 2 2 2 2 2 2 2 2 2 2
left_child=1 5 11 69 16 45 12 117 37 10 13 84 17 14 20 -12 18 71 -5 -15 21 -10 57 -17 29 -8 28 58 -11 43 65 86 34 -34 35 40 -20 50 -39 -24 41 42 -33 46 -45 -1 99 66 -41 -50 -9 53 54 123 97 -35 82 -13 59 -28 61 62 64 121 -47 -31 67 102 -68 -3 -71 73 -73 78 -75 76 77 -69 -4 101 110 -42 92 -16 91 -61 90 88 89 -57 -27 -2 -55 -29 -74 -96 -97 -53 112 100 -7 -26 -18 -104 -105 106 -30 -106 -103 -110 -36 -58 124 -43 115 116 -51 -6 119 -65 -64 -63 -70 -19 -66 -126
right_child=2 3 6 4 7 24 25 8 9 26 15 22 -14 19 83 23 47 51 36 -21 -22 -23 39 -25 79 31 27 93 105 30 -32 32 33 55 80 -37 -38 38 -40 48 81 113 -44 44 -46 60 -48 -49 49 114 -52 52 -54 56 -56 87 111 -59 -60 85 -62 63 120 118 98 -67 68 75 122 70 -72 72 94 74 -76 -77 -78 -79 -80 -81 -82 -83 -84 -85 -86 -87 -88 -89 -90 -91 -92 -93 -94 -95 95 96 -98 -99 -100 -101 -102 108 103 104 107 -107 -108 -109 109 -111 -112 -113 -114 -115 -116 -117 -118 -119 -120 -121 -122 -123 -124 -125 125 -127
leaf_value=-0.0036780904241731373 0.002627265404205431 -0.0059801373109440005 0.0041509376048946677 -0.012137430697351204 -0.0032035485813846688 0.0051144278277935077 -0.00024798155575905286 -0.0012705692796936413 -0.0067125601072446275 -0.0072380379615528444 -0.0099574600042503444 0.0029611424109527141 0.017131853823385758 0.011593851723429032 -0.0067154706287731545 0.0045177142103513517 -0.0040858131359117989 0.002423089196940596 -0.0070300770783798781 -0.0013068142797662465 -0.012944516175353436 -0.0031479062320760708 -0.0082871402367601047 -0.0030112459960957316 -0.012935017060957494 -0.010531976312906493 0.001243495683921562 -0.0091573853052331674 -0.0013403644806458804 -0.0023259124642088023 -0.0022129443313851976 -0.0014481069652521297 0.0068434628977833535 0.0075910132382342654 -0.0071182055022801331 0.0043468246272331985 -0.003377666961353627 0.0051459627196248948 -0.00036149158896732649 -0.0044518174314703242 0.0041916193099732092 0.0014691978347950521 0.0071302914398267327 -0.017125310646688565 -0.0020818686896598992 -0.006073606788509686 0.0093923027455451707 0.0011891221075097966 0.0021346515270715505 -0.00078002734169741687 -0.012020237112831539 -0.0032337298521609233 0.0042345668222881555 0.0087942373478455682 0.0036500551623555601 -0.0013958299161461699 0.0023138038068250934 0.0005136896173153681 -0.0044244728954946442 -0.0026152796045862455 -0.0036445717720337738 -0.0060144074664371548 0.023224269101446159 0.0061185992022085847 0.00073806304218309877 0.0090429922473544196 0.0066839347985499075 -0.010905241359309896 -0.0033812107729556261 -0.021204059755984567 -0.0091604946211895702 0.013155683874446612 0.0083689852249890489 -0.0010693804668849421 0.0043614971007420161 -0.0042112074186277191 -0.013078577682990913 -0.0043168404639505852 0.0096853297929404003 0.010022413621202184 0.013632660372606319 -0.001734984401823716 0.017088481972164418 -0.014760172071042863 0.0081879102152692014 0.0040405969996394663 0.0076292513903132618 0.0066585661758277528 -0.0035791565820155525 0.0028537527991841678 0.0040399071996377722 0.010413522619975911 -0.0062119283091052 -0.0039042317258731604 0.00077050720098905897 0.0075197278597124275 -0.0012734546241103815 0.0013650228481524825 -0.006402092759971334 -0.0026014654781516123 0.00021931840408660438 -0.0052188682783506487 0.0058250920584762425 0.014484762068206685 -0.0033824146324950228 -0.01964996575960639 0.0025058826230661196 0.0046116300633980102 0.001486131049437258 -0.002373229710076568 -0.0010538059333503878 0.0089503104554482151 -0.010674221879057056 0.0094545960699232209 0.0001763241602392309 -0.004643991173214874 0.0059938224374023429 -0.007943092207452011 0.011114024147454406 -0.0012686196364006582 0.0067571173148804134 0.002606906088675841 0.0098497487229369848 0.01322171503216177 0.012682374276248326 0.0040159310627055477
leaf_weight=306 4318 963 619 481 428 432 1963 4953 2137 300 176 3290 183 129 192 999 987 1621 2473 1199 255 5815 218 386 69 41 2006 441 745 98 285 1328 1451 428 352 1750 2158 1188 3969 645 296 145 328 73 1602 178 151 547 2798 2509 103 977 2951 680 680 562 589 4192 879 2244 236 366 26 280 457 488 215 331 752 111 656 374 1018 503 1253 2203 264 762 644 62 32 2015 130 518 340 219 834 402 366 3695 1657 146 38 834 398 859 143 584 85 751 2190 732 227 30 836 17 2173 137 608 2872 481 236 35 529 3679 1307 180 1178 118 250 1416 123 41 60 142 670
leaf_count=306 4318 963 619 481 428 432 1963 4953 2137 300 176 3290 183 129 192 999 987 1621 2473 1199 255 5815 218 386 69 41 2006 441 745 98 285 1328 1451 428 352 1750 2158 1188 3969 645 296 145 328 73 1602 178 151 547 2798 2509 103 977 2951 680 680 562 589 4192 879 2244 236 366 26 280 457 488 215 331 752 111 656 374 1018 503 1253 2203 264 762 644 62 32 2015 130 518 340 219 834 402 366 3695 1657 146 38 834 398 859 143 584 85 751 2190 732 227 30 836 17 2173 137 608 2872 481 236 35 529 3679 1307 180 1178 118 250 1416 123 41 60 142 670
internal_value=-1.19687e-05 -0.00214464 0.00234363 -0.00288632 -0.00268722 0.000195787 0.00333184 -0.00205278 -0.00181937 -0.00254498 -0.00367462 0.000954757 0.00452062 -0.00439005 -0.00503597 0.00101819 -0.00439397 0.00435947 -0.00597069 -4.98718e-05 -0.00438169 -0.00410644 0.00036616 0.00241644 -0.000853302 0.00240505 -0.00119169 -0.00206527 0.000595554 0.000183699 0.00407164 0.00271729 0.00231129 0.00352133 0.00115937 0.00171992 -0.00532906 -0.00027978 0.000906541 -0.00044155 0.000728447 0.00241871 0.000248909 -0.000466952 -0.00274086 0.00252685 0.000612778 -0.00329405 -0.000287282 -3.03785e-05 -0.00149058 0.00337079 0.00243074 0.00482467 5.35607e-05 0.0026365 0.00684462 0.00159045 -0.00119194 -0.000555163 0.00296113 0.00333819 0.00432299 0.000728291 0.00180296 0.00713481 -0.00365608 -0.00417344 -0.000686906 -0.00816915 -0.0109112 0.00581271 0.0071755 0.00455088 0.00280359 -0.00551792 -0.00763587 -0.00631652 0.00697662 -0.00230356 -0.00297734 -0.000974007 0.00939453 -0.0125916 0.00325949 -0.0020217 0.00498607 0.00221357 0.00182604 0.00229177 0.0036851 0.00288305 0.00799371 -0.00572492 0.00624836 0.00470303 0.00626082 -0.00151071 0.00281558 0.00021829 0.00102753 -0.00248324 -0.00201255 -0.000345429 -0.00174638 0.00139784 0.00152251 -0.00225237 -0.00231076 -0.00169778 -0.00362178 0.00421795 0.00341994 0.00774308 -0.000820201 -0.00173866 -0.000324897 -0.00668277 0.00418007 0.00262693 0.00705839 -0.00383759 -0.00269094 0.00281167 0.00381263 0.00553779
internal_weight=119575 62758 56817 47657 45927 15101 33195 33483 31877 21664 11806 23622 14540 10245 8917 1561 12444 14357 5112 1328 8207 7952 18818 1385 10413 18655 9858 6623 3235 6070 871 16692 14160 6904 7256 6391 4631 10213 5157 11336 4641 2330 1656 5199 1675 4688 3524 7332 11118 10473 5056 8546 5192 3354 2241 5453 1673 7482 5348 4469 4382 4146 3009 1137 1567 586 6785 5777 1008 1730 767 5811 2792 3019 1756 3560 1357 1093 1263 4343 865 2311 848 710 4804 2463 2532 5025 4623 4257 1698 4464 718 1275 2418 1400 1002 1561 1389 3373 2622 4281 2217 1230 1003 2935 2918 973 4212 3480 833 825 1304 674 7675 3996 2689 1606 648 530 1442 489 793 1681 1269 812
internal_count=119575 62758 56817 47657 45927 15101 33195 33483 31877 21664 11806 23622 14540 10245 8917 1561 12444 14357 5112 1328 8207 7952 18818 1385 10413 18655 9858 6623 3235 6070 871 16692 14160 6904 7256 6391 4631 10213 5157 11336 4641 2330 1656 5199 1675 4688 3524 7332 11118 10473 5056 8546 5192 3354 2241 5453 1673 7482 5348 4469 4382 4146 3009 1137 1567 586 6785 5777 1008 1730 767 5811 2792 3019 1756 3560 1357 1093 1263 4343 865 2311 848 710 4804 2463 2532 5025 4623 4257 1698 4464 718 1275 2418 1400 1002 1561 1389 3373 2622 4281 2217 1230 1003 2935 2918 973 4212 3480 833 825 1304 674 7675 3996 2689 1606 648 530 1442 489 793 1681 1269 812
is_linear=0
shrinkage=0.04


Tree=49
num_leaves=127
num_cat=0
split_feature=9 9 9 17 9 7 13 13 1 7 4 17 7 4 1 1 1 14 1 7 13 1 1 1 1 1 1 1 18 1 1 4 1 1 1 1 1 1 1 4 1 1 9 1 1 1 1 1 1 11 4 4 10 10 1 1 4 1 1 18 10 1 1 10 11 1 7 1 1 10 1 1 1 1 1 1 1 1 1 11 1 1 1 1 10 4 4 1 1 1 1 1 1 1 1 1 1 1 1 1 18 1 1 1 10 1 18 11 1 1 1 1 1 1 1 1 1 11 11 7 1 4 1 4 10 11
split_gain=388.021 69.4118 57.5332 31.6238 22.1864 20.676 22.2996 17.0969 13.2893 12.6201 12.5403 11.8 11.0993 10.4849 9.36788 9.25346 12.0721 8.75554 8.68133 8.40384 8.28407 7.6601 7.52656 7.14664 13.7549 13.0728 8.02078 7.08189 7.03492 6.50387 20.8349 6.40331 6.88571 14.037 7.06614 17.4578 6.39943 6.36109 6.26602 6.21018 6.18714 9.69978 8.57412 6.64873 6.13419 6.09148 6.04169 5.44054 5.42207 5.38377 7.13685 6.02002 5.37748 5.74276 6.55587 5.26326 5.16888 5.11999 6.24964 5.11728 5.07024 5.37295 8.22379 4.96165 4.96436 6.10662 5.86122 4.94394 11.8838 4.83376 4.91542 10.3147 7.0024 14.5701 6.71565 6.24538 5.37161 14.0603 7.58696 5.05785 4.93808 4.8148 5.52915 4.69394 4.62498 4.53049 4.5593 4.46589 8.58205 8.27048 7.90863 7.45054 6.95955 12.0585 6.54181 4.64334 4.51924 4.43803 6.96134 16.855 9.43147 8.7244 8.02265 7.55332 6.53131 4.35898 4.2724 4.29243 4.13971 4.69394 4.11148 4.10984 5.51656 5.29039 7.17994 8.37644 7.03243 4.07555 4.03804 4.67244 4.40603 4.00178 5.64973 4.19603 3.86382 3.85015
threshold=9.5000000000000018 4.5000000000000009 14.500000000000002 1.0000000180025095e-35 11.500000000000002 1.5000000000000002 0.91895000000000016 0.97215000000000007 38.500000000000007 3.5000000000000004 14.500000000000002 1.0000000180025095e-35 1.0000000180025095e-35 13.500000000000002 245.50000000000003 71.500000000000014 217.50000000000003 0.85975000000000013 266.50000000000006 1.0000000180025095e-35 0.62675000000000014 218.50000000000003 233.50000000000003 116.50000000000001 47.500000000000007 65.500000000000014 112.50000000000001 31.500000000000004 1.0000000180025095e-35 77.500000000000014 78.500000000000014 13.500000000000002 71.500000000000014 47.500000000000007 167.50000000000003 142.50000000000003 243.50000000000003 235.50000000000003 69.500000000000014 4.5000000000000009 38.500000000000007 48.500000000000007 18.500000000000004 84.500000000000014 43.500000000000007 27.500000000000004 273.50000000000006 43.500000000000007 266.50000000000006 7105.0150000000003 19.500000000000004 15.500000000000002 62510.500000000007 64304.000000000007 266.50000000000006 248.50000000000003 28.500000000000004 22.500000000000004 19.500000000000004 1.0000000180025095e-35 71794.500000000015 212.50000000000003 42.500000000000007 29182.500000000004 4301.4500000000007 271.50000000000006 3.5000000000000004 225.50000000000003 227.50000000000003 77121.500000000015 19.500000000000004 65.500000000000014 110.50000000000001 116.50000000000001 12.500000000000002 52.500000000000007 206.50000000000003 194.50000000000003 212.50000000000003 2628.5550000000007 181.50000000000003 95.500000000000014 72.500000000000014 267.50000000000006 53335.500000000007 13.500000000000002 28.500000000000004 75.500000000000014 48.500000000000007 169.50000000000003 142.50000000000003 176.50000000000003 62.500000000000007 53.500000000000007 77.500000000000014 249.50000000000003 87.500000000000014 89.500000000000014 159.50000000000003 160.50000000000003 1.0000000180025095e-35 177.50000000000003 116.50000000000001 188.50000000000003 198295.50000000003 273.50000000000006 1.0000000180025095e-35 11841.415000000003 192.50000000000003 177.50000000000003 12.500000000000002 167.50000000000003 165.50000000000003 176.50000000000003 195.50000000000003 212.50000000000003 169.50000000000003 8377.0750000000025 6678.8450000000003 3.5000000000000004 205.50000000000003 5.5000000000000009 116.50000000000001 22.500000000000004 72112.000000000015 971.61000000000013
decision_type=2 2 2 2 2 2 2 2 2 2 2 2 2 2 2 2 2 2 2 2 2 2 2 2 2 2 2 2 2 2 2 2 2 2 2 2 2 2 2 2 2 2 2 2 2 2 2 2 2 2 2 2 2 2 2 2 2 2 2 2 2 2 2 2 2 2 2 2 2 2 2 2 2 2 2 2 2 2 2 2 2 2 2 2 2 2 2 2 2 2 2 2 2 2 2 2 2 2 2 2 2 2 2 2 2 2 2 2 2 2 2 2 2 2 2 2 2 2 2 2 2 2 2 2 2 2
left_child=1 7 3 4 18 17 31 9 -6 12 13 40 -1 59 125 47 29 19 20 -3 117 -18 23 24 110 -26 -27 -19 -12 -17 -31 -7 33 44 35 124 69 -24 -29 -22 57 -42 43 -43 45 -33 -20 -15 -40 50 51 -13 55 -54 -55 -23 -30 58 -4 -10 61 62 -14 -45 66 121 -65 -36 -69 70 74 75 81 -74 -11 79 77 80 -78 -72 -75 82 -73 -39 -21 -5 -87 88 -41 90 94 -91 93 -90 -89 108 -96 -32 102 100 -100 106 104 -103 -99 -56 -101 -108 109 -93 -8 112 -25 116 -115 -116 -113 -2 120 -120 -44 -66 -123 -124 -34 -9
right_child=2 5 11 85 8 6 22 14 10 36 28 49 60 15 -16 16 21 27 46 84 39 52 37 111 25 26 -28 38 56 30 97 32 34 -35 67 -37 -38 83 48 87 41 42 118 63 -46 -47 -48 -49 -50 -51 -52 -53 53 54 105 -57 -58 -59 -60 -61 -62 -63 -64 64 65 -67 -68 68 -70 -71 71 72 73 76 -76 -77 78 -79 -80 -81 -82 -83 -84 -85 -86 86 -88 89 92 91 -92 95 -94 -95 96 -97 -98 98 99 101 -102 103 -104 -105 -106 -107 107 -109 -110 -111 -112 113 -114 114 115 -117 -118 -119 119 -121 -122 122 123 -125 -126 -127
leaf_value=-0.0015905805916021387 -0.0057168104774850429 -0.0062217873242687537 -0.008230726429179356 -0.0021825245386493928 -0.0056138693147166734 -0.0059612183951968014 0.010336718693964899 -0.00059392796434722182 -0.0010224320130537189 0.011518441510090632 -0.00082551408160629264 0.00346851772809588 0.0015565746745247369 0.012890789960910696 0.0095247849850776268 -0.0076353106917233021 0.0082475983953280169 -0.0015055760525257192 0.0048238214201949264 0.0090571142914024107 -0.011014705720098742 0.0047843126357105491 0.015579559880134595 -0.00047122068677485194 0.0062079857357765691 0.00068290840949411166 0.0063757965268362053 0.0075961354473575386 -0.0077375113904789581 0.006047507256057222 -0.0059198468443508291 -0.0034491775651455444 0.0003686022220505715 0.0021931744380623984 0.0011721568960485784 -0.0051237943086708815 0.0050936883909091296 0.0029490582854687091 0.0030251350752716595 -0.0018658553441332337 0.0076073496343073968 -0.0019586615124669734 -0.011623445505790782 -0.018038512023877271 -0.0045182546640089253 0.001165162241424096 -0.0028242509499379238 -0.00041219564612884966 0.0088515834575726201 -0.0051959325512847031 -0.011610995369845643 0.022126966688027334 -0.016344885080039093 -0.0026309827114472033 0.0039252390999862602 -0.0017937102354910325 -0.017520680505373358 -0.014687541785963071 0.012459914704081428 -0.0088527916109460252 0.0029990820922835737 0.0039270553359430456 0.0084845061724839969 0.0066667269312589549 -0.012816209985161345 -0.018862715285153632 -0.0039918492565705387 -0.0052163935053649449 0.00064049133786615116 -0.0010197027841513408 -0.012853920861208153 -0.0030173860611423802 0.0092635199888792541 0.0014688232076169603 -0.0018994884977041064 0.0082834642882850685 0.0060013152213224076 -0.0079138032704853273 0.0020958526689246601 0.0039109994649020995 0.01507729277533334 -0.0032841349979568593 0.0052494566195228579 0.012214599370826987 0.0015742279571635009 0.0062532639739432952 -0.010064219274554814 -0.0070826469417463846 -5.9449025504768009e-05 0.0091506962129970764 -0.0050396244280420301 0.00053718145998046059 -0.00045279258267436772 0.0071618064094355754 0.0036789606229860779 -0.0039491772815560267 -0.0015290551936176615 -0.004044812377068008 -0.0080363810882376017 0.0053222142859561377 -0.023038944142832248 -0.011318886486618674 -8.6640040925371123e-07 -0.0041427972819086962 0.010683561823275813 -0.0043291470447920383 -0.0030348643370362361 0.0091479831315766577 0.0010651554760692107 -0.0051153036232732601 -0.00094464596084545564 0.0032006452726221304 -0.0071205364708281258 -0.0030543237333525608 0.0045454707034700351 -9.6539820329776105e-05 0.023271219460005609 -0.0022197697272593698 4.0789076832912427e-05 -0.0095054223405416065 -0.0050889371836558839 -0.0078383194585335755 -0.0043714195002823629 -0.011891153816172451 -0.0021158782224653273 0.0049252178805886124
leaf_weight=404 964 219 644 131 3092 339 53 209 174 65 214 262 328 50 737 592 139 353 602 136 101 414 71 1847 1658 2230 482 785 637 365 1244 685 2792 3831 2929 1893 1298 1885 2722 3005 87 880 728 52 787 1378 227 2681 283 193 45 31 44 2702 450 366 101 209 24 592 1107 1128 1718 91 134 60 857 816 1725 724 29 219 460 5027 712 611 1036 262 3463 2051 43 643 315 92 4893 887 28 311 841 130 1633 492 2107 659 299 556 2429 2231 166 177 114 283 1560 1403 49 132 479 51 2001 448 1890 751 224 791 868 2188 29 1206 156 171 217 1404 2637 125 1560 5235
leaf_count=404 964 219 644 131 3092 339 53 209 174 65 214 262 328 50 737 592 139 353 602 136 101 414 71 1847 1658 2230 482 785 637 365 1244 685 2792 3831 2929 1893 1298 1885 2722 3005 87 880 728 52 787 1378 227 2681 283 193 45 31 44 2702 450 366 101 209 24 592 1107 1128 1718 91 134 60 857 816 1725 724 29 219 460 5027 712 611 1036 262 3463 2051 43 643 315 92 4893 887 28 311 841 130 1633 492 2107 659 299 556 2429 2231 166 177 114 283 1560 1403 49 132 479 51 2001 448 1890 751 224 791 868 2188 29 1206 156 171 217 1404 2637 125 1560 5235
internal_value=-1.14887e-05 0.00187289 -0.00276675 -0.00210965 -0.0022961 0.000868929 0.0004074 0.00343097 -0.00319608 0.00290065 -0.00276643 -0.00565227 0.00473919 -0.00250783 0.00528717 -0.00228436 -0.00273025 0.00252931 -0.00127142 0.00144287 -0.00146447 -0.000980285 0.00155355 0.00119829 0.00216401 0.00340912 0.00169637 0.00390449 -0.00723207 -0.00358266 -0.00328669 -0.000513651 -0.000413014 0.000611371 -0.000997557 -0.00191697 0.00239246 0.00380838 0.00440947 -0.00113014 -0.00601465 -0.005646 -0.00580012 -0.00518826 -0.0015135 -0.000365141 0.00272468 -0.000166713 0.00357546 0.000124754 0.00317537 0.00546314 -0.00129369 -0.00199487 -0.00180089 0.00169274 -0.00908401 -0.00920339 -0.00747961 -0.00707968 0.00533749 0.00615168 0.00737596 -0.0057177 -0.0055959 -0.00616718 -0.0029639 5.14026e-05 -0.00123891 0.00216828 0.00232308 0.00249314 0.00196953 0.00230391 -0.000770525 0.00472291 0.00197777 0.00111767 0.00299618 0.00367473 0.00158532 -0.000950669 0.0018517 0.00338285 0.00177756 0.0047513 0.00574851 -0.00106285 -0.000286568 -0.00168084 -0.00279349 -0.00024647 0.00102805 0.00311069 -0.0015851 -0.000597202 -0.000956655 -0.00372649 -0.00330685 -0.0048755 -0.0141649 -0.00378635 -0.00221379 -0.0053503 -0.00372607 0.00204582 -5.08802e-05 -0.0018535 3.5246e-05 -0.00215277 -0.000634345 0.00028747 -0.00119265 0.000950834 0.000340623 0.00122073 0.00395487 -0.00377533 -0.00879793 -0.00494042 -0.0101279 -0.00598867 -0.0057678 -0.00471361 -0.000521083 0.00471259
internal_weight=119575 71009 48566 39559 38513 43185 33794 27824 20502 21643 17410 9007 4685 16458 6181 15692 12961 9391 18011 5248 17182 4247 15059 13011 6313 4370 2712 4143 952 8714 8122 18735 18396 6681 11715 6245 16958 2048 3790 15012 8476 7599 7512 6240 2850 2063 829 2731 3005 531 338 293 4108 3328 3284 780 738 877 668 766 4281 3174 2046 5360 5308 4360 948 5470 2541 15660 14936 14159 11468 10291 777 2691 9831 5332 4499 2080 5070 1177 534 1977 5029 1046 915 14911 6612 8299 4672 3627 3607 1500 3039 3497 2728 7757 6513 2673 280 2393 3840 1686 2280 582 707 530 2941 940 1943 6698 2071 4627 3847 3056 780 2170 1272 327 945 4300 4166 2762 4352 5444
internal_count=119575 71009 48566 39559 38513 43185 33794 27824 20502 21643 17410 9007 4685 16458 6181 15692 12961 9391 18011 5248 17182 4247 15059 13011 6313 4370 2712 4143 952 8714 8122 18735 18396 6681 11715 6245 16958 2048 3790 15012 8476 7599 7512 6240 2850 2063 829 2731 3005 531 338 293 4108 3328 3284 780 738 877 668 766 4281 3174 2046 5360 5308 4360 948 5470 2541 15660 14936 14159 11468 10291 777 2691 9831 5332 4499 2080 5070 1177 534 1977 5029 1046 915 14911 6612 8299 4672 3627 3607 1500 3039 3497 2728 7757 6513 2673 280 2393 3840 1686 2280 582 707 530 2941 940 1943 6698 2071 4627 3847 3056 780 2170 1272 327 945 4300 4166 2762 4352 5444
is_linear=0
shrinkage=0.04


Tree=50
num_leaves=127
num_cat=0
split_feature=9 9 9 7 6 7 13 9 2 7 6 0 0 1 1 1 2 2 2 2 2 18 1 1 1 13 13 1 0 4 1 2 10 0 18 4 2 13 1 1 1 0 0 2 1 1 1 0 18 1 1 0 2 0 2 1 1 1 1 2 1 2 2 0 1 0 13 11 4 1 2 0 1 1 2 0 1 4 0 10 10 1 2 1 1 2 0 1 1 18 4 2 7 2 2 0 1 9 0 11 2 1 1 4 4 1 2 2 2 0 2 9 2 1 2 4 1 1 2 10 0 1 2 2 10 1
split_gain=352.853 89.7562 30.5558 24.9273 22.1287 17.6019 16.9005 16.1601 11.7006 11.3324 10.2375 9.99747 10.9884 10.7246 14.2949 9.80912 9.68025 17.6429 12.177 11.8836 10.1307 9.58475 8.94345 8.79085 8.60346 8.34196 7.98603 7.83375 7.777 7.75719 8.16612 7.62958 7.49143 7.46947 7.4188 10.3494 7.41817 7.12181 7.02607 11.8544 6.79782 6.65284 13.6864 6.62978 6.58978 9.69923 12.8557 8.32122 6.58348 6.44305 6.2813 8.09697 11.5494 6.23092 6.19651 6.07533 6.06642 6.00927 13.2915 6.68425 5.95967 5.91166 5.90954 5.81296 6.56606 7.29087 5.60921 5.29201 5.26944 5.62465 5.24859 7.52309 5.23 5.58207 5.2211 5.20961 5.20952 5.12433 5.08816 4.98047 10.0576 6.01525 4.87421 4.78639 4.77542 10.6756 10.0834 5.09663 7.11692 4.74099 5.92942 4.68738 4.66279 4.96734 6.85285 7.48126 8.0334 5.0254 4.61813 4.61121 4.59964 4.58967 4.58129 4.57728 4.94672 4.91571 4.52756 4.47477 9.9537 6.87839 5.36045 4.86399 4.42406 4.43376 4.41091 4.4071 4.36279 10.221 4.77171 4.32145 4.31903 5.00662 4.24382 4.23562 4.19351 4.18961
threshold=7.5000000000000009 12.500000000000002 3.5000000000000004 1.5000000000000002 1.0000000180025095e-35 3.5000000000000004 0.89055000000000006 14.500000000000002 427.50000000000006 3.5000000000000004 1.5000000000000002 15.500000000000002 10.500000000000002 88.500000000000014 233.50000000000003 75.500000000000014 1141.5000000000002 1507.5000000000002 970.50000000000011 1684.5000000000002 1176.5000000000002 1.0000000180025095e-35 165.50000000000003 46.500000000000007 48.500000000000007 0.97215000000000007 0.90225000000000011 241.50000000000003 27.500000000000004 13.500000000000002 217.50000000000003 902.50000000000011 105715.00000000001 2.5000000000000004 1.0000000180025095e-35 25.500000000000004 1530.5000000000002 0.82740000000000014 52.500000000000007 62.500000000000007 16.500000000000004 27.500000000000004 26.500000000000004 1598.5000000000002 42.500000000000007 136.50000000000003 168.50000000000003 7.5000000000000009 1.0000000180025095e-35 218.50000000000003 247.50000000000003 27.500000000000004 518.50000000000011 15.500000000000002 473.50000000000006 116.50000000000001 212.50000000000003 47.500000000000007 66.500000000000014 1894.5000000000002 273.50000000000006 1922.5000000000002 518.50000000000011 5.5000000000000009 167.50000000000003 24.500000000000004 0.90675000000000006 34054.835000000006 13.500000000000002 77.500000000000014 96.500000000000014 7.5000000000000009 212.50000000000003 266.50000000000006 970.50000000000011 4.5000000000000009 219.50000000000003 10.500000000000002 8.5000000000000018 74321.000000000015 100001.00000000001 238.50000000000003 970.50000000000011 194.50000000000003 225.50000000000003 1894.5000000000002 26.500000000000004 43.500000000000007 46.500000000000007 1.0000000180025095e-35 15.500000000000002 1821.5000000000002 3.5000000000000004 674.50000000000011 990.50000000000011 24.500000000000004 167.50000000000003 10.500000000000002 15.500000000000002 6999.9500000000007 715.50000000000011 51.500000000000007 252.50000000000003 14.500000000000002 13.500000000000002 181.50000000000003 902.50000000000011 427.50000000000006 128.50000000000003 8.5000000000000018 772.50000000000011 18.500000000000004 728.50000000000011 176.50000000000003 1578.5000000000002 13.500000000000002 233.50000000000003 236.50000000000003 1027.5000000000002 46504.500000000007 25.500000000000004 140.50000000000003 305.50000000000006 1555.5000000000002 73530.500000000015 12.500000000000002
decision_type=2 2 2 2 2 2 2 2 2 2 2 2 2 2 2 2 2 2 2 2 2 2 2 2 2 2 2 2 2 2 2 2 2 2 2 2 2 2 2 2 2 2 2 2 2 2 2 2 2 2 2 2 2 2 2 2 2 2 2 2 2 2 2 2 2 2 2 2 2 2 2 2 2 2 2 2 2 2 2 2 2 2 2 2 2 2 2 2 2 2 2 2 2 2 2 2 2 2 2 2 2 2 2 2 2 2 2 2 2 2 2 2 2 2 2 2 2 2 2 2 2 2 2 2 2 2
left_child=2 3 9 26 7 32 8 29 70 21 79 12 13 24 22 23 18 20 31 43 -18 99 55 74 40 67 33 -16 37 48 41 -13 44 -2 -10 57 112 107 101 -40 -7 42 89 -19 54 47 -47 -46 -3 -32 51 77 -53 -51 -4 -15 -14 -36 -59 92 -52 84 -43 -17 65 68 -28 98 -65 -70 -5 75 -48 -74 -8 -72 -66 -41 -23 -6 -81 -82 -27 -45 85 -21 -86 -87 -89 -31 -91 -80 -60 -94 106 -96 97 -97 -11 -1 -58 115 -34 104 -39 -106 -95 108 -9 -110 111 -109 113 -30 -78 -35 -84 -118 -119 -26 -100 -122 -101 -64 -102 -56
right_child=1 4 5 6 10 11 15 28 34 25 -12 16 56 14 27 63 17 19 -20 61 -22 78 -24 -25 119 82 66 -29 36 30 49 -33 102 38 35 -37 -38 103 39 50 -42 62 -44 83 45 46 72 -49 -50 53 60 52 -54 -55 125 -57 100 58 59 -61 -62 -63 123 64 76 -67 -68 -69 69 -71 71 -73 73 -75 -76 -77 114 -79 91 80 81 -83 116 -85 86 87 -88 88 -90 90 -92 -93 93 94 95 96 -98 -99 120 122 124 -103 -104 -105 105 -107 -108 110 109 -111 -112 -113 -114 -115 -116 -117 117 118 -120 -121 121 -123 -124 -125 -126 -127
leaf_value=0.021186363132499202 0.0089135466578842935 -0.0016782884301482434 0.0089326824347523374 -0.0023587376656075167 -0.003173919626695625 0.0086069651095421768 0.0021511553948733489 -0.010165285307286744 -0.0013208751928696025 0.0040367091057343261 -0.0051751733683057096 0.0006652015866437604 0.0054600723222814939 -0.0020387677926958538 0.015488682133369101 -0.0066414014058241216 0.0012141116753362257 -0.00017797997967413607 -0.0030406607781881595 0.0030927982111350239 0.0059972022310531125 -0.010921255404135253 -0.0059440358376842209 0.0019201894777423512 0.0060902938959261381 0.0061604903065440144 0.0066012588766632034 0.0024523610117339893 0.00069782856954369264 -0.0020568158640901523 0.0073651904363680569 0.018911325989386461 0.0019131478674798248 -0.014790412107365867 -0.0051175573905197337 -0.016892902160734441 0.010706980063201064 -0.010251976665694192 0.0048522628293310643 -0.0091511099145970276 -0.002744470375866765 0.008690840981121226 -0.014094920753867975 -0.0014659215289386902 -0.0039578925827509163 -0.0029148843298813093 0.0066651568031842814 0.0076508780972240689 -0.010621358371328379 0.00098062375485618398 0.0026636556477422787 0.011233161761412763 0.00056328331436915672 -0.0031621691345894661 0.010102675682420183 0.0020849444484127193 0.0097230446090701122 0.0016024729402838043 -0.015191482368268464 0.0018816119947875013 -0.0077600922761535546 0.0060423536446200521 -0.0021644761632198957 -0.010419605237782714 0.0025493529802630339 -0.0044861689577867462 0.0011484918086973582 -0.0041783375460975108 -0.0055306288174360911 -6.7821782888331054e-05 0.013483605226933565 0.0012205766130671599 0.0020139404303598923 0.0082360849237638825 -0.0019961036703383009 -0.011376584270664639 0.0018105868292897615 -0.00080250314346126108 0.0043198986018863688 0.0083330946510121948 0.0024169081184221603 -0.0071374496806719976 0.0030357108080312791 -0.0070953692786352432 0.0050981777575814851 0.0085229354365887744 -0.0032900243714645248 -0.0078621898475730381 -0.00032654181885681332 -0.0040438046724127017 -0.010086460048685351 0.011876828174075973 -0.0059752329053584831 -0.0010080092240183154 -0.0027673070513495731 -0.0070809593279418052 -0.0033412636843736581 -0.015123082143909011 0.0010182193900222017 0.017739666359983242 0.0025091568463008031 -0.015021714063207054 -0.0047925900103636824 -0.0095921063008385186 -0.0046649127981968378 -0.0006633832572811284 0.0073769024232663953 -0.0085196414618598868 0.0090090401287084149 -0.0031147181332057306 -0.0066571051392977755 -0.014909440499383829 -0.006952110111691139 -0.010584348771203884 -0.0026214711089921176 -0.0017189663612340697 0.037581589960912508 -0.0098896080191873577 0.0070584674411092009 0.002804054887741594 -0.0014368355584664031 0.004442736211815004 0.0079388833470233535 0.016056923945368184 -0.0034867806887512506 -0.0023712628117483351
leaf_weight=51 160 194 115 1317 213 100 632 301 4218 2801 376 3307 2142 1436 77 323 1181 1594 2059 2945 1780 33 578 3971 1135 2095 579 1780 424 1979 133 37 1255 43 2081 89 67 184 929 120 536 106 211 471 104 443 1037 1802 418 909 1795 213 685 1603 47 949 124 1004 55 377 92 425 593 92 1087 1397 635 180 341 2616 14.999999999999998 2520 1401 277 2088 118 555 6005 1867 414 456 137 2692 501 310 79 878 256 930 6288 272 142 1086 915 3678 347 625 197 2875 78 1432 47 187 253 1587 715 116 853 90 441 2769 249 301 64 1015 1035 17 28 443 1486 273 1496 846 21 214 496
leaf_count=51 160 194 115 1317 213 100 632 301 4218 2801 376 3307 2142 1436 77 323 1181 1594 2059 2945 1780 33 578 3971 1135 2095 579 1780 424 1979 133 37 1255 43 2081 89 67 184 929 120 536 106 211 471 104 443 1037 1802 418 909 1795 213 685 1603 47 949 124 1004 55 377 92 425 593 92 1087 1397 635 180 341 2616 15 2520 1401 277 2088 118 555 6005 1867 414 456 137 2692 501 310 79 878 256 930 6288 272 142 1086 915 3678 347 625 197 2875 78 1432 47 187 253 1587 715 116 853 90 441 2769 249 301 64 1015 1035 17 28 443 1486 273 1496 846 21 214 496
internal_value=8.36319e-06 -0.00189017 0.00249353 -0.000860867 -0.00394726 0.00184663 -0.00143628 -0.00429197 -0.00222311 0.00395256 0.000591314 0.00140423 0.00228627 0.00144269 0.000243631 -0.000390497 0.000772776 0.00143628 -0.000620297 0.00049878 0.00409091 0.00616124 -0.00147997 0.000719903 0.00321588 0.00343565 0.000672029 0.00299587 -0.00566609 -0.00339569 -0.00317313 0.000868843 0.00362091 0.00033543 -0.00274076 -0.00330697 -0.00204807 -0.00608167 0.000209803 0.00055255 -0.000952293 -0.00372217 -0.00402629 -0.00176837 0.00427047 0.00475986 0.00339723 0.00701518 -0.00779374 -0.00120581 0.000103742 -0.000446308 0.00309953 -0.00166147 0.000497803 -0.000396232 0.00402686 -0.00319107 -0.00271327 -0.00329968 0.00215295 0.00149854 -2.06242e-05 -0.00139153 -0.00115214 -0.00209244 0.00375274 0.00258837 -0.000994251 -0.000699309 -0.000293869 0.000729714 0.00442871 0.00304389 -0.00103096 -0.00853473 0.000419782 -0.000966867 0.00459913 0.00237208 0.00354934 0.000202002 0.00465956 -0.00437207 0.00113994 0.0017723 -0.00109757 -0.00129876 -0.00195702 -0.00377686 -0.00429511 0.00485659 -0.00357857 -0.00348606 -0.0030254 -0.0036553 -0.00644529 -0.0100029 0.00275256 0.00942794 0.00228997 -0.00278401 0.0010405 -0.00445592 -0.00393124 -0.00342386 -6.01017e-05 -0.00702753 -0.00435399 -0.001051 -0.007601 -0.00996829 -0.00313748 -0.000775472 -0.00105216 -0.0022454 0.00366932 0.007155 0.00604056 0.00422883 0.0019771 0.00353308 0.00877238 -0.00153224 0.00172702 -0.00128254
internal_weight=119657 67834 51823 45213 22621 35906 32875 21025 18758 15917 1596 28742 11989 8077 4820 14117 16753 11350 5403 8389 2961 3017 2963 6691 3257 12900 12338 1857 8298 12727 12115 3344 7164 11124 14788 10570 856 7442 10964 9839 636 9470 8750 2566 5722 5064 3158 1906 612 2645 8910 7023 898 2512 658 2385 3912 10481 8400 7396 1887 5823 720 7426 7103 4446 1214 7625 3049 2957 3970 2653 2715 1678 2720 133 2657 6125 2042 1220 1007 593 5275 972 5398 4210 1188 1265 1186 8539 6560 2009 7019 6964 5878 4847 1169 544 7445 975 1770 1125 1442 2739 2486 2302 1031 4703 832 531 3871 1102 789 488 1570 1078 3180 488 471 2621 4644 1769 924 614 1646 543
internal_count=119657 67834 51823 45213 22621 35906 32875 21025 18758 15917 1596 28742 11989 8077 4820 14117 16753 11350 5403 8389 2961 3017 2963 6691 3257 12900 12338 1857 8298 12727 12115 3344 7164 11124 14788 10570 856 7442 10964 9839 636 9470 8750 2566 5722 5064 3158 1906 612 2645 8910 7023 898 2512 658 2385 3912 10481 8400 7396 1887 5823 720 7426 7103 4446 1214 7625 3049 2957 3970 2653 2715 1678 2720 133 2657 6125 2042 1220 1007 593 5275 972 5398 4210 1188 1265 1186 8539 6560 2009 7019 6964 5878 4847 1169 544 7445 975 1770 1125 1442 2739 2486 2302 1031 4703 832 531 3871 1102 789 488 1570 1078 3180 488 471 2621 4644 1769 924 614 1646 543
is_linear=0
shrinkage=0.04


Tree=51
num_leaves=127
num_cat=0
split_feature=9 9 9 17 7 7 9 13 2 7 17 0 0 1 1 1 2 2 2 1 2 0 18 2 1 1 1 1 13 4 1 1 1 0 2 1 2 11 2 7 13 7 2 7 1 18 1 0 0 1 1 1 1 0 1 2 1 0 1 2 1 2 1 14 0 0 0 0 2 2 0 1 1 1 2 2 1 0 1 1 1 18 11 2 4 14 1 1 1 1 2 0 0 0 1 2 10 4 4 1 1 0 2 2 13 2 2 14 1 1 1 2 1 2 2 0 2 9 10 10 1 1 1 0 1 11
split_gain=325.209 82.7224 28.1611 28.0791 22.9743 16.222 15.9246 15.712 11.043 10.4446 9.81493 9.21417 10.1265 9.88388 13.1751 9.07958 9.29909 16.7989 10.593 12.5375 9.26324 8.96606 8.83407 8.52571 8.24234 8.11644 8.59097 7.92888 7.688 7.68545 7.65932 7.59572 12.0083 7.50947 7.31478 7.21993 7.14982 7.12406 7.08871 6.80501 6.5521 6.47886 6.56712 6.34988 6.29633 6.26585 6.26547 6.26303 13.2538 6.19579 6.09735 5.94457 5.74194 5.68125 5.59 5.51344 5.40825 9.38935 18.8373 11.2426 10.0266 8.88588 8.7787 7.09009 7.05746 6.868 6.36125 6.10778 5.14947 6.94055 5.14789 5.11238 5.87844 5.37063 6.42874 5.0887 4.96977 5.85147 5.26578 4.95872 8.17525 4.88746 4.87779 4.8777 5.36783 4.85083 5.53883 6.87569 10.9062 7.11764 5.24472 4.83049 4.69102 4.64208 5.44297 6.18307 4.5668 4.86944 4.52979 4.52461 6.97579 5.47628 5.93877 4.71722 4.49267 4.49085 4.47025 4.42542 4.41037 4.4003 4.39545 4.31934 4.31609 4.30182 9.56062 6.96397 5.05653 4.58909 4.30097 8.37875 6.0373 4.28553 5.46481 4.25555 4.25137 4.25101
threshold=7.5000000000000009 12.500000000000002 3.5000000000000004 1.0000000180025095e-35 1.5000000000000002 3.5000000000000004 14.500000000000002 0.89405000000000012 929.50000000000011 3.5000000000000004 1.0000000180025095e-35 15.500000000000002 10.500000000000002 88.500000000000014 233.50000000000003 246.50000000000003 1141.5000000000002 1507.5000000000002 1684.5000000000002 225.50000000000003 970.50000000000011 26.500000000000004 1.0000000180025095e-35 1176.5000000000002 165.50000000000003 75.500000000000014 27.500000000000004 48.500000000000007 0.97215000000000007 13.500000000000002 217.50000000000003 46.500000000000007 66.500000000000014 27.500000000000004 902.50000000000011 241.50000000000003 1530.5000000000002 10000.415000000003 902.50000000000011 1.0000000180025095e-35 0.82740000000000014 3.5000000000000004 1282.5000000000002 1.0000000180025095e-35 247.50000000000003 1.0000000180025095e-35 16.500000000000004 27.500000000000004 26.500000000000004 227.50000000000003 218.50000000000003 249.50000000000003 163.50000000000003 15.500000000000002 212.50000000000003 518.50000000000011 176.50000000000003 25.500000000000004 87.500000000000014 526.50000000000011 75.500000000000014 1320.5000000000002 147.50000000000003 0.62750000000000006 26.500000000000004 16.500000000000004 27.500000000000004 14.500000000000002 913.50000000000011 1440.5000000000002 6.5000000000000009 136.50000000000003 169.50000000000003 212.50000000000003 850.50000000000011 1598.5000000000002 167.50000000000003 24.500000000000004 77.500000000000014 77.500000000000014 43.500000000000007 1.0000000180025095e-35 34054.835000000006 1062.5000000000002 14.500000000000002 0.81415000000000015 29.500000000000004 84.500000000000014 77.500000000000014 75.500000000000014 86.500000000000014 6.5000000000000009 8.5000000000000018 7.5000000000000009 42.500000000000007 473.50000000000006 29689.500000000004 13.500000000000002 14.500000000000002 69.500000000000014 157.50000000000003 6.5000000000000009 506.50000000000006 96.500000000000014 0.93495000000000006 970.50000000000011 736.50000000000011 0.87995000000000012 194.50000000000003 218.50000000000003 46.500000000000007 1821.5000000000002 266.50000000000006 427.50000000000006 128.50000000000003 8.5000000000000018 772.50000000000011 18.500000000000004 74321.000000000015 100001.00000000001 238.50000000000003 211.50000000000003 243.50000000000003 15.500000000000002 225.50000000000003 7838.1250000000009
decision_type=2 2 2 2 2 2 2 2 2 2 2 2 2 2 2 2 2 2 2 2 2 2 2 2 2 2 2 2 2 2 2 2 2 2 2 2 2 2 2 2 2 2 2 2 2 2 2 2 2 2 2 2 2 2 2 2 2 2 2 2 2 2 2 2 2 2 2 2 2 2 2 2 2 2 2 2 2 2 2 2 2 2 2 2 2 2 2 2 2 2 2 2 2 2 2 2 2 2 2 2 2 2 2 2 2 2 2 2 2 2 2 2 2 2 2 2 2 2 2 2 2 2 2 2 2 2
left_child=2 4 9 6 10 37 29 8 38 22 39 12 13 27 24 16 20 23 75 79 34 31 -1 -18 52 26 -9 46 82 45 47 -10 -33 40 -13 -16 -35 -4 99 -2 113 -34 109 -39 56 -3 -7 48 85 -23 -32 91 -15 -52 -14 -49 57 58 60 -59 63 66 -60 -41 -63 -62 -61 106 -65 -70 -27 93 -73 74 -74 -19 77 78 -72 80 -20 -53 123 84 96 86 90 88 89 98 -31 -44 -24 -45 95 -95 -42 -98 -88 103 101 -101 -103 -6 -17 -30 -58 -96 -77 -43 -82 -94 -75 114 -8 125 117 -115 -5 -120 -121 -99 -123 -11 -78 -116
right_child=1 3 5 118 7 11 33 25 21 28 -12 15 54 14 35 104 17 18 19 -21 -22 49 92 -25 -26 70 -28 -29 105 30 50 32 41 36 -36 -37 -38 43 -40 44 83 42 51 71 -46 -47 -48 55 -50 -51 53 81 -54 -55 -56 -57 67 59 62 61 65 64 -64 68 -66 -67 -68 -69 69 -71 76 72 73 112 -76 108 124 -79 -80 -81 110 -83 -84 -85 -86 -87 87 -89 -90 -91 -92 -93 111 94 107 -97 97 121 -100 100 -102 102 -104 -105 -106 -107 -108 -109 -110 -111 -112 -113 -114 116 115 -117 -118 -119 119 120 -122 122 -124 -125 -126 -127
leaf_value=0.0090513388240119081 -0.0054323463129826999 -0.0016111914737995509 0.0056468437806394666 -0.0029633940816767169 -0.0025132417452086754 0.0082630306562700949 -0.009781782096188572 -0.0033272999136654603 -0.0042950677108956658 0.0038752465323398377 0.0066771811782756433 0.00028584255163797929 0.0052416796014366773 -0.0014690147422054412 0.01486993835284707 0.00028638959875924722 0.0011655513082633141 -0.0004600270865024853 0.0023464309485368897 -0.0031584383875968222 -0.0029755497484277665 -0.0075566252152236713 -0.010485725597312444 0.0055754865646466534 -0.0057063155897352207 -0.0063485372502697923 0.0014166606312766682 0.0040597558971158841 0.0059140824760439215 -0.001841936197487953 0.0071056321913665222 0.0013343723558914464 -0.014660257599323181 -0.0030278298684945342 0.018156912731674479 0.002354272057985943 0.010287828217134327 -0.0026009838239781065 0.012055409461837235 -0.026671018568885249 -0.017379932051884119 -0.0053835207025605186 -0.0069941695167273213 -0.0029624236006563502 0.002551634900956749 -0.010310461918874348 -0.002634712051735026 0.0082459390358314202 -0.013617149193349495 -0.0014313122047994887 0.0009239571715194436 -0.00027211252737884987 0.003160163359495385 -0.0029979942660368392 0.0021983897167571391 -0.0014603332531512153 0.001274856593926487 0.01040720005342307 -0.0081175626262390711 -0.024502212834094279 0.033280263644212868 0.025487170322632893 0.0006025814200740794 -0.00086251735266704599 0.0028994328300574737 0.0069830172125209724 -0.0031929486871076825 -0.0020853646606700644 0.0045059521999924182 0.00016143006860894863 -0.0055076162130450277 -0.0018460680912078589 0.0011268944890289057 0.00057060507594992502 0.0081610390224931724 -0.0014072971263663367 0.0023318990118631313 -0.0041075344434261954 -0.00014055848720289125 0.0029999157614733468 -0.0075478250910089801 -0.0084018733923752788 -0.0040112967900456089 -0.0022853289132966355 -0.012524371479511406 -0.0022506476703668737 -0.0016049105416619425 -0.0048935642990466681 0.0057863888300348542 -0.01247690934378194 -0.0092773300359842471 -0.00093029541448155426 0.0041471119345098005 0.013184825535895697 0.0046979584424460532 -0.0008580544992660994 -0.014106673917993811 -0.0049161085768508654 -0.009637690823219542 -0.019297320255980684 0.00019347657770429953 -0.0017140873384994598 -0.0058104083329040771 0.00132067653583777 0.006851439962786217 0.0035226410026992102 0.012898263800164365 0.009304631283019494 -0.0068116111509209029 -0.00027388287119632849 -0.00032373136632502577 0.011402089539797352 0.0065868250193455895 -0.0082110551971384966 0.018315478372463216 -0.0029687636742621788 -0.0064336448380261629 -0.014325756480277207 0.0076349299171821032 0.0024030890228371885 -0.0069773108021185005 0.0072269127035067202 -0.0059692805095862079 0.0018980216081629117 -0.0010961383915734117 0.00064083186261141114
leaf_weight=975 308 194 1811 223 691 100 309 694 2658 2801 417 3077 2142 1825 77 239 1181 1463 1011 878 2023 974 33 1737 578 298 5067 2621 2095 206 136 1554 70 797 37 1780 70 333 67 14.999999999999998 46 1517 221 121 2136 426 536 110 217 365 924 179 560 1633 1770 626 522 327 579 27 17 23 270 1762 566 249 134 2505 1012 1410 333 517 347 1333 524 471 1085 1238 2414 3030 256 355 180 1115 167 2857 1322 3189 259 119 593 4373 1867 58 1034 365 81 1190 123 32 1951 2435 740 1995 562 3180 59 498 501 330 287 142 223 863 43 446 2813 258 404 471 143 113 90 4644 1239 45
leaf_count=975 308 194 1811 223 691 100 309 694 2658 2801 417 3077 2142 1825 77 239 1181 1463 1011 878 2023 974 33 1737 578 298 5067 2621 2095 206 136 1554 70 797 37 1780 70 333 67 15 46 1517 221 121 2136 426 536 110 217 365 924 179 560 1633 1770 626 522 327 579 27 17 23 270 1762 566 249 134 2505 1012 1410 333 517 347 1333 524 471 1085 1238 2414 3030 256 355 180 1115 167 2857 1322 3189 259 119 593 4373 1867 58 1034 365 81 1190 123 32 1951 2435 740 1995 562 3180 59 498 501 330 287 142 223 863 43 446 2813 258 404 471 143 113 90 4644 1239 45
internal_value=8.02114e-06 -0.00181462 0.00239385 -0.00378947 -0.000826469 0.00177281 -0.00412906 -0.00137889 -0.00205802 0.00379455 0.000645143 0.0013481 0.00219488 0.00138504 0.000233895 0.000741871 0.000532906 0.00119866 0.000239811 0.00121842 -0.000867931 -0.00279379 0.00591502 0.00379213 -0.00142078 -0.0002525 0.000844436 0.00308731 0.00329827 -0.00324609 -0.00302671 -0.00242508 -0.00184654 -0.00548069 0.000500044 0.00287616 -0.00194707 0.00347613 -0.00088601 0.000433751 -0.00588436 -0.00254877 -0.00242644 0.00274091 0.000589722 -0.00759558 -0.000913913 -0.0035547 -0.00384843 -0.00589014 -0.00113888 -0.00168853 -0.000380316 -0.00157921 0.00386584 -3.31037e-06 0.000147086 0.000811457 0.000120429 0.004217 0.00115968 0.00151172 -0.00533992 0.000681463 0.00379243 0.00869058 -0.00680437 -0.00122749 0.000781115 0.00197849 -0.00120958 0.0030961 0.00202165 0.00284724 0.00536373 -0.00195365 -0.000966117 -0.00182366 -0.000792803 0.00205767 0.000217834 -0.00568478 0.00248484 -0.00434445 -0.00570281 -0.00360326 -0.00426753 -0.00377268 -0.00180955 -0.0030703 -0.0073658 -0.00122302 0.00441518 0.0046177 0.00508903 0.00106065 -0.00494993 -0.00455816 -0.00229206 -0.000997212 -0.00169059 -0.00283798 -0.00267023 0.000332817 0.00489785 0.00447327 0.0024641 0.00619855 -0.00419738 -0.00447282 -0.00373769 0.00466244 0.00143577 -0.00678666 -0.00418173 -0.000932535 -0.00734372 -0.00962308 0.00205768 0.00316169 0.000211109 -0.00399909 0.00135663 0.00264248 0.000502611 0.0093337
internal_weight=119657 67834 51823 22621 45213 35906 21380 32875 20507 15917 12338 28742 11989 8077 4820 16753 15952 10815 7897 5462 5137 12596 3017 2918 2963 12368 5761 3257 12900 12934 12314 11257 8599 8446 3114 1857 867 7164 7911 11921 7579 7045 6975 5353 11613 620 636 9621 8885 1339 2693 5128 2385 2557 3912 736 9477 6391 5314 1077 4465 750 849 4199 589 266 161 3086 4184 2422 6607 5020 2944 2427 871 2435 6309 3985 2747 4584 1554 534 7625 2802 1687 8668 5811 5012 1823 1564 799 4594 2042 2076 1955 423 1520 1474 1445 7844 5158 3207 3175 2686 801 5275 581 1532 972 1847 543 2009 1556 4777 843 534 3934 1121 1241 1018 614 1393 203 7445 2324 88
internal_count=119657 67834 51823 22621 45213 35906 21380 32875 20507 15917 12338 28742 11989 8077 4820 16753 15952 10815 7897 5462 5137 12596 3017 2918 2963 12368 5761 3257 12900 12934 12314 11257 8599 8446 3114 1857 867 7164 7911 11921 7579 7045 6975 5353 11613 620 636 9621 8885 1339 2693 5128 2385 2557 3912 736 9477 6391 5314 1077 4465 750 849 4199 589 266 161 3086 4184 2422 6607 5020 2944 2427 871 2435 6309 3985 2747 4584 1554 534 7625 2802 1687 8668 5811 5012 1823 1564 799 4594 2042 2076 1955 423 1520 1474 1445 7844 5158 3207 3175 2686 801 5275 581 1532 972 1847 543 2009 1556 4777 843 534 3934 1121 1241 1018 614 1393 203 7445 2324 88
is_linear=0
shrinkage=0.04


Tree=52
num_leaves=127
num_cat=0
split_feature=13 8 13 13 1 0 7 1 7 1 0 2 0 0 0 2 1 7 1 13 1 8 4 17 2 18 11 1 1 1 18 1 1 1 1 2 2 0 1 10 11 1 1 1 2 1 1 2 1 4 2 17 1 1 1 18 4 4 10 10 0 4 10 1 2 4 17 0 1 1 1 0 0 1 11 1 2 2 2 2 10 10 2 1 10 0 2 2 18 4 11 2 1 1 1 2 2 2 2 7 1 4 1 2 1 1 2 10 1 2 2 1 1 2 1 0 0 0 1 1 1 1 1 0 10 2
split_gain=266.03 55.2248 35.2321 23.6171 22.1484 23.0355 19.3636 19.1656 18.207 15.9378 19.5405 19.6568 30.5264 20.7244 19.3535 15.4168 13.868 13.1998 12.5931 11.785 10.1861 9.41709 8.99282 8.90393 8.80975 11.0261 8.30466 8.17898 8.07123 13.9408 7.64562 7.5279 7.50128 15.4219 11.0153 9.64455 7.39582 7.50048 8.55389 6.5038 7.67195 6.43051 6.35841 6.04138 5.98897 6.96202 9.87173 12.0942 9.03864 7.96078 5.91327 5.89774 5.7719 21.9616 6.01105 5.65576 6.65673 5.64165 5.54304 7.08079 5.45546 5.39673 6.89772 9.5636 5.32912 5.31811 5.26624 5.21624 5.08477 5.76117 5.62568 5.08083 5.07104 5.02852 5.02259 5.01705 4.99988 4.97852 4.89615 7.20284 4.79304 4.71449 4.70413 4.57703 4.45758 4.42993 4.40782 4.37357 4.34809 4.31054 4.30145 4.26821 4.16195 4.15988 7.16217 4.15464 4.68529 4.12589 4.1116 4.08231 4.1005 4.42852 4.01758 4.01595 3.9933 5.99687 4.47133 3.98514 3.9363 3.90559 3.90399 6.71847 6.14456 11.51 10.402 5.73105 5.34555 5.1042 5.67628 4.08873 3.88869 4.00189 3.88594 3.87283 3.86228 3.94919
threshold=0.90225000000000011 1.5000000000000002 0.95295000000000007 0.57855000000000012 15.500000000000002 6.5000000000000009 3.5000000000000004 75.500000000000014 1.5000000000000002 205.50000000000003 27.500000000000004 1542.5000000000002 26.500000000000004 16.500000000000004 16.500000000000004 518.50000000000011 118.50000000000001 3.5000000000000004 88.500000000000014 0.92155000000000009 248.50000000000003 1.5000000000000002 13.500000000000002 1.0000000180025095e-35 556.50000000000011 1.0000000180025095e-35 11679.310000000003 245.50000000000003 52.500000000000007 62.500000000000007 1.0000000180025095e-35 49.500000000000007 118.50000000000001 116.50000000000001 115.50000000000001 491.50000000000006 1429.5000000000002 25.500000000000004 239.50000000000003 87948.000000000015 5859.255000000001 246.50000000000003 75.500000000000014 266.50000000000006 183.50000000000003 234.50000000000003 34.500000000000007 1824.5000000000002 254.50000000000003 13.500000000000002 274.50000000000006 1.0000000180025095e-35 47.500000000000007 65.500000000000014 43.500000000000007 1.0000000180025095e-35 16.500000000000004 13.500000000000002 85515.000000000015 91477.000000000015 25.500000000000004 13.500000000000002 88454.500000000015 225.50000000000003 382.50000000000006 15.500000000000002 1.0000000180025095e-35 6.5000000000000009 15.500000000000002 65.500000000000014 206.50000000000003 27.500000000000004 1.5000000000000002 145.50000000000003 5345.5250000000005 14.500000000000002 1665.5000000000002 1115.5000000000002 817.50000000000011 1220.5000000000002 91477.000000000015 154526.50000000003 1493.5000000000002 107.50000000000001 94964.000000000015 27.500000000000004 1440.5000000000002 663.50000000000011 1.0000000180025095e-35 15.500000000000002 15076.560000000003 1621.5000000000002 218.50000000000003 84.500000000000014 38.500000000000007 183.50000000000003 263.50000000000006 279.50000000000006 1756.5000000000002 1.0000000180025095e-35 239.50000000000003 15.500000000000002 19.500000000000004 1315.5000000000002 66.500000000000014 208.50000000000003 102.50000000000001 112502.00000000001 167.50000000000003 1598.5000000000002 1757.5000000000002 218.50000000000003 208.50000000000003 772.50000000000011 178.50000000000003 25.500000000000004 26.500000000000004 24.500000000000004 165.50000000000003 169.50000000000003 110.50000000000001 116.50000000000001 194.50000000000003 7.5000000000000009 66693.500000000015 412.50000000000006
decision_type=2 2 2 2 2 2 2 2 2 2 2 2 2 2 2 2 2 2 2 2 2 2 2 2 2 2 2 2 2 2 2 2 2 2 2 2 2 2 2 2 2 2 2 2 2 2 2 2 2 2 2 2 2 2 2 2 2 2 2 2 2 2 2 2 2 2 2 2 2 2 2 2 2 2 2 2 2 2 2 2 2 2 2 2 2 2 2 2 2 2 2 2 2 2 2 2 2 2 2 2 2 2 2 2 2 2 2 2 2 2 2 2 2 2 2 2 2 2 2 2 2 2 2 2 2 2
left_child=1 8 6 26 55 80 23 28 44 10 11 12 18 -13 57 81 -15 50 30 22 41 66 -8 43 -14 -26 64 52 31 85 -9 -7 33 34 124 73 37 39 74 51 -41 61 75 99 -1 46 58 49 65 -48 -4 104 54 -54 -21 -5 -57 -11 -46 -60 77 -16 63 -63 95 -47 102 -55 -23 90 122 86 -52 -34 -39 -24 -59 -37 83 -80 -6 -12 -77 -44 -82 -30 -38 -64 -17 -29 -70 103 93 94 -66 -3 -97 -31 -93 109 101 -101 -19 -72 106 -106 -10 -50 -18 -2 112 -112 114 -114 115 117 119 118 120 -117 -69 -122 -71 -85 -20 -126
right_child=2 3 17 4 5 7 19 9 36 14 15 13 24 16 20 88 108 21 32 27 -22 68 42 -25 25 -27 -28 89 29 97 -32 -33 35 -35 -36 60 71 38 -40 40 -42 -43 78 -45 45 48 47 -49 107 -51 72 -53 53 67 -56 56 -58 76 59 -61 -62 62 87 -65 92 -67 -68 110 69 70 91 -73 -74 -75 -76 82 -78 -79 79 -81 84 -83 -84 123 -86 -87 -88 -89 -90 -91 -92 98 -94 -95 -96 96 -98 -99 -100 100 -102 -103 -104 -105 105 -107 -108 -109 -110 -111 111 -113 113 -115 -116 116 -118 -119 -120 -121 121 -123 -124 -125 125 -127
leaf_value=-0.001335348347021223 -0.0034329477690020322 -0.0047625694921808286 0.016120069184785108 -0.0032556843913982771 -0.0049045143807713975 -0.0011582301356235568 -0.0093731314141252634 -0.0036554401454249436 -0.0027989392052644147 -0.0057681056131308681 0.015672401716029408 -0.0074558337123445282 -0.0030834918798247507 0.0049590718233124484 -0.0063112801878033257 0.0028486721784947745 -0.005445548615301078 -0.00017920741695678287 7.0172306455272988e-05 0.00015821585314644077 -0.0051057989561161003 -0.0031100303583332751 -0.0059653491625642251 0.011643383905467224 -0.0072092480281528253 -0.016953897092118125 -0.00070613862219280599 0.0049288093870140763 0.0048952352592492301 -0.0045327568265052087 -0.0081637188640588457 -0.0090076371049254995 -0.0056855385499491031 0.001288892723611472 -0.0060688401261169847 -0.0085302810035376101 -0.011698006642663855 -0.0015117160344673508 -0.0018359931164650914 -0.015870928091117634 -0.0017521597325674541 0.0032506020156007598 -0.0065115186574495878 0.0078205788828002252 -0.0042838253926041131 -0.0020720188552915959 -0.0052326075323748666 -0.0050799576279134942 0.006849794859358542 0.0065887475998061282 -0.010067563215411322 0.0084773463920145963 0.0056152950434339354 -0.0066942413147098945 -0.0058785750739579756 -0.0070851661169652729 -0.020648018638748194 0.0017155788532267138 0.021504650591219778 0.0013876412254892644 0.0021970922961182114 0.0018421802389395579 0.0073723922025807518 -0.0044305263550348875 -0.009250448272533544 -0.016104459684745519 0.01324700729655922 -0.00017831490168638471 0.0051572850134987969 0.00093367956932990188 0.0026077212563242066 0.0087481796047062556 0.0056340036319982179 -5.6619323206903862e-05 0.0081204596552844517 0.0023234296790741035 -0.018789367482300205 -0.0044165790343112729 -0.0042710924734276545 -0.0006289098416376415 -0.018372288600038204 0.0049386053261124101 -0.00043293468076047913 -0.0096683289380182589 -0.0081683979934243072 -0.00162354471305973 -0.0017853920974828467 -0.0031988205806367975 -0.0018664005652975807 -0.0058312787967411605 -0.00098795093300048376 -0.0036541067194548575 -0.0038839442154437339 -0.0080594920340872362 -0.0029900460900826199 0.0080536863460379127 -0.0028559314352827919 -9.0150866716445557e-05 0.003390720882072179 0.0036872539005404293 0.00030474153302989288 -0.0013756013942258993 0.0040079696431091442 0.0060502324956055176 -0.0015252310655711405 0.0032903061405098995 0.003813305788386834 0.0004570771476163167 -0.00020642551431408052 0.0050168408459616929 0.004593093797251215 -0.00057872894410007658 0.0076017564971294473 0.0010781642677430013 -0.0049300708963933796 0.0058779094384825061 0.0010112738530933005 -0.0026234954331314036 -0.0057449588502882102 0.020959116617838541 0.005590828969093865 0.0010195533480319209 -0.0057823410963445676 0.0018486140890360211 -0.013260889876312409 -0.0026685249876074496
leaf_weight=608 314 355 86 700 899 6154 169 1078 204 174 116 544 179 933 405 413 304 383 1076 2033 1616 296 156 195 317 456 672 1305 1268 362 1376 202 357 1584 1509 1049 73 104 297 64 1629 423 123 386 299 544 95 168 317 2021 33 150 1821 143 303 1257 61 3514 30 412 117 1515 64 523 438 47 96 1807 1412 3667 1822 72 3053 884 498 2750 19 865 1194 3202 80 154 1545 48 515 191 4518 2378 1286 62 208 278 1120 1705 889 112 143 4414 253 4566 812 293 7719 777 1934 526 814 310 942 121 1116 626 497 3364 644 305 594 1025 211 32 480 855 143 1524 59 1310
leaf_count=608 314 355 86 700 899 6154 169 1078 204 174 116 544 179 933 405 413 304 383 1076 2033 1616 296 156 195 317 456 672 1305 1268 362 1376 202 357 1584 1509 1049 73 104 297 64 1629 423 123 386 299 544 95 168 317 2021 33 150 1821 143 303 1257 61 3514 30 412 117 1515 64 523 438 47 96 1807 1412 3667 1822 72 3053 884 498 2750 19 865 1194 3202 80 154 1545 48 515 191 4518 2378 1286 62 208 278 1120 1705 889 112 143 4414 253 4566 812 293 7719 777 1934 526 814 310 942 121 1116 626 497 3364 644 305 594 1025 211 32 480 855 143 1524 59 1310
internal_value=7.68264e-06 -0.00172733 0.00205794 -0.00238848 -0.00207868 -0.00188012 0.00128286 -0.00169841 0.000334597 -0.00228951 -0.00305267 -0.00354639 -0.00423146 -0.000471475 -0.00107536 0.000691186 0.00127064 0.00338443 -0.00364956 0.000819818 -0.00232433 0.00294322 -0.000221689 0.0032165 -0.0111112 -0.0129643 -0.00487576 0.00146776 -0.00040522 0.000616853 -0.00618517 -0.00140846 -0.00294276 -0.0020442 -0.00338047 -0.00446227 -0.000573558 0.000328751 0.00370811 -0.000241508 -0.00228916 -0.00147669 -7.45146e-05 0.00296259 0.0023728 0.00290512 0.00393336 0.00523487 0.000348004 0.0060559 0.00575514 0.000712957 0.00121145 0.00152877 -0.000623316 -0.00617197 -0.00771744 0.0012564 -7.30741e-05 0.00276665 -0.00616051 -0.00188691 -0.00148592 0.000230351 -0.0054633 -0.00319727 0.0039207 0.000892296 0.00203789 0.0022164 0.00171404 -0.00177799 0.00546448 -0.00167945 0.00644981 0.00107424 0.00160365 -0.00667358 -0.000914627 -0.00161915 -0.00675779 0.00956907 0.00133099 0.000910187 -0.00954993 0.00403906 -0.00194413 -0.00291984 -0.000717787 0.00443747 0.00436579 0.00297088 -0.00597667 -0.00674823 -0.00505996 -0.00196206 0.00192134 -0.000427806 -0.000289994 0.00265471 0.00294135 0.00338112 0.00380954 0.00363863 0.000376708 -0.00049385 0.00248419 0.00369608 -0.00148822 -0.00107274 0.000986579 0.00273234 0.000676272 0.00191911 -0.000129157 0.000452539 0.00330248 -0.00015266 0.000601528 0.00732761 0.00102917 0.00266645 0.000680413 0.00149381 -0.00171946 -0.00312888
internal_weight=119657 64810 54847 49076 43642 41624 34621 40130 15734 27539 16908 14939 12216 2723 10631 1969 2179 20226 11264 27934 6924 17054 10711 6687 952 773 5434 17223 12591 6235 2454 6356 8810 5538 3954 3272 10883 6220 899 5321 1693 5308 10542 6492 4851 4243 3025 2284 1218 2116 3172 3628 15856 13520 2336 2018 1318 3707 741 442 2031 4885 4480 2038 4762 591 8198 11699 8856 8560 6940 4663 3086 1241 602 4451 3533 1914 6091 4396 1494 270 4295 1695 595 1459 4591 2442 1699 1367 1620 3130 4152 3032 1327 610 255 4776 531 6106 5671 4859 8102 2599 3478 2460 1018 627 1246 435 11556 1742 9814 3861 5953 5309 931 4378 3353 337 3142 1335 3810 1572 2445 1369
internal_count=119657 64810 54847 49076 43642 41624 34621 40130 15734 27539 16908 14939 12216 2723 10631 1969 2179 20226 11264 27934 6924 17054 10711 6687 952 773 5434 17223 12591 6235 2454 6356 8810 5538 3954 3272 10883 6220 899 5321 1693 5308 10542 6492 4851 4243 3025 2284 1218 2116 3172 3628 15856 13520 2336 2018 1318 3707 741 442 2031 4885 4480 2038 4762 591 8198 11699 8856 8560 6940 4663 3086 1241 602 4451 3533 1914 6091 4396 1494 270 4295 1695 595 1459 4591 2442 1699 1367 1620 3130 4152 3032 1327 610 255 4776 531 6106 5671 4859 8102 2599 3478 2460 1018 627 1246 435 11556 1742 9814 3861 5953 5309 931 4378 3353 337 3142 1335 3810 1572 2445 1369
is_linear=0
shrinkage=0.04


Tree=53
num_leaves=127
num_cat=0
split_feature=9 9 8 8 7 9 7 13 9 1 7 10 1 1 7 8 0 10 1 1 1 1 1 0 1 0 0 1 0 0 0 0 1 0 1 13 1 1 10 1 1 1 1 1 1 1 1 1 1 10 0 14 1 5 9 0 7 10 1 1 0 18 1 1 0 1 1 10 0 1 0 1 18 14 7 1 1 1 1 13 11 1 0 1 1 11 0 0 0 0 1 10 10 7 1 1 0 0 0 1 0 0 1 10 0 10 1 1 1 1 9 0 1 1 1 0 11 1 1 0 0 7 11 10 1 10
split_gain=277.73 71.4859 26.0606 24.9531 19.3962 14.5981 14.2177 13.7875 11.552 11.479 10.1961 12.7779 9.80147 9.94061 9.43846 9.05853 8.49462 8.17962 8.03846 8.89208 7.74743 7.74614 8.26981 7.45369 7.22832 7.13748 7.0432 6.82283 7.06002 6.72257 7.09975 6.8921 7.23339 7.71086 6.70016 6.40526 6.34498 10.9883 6.20971 5.89304 5.84715 5.81878 6.56567 10.5074 5.5936 8.4878 9.30875 6.74359 5.54486 5.49242 5.25559 5.08024 5.07954 5.04232 4.93144 4.85239 4.75885 4.71998 4.71127 4.69797 4.68047 5.7302 4.73476 5.34445 4.67909 4.79016 5.19422 6.56079 4.93655 4.76707 4.57047 4.56191 4.45131 4.33788 6.25098 4.8763 5.6766 5.3284 4.43853 4.25085 4.23785 4.22535 4.22616 4.21577 6.27346 4.16192 4.09455 8.69906 9.00917 7.11592 5.44257 5.34543 4.12066 4.04454 4.34447 4.45967 8.42156 5.40216 11.5991 5.94263 9.34404 7.47606 5.36743 4.03132 4.36866 3.86864 3.83978 13.4137 8.06217 4.85449 4.10524 4.08 3.77787 3.76049 4.49975 4.03188 3.73097 3.71464 6.33719 3.64021 3.62171 7.01188 5.15393 3.61089 3.80938 5.69237
threshold=7.5000000000000009 12.500000000000002 1.5000000000000002 1.5000000000000002 1.5000000000000002 15.500000000000002 3.5000000000000004 0.89055000000000006 2.5000000000000004 18.500000000000004 3.5000000000000004 43370.500000000007 271.50000000000006 217.50000000000003 3.5000000000000004 1.5000000000000002 9.5000000000000018 105715.00000000001 71.500000000000014 167.50000000000003 75.500000000000014 167.50000000000003 129.50000000000003 8.5000000000000018 46.500000000000007 7.5000000000000009 1.5000000000000002 16.500000000000004 5.5000000000000009 27.500000000000004 28.500000000000004 23.500000000000004 116.50000000000001 8.5000000000000018 89.500000000000014 0.58785000000000009 66.500000000000014 48.500000000000007 71794.500000000015 197.50000000000003 12.500000000000002 243.50000000000003 143.50000000000003 150.50000000000003 47.500000000000007 65.500000000000014 110.50000000000001 43.500000000000007 56.500000000000007 59420.500000000007 27.500000000000004 0.83445000000000014 62.500000000000007 14.500000000000002 14.500000000000002 6.5000000000000009 3.5000000000000004 91989.000000000015 165.50000000000003 83.500000000000014 5.5000000000000009 1.0000000180025095e-35 167.50000000000003 219.50000000000003 27.500000000000004 245.50000000000003 212.50000000000003 6238.0000000000009 26.500000000000004 248.50000000000003 28.500000000000004 112.50000000000001 1.0000000180025095e-35 0.96155000000000013 1.0000000180025095e-35 42.500000000000007 136.50000000000003 169.50000000000003 208.50000000000003 0.49880000000000008 6096.5350000000008 14.500000000000002 11.500000000000002 14.500000000000002 35.500000000000007 6060.5250000000005 27.500000000000004 26.500000000000004 25.500000000000004 24.500000000000004 167.50000000000003 103906.50000000001 50123.500000000007 1.0000000180025095e-35 266.50000000000006 87.500000000000014 7.5000000000000009 27.500000000000004 28.500000000000004 188.50000000000003 26.500000000000004 25.500000000000004 77.500000000000014 188610.00000000003 26.500000000000004 78011.000000000015 87.500000000000014 77.500000000000014 75.500000000000014 40.500000000000007 14.500000000000002 16.500000000000004 27.500000000000004 230.50000000000003 236.50000000000003 24.500000000000004 5752.6150000000007 202.50000000000003 205.50000000000003 24.500000000000004 26.500000000000004 3.5000000000000004 13000.700000000003 36307.500000000007 212.50000000000003 43370.500000000007
decision_type=2 2 2 2 2 2 2 2 2 2 2 2 2 2 2 2 2 2 2 2 2 2 2 2 2 2 2 2 2 2 2 2 2 2 2 2 2 2 2 2 2 2 2 2 2 2 2 2 2 2 2 2 2 2 2 2 2 2 2 2 2 2 2 2 2 2 2 2 2 2 2 2 2 2 2 2 2 2 2 2 2 2 2 2 2 2 2 2 2 2 2 2 2 2 2 2 2 2 2 2 2 2 2 2 2 2 2 2 2 2 2 2 2 2 2 2 2 2 2 2 2 2 2 2 2 2
left_child=2 4 6 14 15 12 21 27 113 40 17 18 13 29 16 25 54 23 -12 58 24 22 -1 -11 83 26 -2 -6 -29 31 34 32 35 116 -31 -5 37 -30 39 -23 -4 42 44 -44 47 49 59 81 -27 -46 71 53 -33 -50 -3 -13 -38 -16 85 -47 -22 -62 119 -64 65 66 67 -21 -68 -67 -18 -48 -37 74 -25 -76 -77 -78 -79 -56 -59 -10 -83 -9 112 -20 87 88 89 -58 -89 -90 -88 -17 95 102 -97 99 -99 101 -101 -98 -95 104 -96 -39 107 108 109 110 -74 -109 -85 -8 115 -115 -34 -35 -119 -63 122 -122 -54 -45 125 -125
right_child=1 3 9 5 7 -7 8 20 41 10 11 55 -14 -15 57 93 70 -19 19 64 60 38 -24 73 -26 48 -28 28 36 30 -32 52 33 117 -36 72 56 105 -40 -41 -42 -43 43 123 45 46 50 -49 51 -51 -52 -53 120 -55 79 -57 86 80 -60 -61 61 62 63 -65 -66 69 68 -69 -70 -71 -72 -73 106 -75 75 76 77 78 -80 -81 -82 82 -84 84 -86 -87 92 90 91 -91 -92 -93 -94 94 103 96 97 98 -100 100 -102 -103 -104 -105 -106 -107 -108 111 -110 -111 -112 -113 -114 114 -116 -117 -118 118 -120 -121 121 -123 -124 124 -126 -127
leaf_value=0.0069305542792230468 0.0029748689299605785 0.0021546947088945298 0.010353168112685883 -0.0074365148635013581 -0.0053056752134427367 -0.0063360356442559232 0.0043229136774350857 -0.0060077246351434325 0.0091858705792829311 -0.0037951619826644611 0.0041020387199215275 -0.0078797539649880198 -0.018908509468707663 -0.00155707633105788 -0.0012250846189689989 -0.0055529802986601078 0.0074741735016008492 -0.00014773158974571227 -0.00099390842414889238 -0.0065470817256597135 -0.0059220284909697113 0.001145646714160842 0.018840541092035916 -0.00016600488437037406 0.0017538302974412249 -0.0052013498423186698 0.018022758725216068 -0.0069856220698724901 -0.0020317628743966266 -0.00095331616864709982 -0.0049561603101985858 0.0085702797728046728 -0.0027112185900689686 2.4515382196127084e-05 0.0079806381142744527 -0.0022671361020818108 -0.013712006437799349 0.0037402517015137577 0.00098149701203870923 0.0064570638534987594 -0.0025906661053202518 0.0053091099582703409 -0.0025976910014177046 0.0028686872347911769 0.0078556034932972911 0.0024879108680257328 0.014323202487075738 -0.005081088630805035 0.00013347514039551922 0.0028223675703747779 0.016540889026009462 0.0044142123962346473 -0.004791714614717231 0.006491067900222405 0.0081860063784246814 0.00021119635124648107 -0.0018643345255669004 -0.019475884807407029 -0.0047256417074111523 -0.0020741263626564452 0.00055085828447304103 -0.0019386587261396439 0.0024442852166760547 -0.0020581119662227633 0.0075751885090931653 0.0087551736747205032 0.0012081287445948536 0.0035852505469227232 -0.0037593735578619935 0.0029625349452443613 -0.00024301093573398814 0.00366197656207663 -0.0048250384000401957 0.0081413026755040932 -0.00036203595310267477 0.0071474243473933843 -0.00093516682017788359 0.011736481670913575 0.0039441751017830432 -0.0048779335705874411 -0.0049798197318824981 -0.003089931959187925 0.0026949253870604262 -0.0014382215169673224 -0.0033122699688430228 0.0016767698426439666 0.006365924550458979 -0.0090201612345560331 0.0093097624838360867 -0.0061139205132409915 -0.0033333109779417908 -0.0058583972130105246 -0.00077146436748540108 0.0002967933566214882 0.0041700980243697264 -0.0083561596885439512 -0.0059584412615821458 0.010225095673252516 -0.0016766338333023662 0.00039458725695897049 -0.012828991239185954 0.0016490564991943654 0.0056749192627820752 -0.013644555710352859 -0.0061850886271137395 0.00026871564590147222 -0.0062654677480865955 -0.0015336565084839333 -0.013013942760564407 -0.0015937924852282512 -0.011462509391694494 0.0060154565204841642 0.0024736977796180888 0.03578765481536151 0.0069553333848489012 0.0097496191815380408 -0.012069952012695504 -0.010400557801350793 0.005375463528307433 -0.0051179919329604074 -0.0067691132911950657 -0.018159178903927792 -0.011543917304498386 -0.0021996823900559057 -0.00028266943508220988 0.0033671194928996387
leaf_weight=1292 113 532 58 971 937 3638 2786 238 122 198 2461 120 66 3443 1201 209 477 1021 1679 107 323 430 101 565 3971 165 90 411 3093 450 426 35 126 1494 191 1821 57 877 737 1532 1374 959 965 3100 1025 706 67 250 1517 529 56 1135 1245 230 44 9397 8998 36 299 739 2486 2082 724 1010 280 321 2080 2149 378 792 164 1677 1481 394 319 1106 344 126 1740 397 329 263 865 640 814 2100 149 465 172 679 648 47 979 3694 751 244 738 215 334 2111 89 286 323 23 71 1246 1510 213 183 741 167 246 1028 17 475 23 152 140 57 801 311 121 213 364 1826 1509
leaf_count=1292 113 532 58 971 937 3638 2786 238 122 198 2461 120 66 3443 1201 209 477 1021 1679 107 323 430 101 565 3971 165 90 411 3093 450 426 35 126 1494 191 1821 57 877 737 1532 1374 959 965 3100 1025 706 67 250 1517 529 56 1135 1245 230 44 9397 8998 36 299 739 2486 2082 724 1010 280 321 2080 2149 378 792 164 1677 1481 394 319 1106 344 126 1740 397 329 263 865 640 814 2100 149 465 172 679 648 47 979 3694 751 244 738 215 334 2111 89 286 323 23 71 1246 1510 213 183 741 167 246 1028 17 475 23 152 140 57 801 311 121 213 364 1826 1509
internal_value=7.33308e-06 -0.00167701 0.00221214 -0.00351284 -0.000758413 -0.00405016 0.00323971 -0.001266 0.00276316 0.00142877 0.00160765 0.00121626 -0.00352363 -0.00345874 -0.000226675 0.000593738 0.00191843 0.00309915 0.00204947 0.00155308 -0.000321393 0.0053725 0.00779825 0.00379177 0.000665403 0.00240615 0.00967163 -0.00197667 -0.00180139 -0.00399097 -0.000951933 -0.00427942 -0.00382744 -0.00167146 0.00170334 -0.00440577 -0.00167873 -0.000510156 0.00411881 0.00529515 -0.00206293 0.00229182 0.00208574 0.00130632 0.00304577 0.00371244 0.00254607 0.000910095 0.00192049 0.0061451 0.0044656 0.00232978 -0.00646112 0.000973092 -0.000433164 0.000108675 -0.00217826 -0.00244007 0.000105704 0.00015205 -0.00121105 -0.000996186 -0.00183004 -0.000175879 0.0025189 0.00227513 0.00171644 0.00310264 0.000442459 0.00463742 0.00549376 0.00407464 -0.00394246 0.00411971 0.00374131 0.00434972 0.0048042 0.00362945 0.00447309 -0.00356387 -0.00642547 0.00211184 0.00134245 -0.000922155 -0.000432664 0.000489141 -0.00212365 -0.00235884 -0.0019811 -0.00216299 -0.00571341 0.00603505 0.000168264 -5.3986e-05 7.50637e-05 -0.000211438 -0.00115423 -0.000687214 0.00297806 -0.00131267 -0.000139107 -0.00382983 0.000730365 0.00280347 0.00327016 0.00170478 -0.00461335 -0.00378878 -0.0049134 -0.0042907 -0.00550073 0.00250399 0.000970327 0.00490677 0.00805604 0.0209772 -0.00784511 -0.000653747 -0.00581522 -0.00282352 -0.00674204 -0.00997211 -0.00578161 0.00186105 0.00101545 0.00228307
internal_weight=119657 67834 51823 22621 45213 19441 22415 32875 18323 29408 27976 22163 15803 15737 3180 12338 1614 5813 12646 10185 14117 4092 1393 4792 6691 3250 203 18758 17821 12294 1067 11227 9302 1969 641 7333 17410 5216 2699 1962 1432 15022 14063 7764 6299 4799 3245 1500 3047 1554 1800 2882 1925 1747 973 9517 12194 1566 4078 1445 7426 7103 4617 1734 6107 5827 4714 2256 2458 1113 641 1744 6362 4594 4200 3635 3316 2210 1866 441 365 1250 1128 2720 2482 3779 12137 11009 9896 9677 1113 219 1128 9088 8879 8034 4017 3773 549 3224 2200 1024 4017 845 822 2123 4541 3031 2572 2389 1648 459 1668 3301 515 40 278 1691 197 2883 1890 432 1458 6799 3699 1873
internal_count=119657 67834 51823 22621 45213 19441 22415 32875 18323 29408 27976 22163 15803 15737 3180 12338 1614 5813 12646 10185 14117 4092 1393 4792 6691 3250 203 18758 17821 12294 1067 11227 9302 1969 641 7333 17410 5216 2699 1962 1432 15022 14063 7764 6299 4799 3245 1500 3047 1554 1800 2882 1925 1747 973 9517 12194 1566 4078 1445 7426 7103 4617 1734 6107 5827 4714 2256 2458 1113 641 1744 6362 4594 4200 3635 3316 2210 1866 441 365 1250 1128 2720 2482 3779 12137 11009 9896 9677 1113 219 1128 9088 8879 8034 4017 3773 549 3224 2200 1024 4017 845 822 2123 4541 3031 2572 2389 1648 459 1668 3301 515 40 278 1691 197 2883 1890 432 1458 6799 3699 1873
is_linear=0
shrinkage=0.04


Tree=54
num_leaves=127
num_cat=0
split_feature=9 9 8 8 17 7 9 18 9 1 9 7 10 1 1 7 8 1 0 1 0 10 1 1 1 1 0 1 1 0 1 1 0 0 0 0 0 1 0 1 13 1 1 13 7 1 0 1 0 1 0 1 11 1 14 10 1 5 1 1 1 0 1 10 0 1 1 10 0 1 1 1 9 0 13 1 1 14 7 1 1 1 1 18 9 10 14 0 0 0 11 0 1 7 1 10 0 0 0 8 0 0 10 1 1 1 0 10 10 13 1 1 1 1 0 0 1 10 11 11 10 1 1 1 1 1
split_gain=255.973 65.8867 24.02 22.997 18.2198 17.8771 13.4513 12.9939 12.4182 10.5786 10.3154 9.39582 11.7765 9.03357 9.16195 8.69978 8.34983 8.04356 9.45737 7.83268 7.82748 7.53888 7.40777 8.19566 6.97845 7.99821 7.75881 6.93812 7.03922 6.88152 6.85368 7.08641 6.57946 6.48978 6.19547 6.54299 6.35137 6.66614 7.108 6.17545 6.05261 6.04793 7.26225 5.90183 5.8881 5.65094 5.59361 5.38975 5.27598 5.11087 4.88961 4.78521 4.78245 4.68338 4.68124 4.65485 5.89495 4.64698 4.56682 4.52272 4.51666 4.47228 4.34196 4.33154 4.3119 4.41488 4.78664 6.04733 4.54969 4.39259 4.26252 4.72255 4.25458 4.21328 4.21026 4.20717 8.55739 4.10618 5.58448 4.34638 5.31212 4.70536 4.22523 4.10217 3.95847 3.95136 3.89064 4.80971 6.7312 3.88484 3.83574 3.82284 5.4139 3.79843 3.7455 3.61604 3.76112 11.1211 6.93375 5.07605 3.73763 3.59741 3.59741 3.55962 4.64387 5.51665 3.55601 3.54029 4.50259 4.0991 3.53733 12.3625 7.42936 4.51689 4.16181 3.76074 3.51056 3.49324 6.85979 3.43714 3.43449 3.42267 5.84199 3.4066 3.40019 14.8406
threshold=7.5000000000000009 12.500000000000002 1.5000000000000002 1.5000000000000002 1.0000000180025095e-35 1.5000000000000002 15.500000000000002 1.0000000180025095e-35 3.5000000000000004 18.500000000000004 10.500000000000002 3.5000000000000004 43370.500000000007 271.50000000000006 217.50000000000003 3.5000000000000004 1.5000000000000002 75.500000000000014 14.500000000000002 133.50000000000003 9.5000000000000018 105715.00000000001 71.500000000000014 167.50000000000003 195.50000000000003 212.50000000000003 25.500000000000004 110.50000000000001 107.50000000000001 7.5000000000000009 49.500000000000007 56.500000000000007 7.5000000000000009 1.5000000000000002 27.500000000000004 28.500000000000004 23.500000000000004 116.50000000000001 8.5000000000000018 89.500000000000014 0.62345000000000017 47.500000000000007 69.500000000000014 0.58785000000000009 3.5000000000000004 69.500000000000014 11.500000000000002 12.500000000000002 5.5000000000000009 56.500000000000007 26.500000000000004 77.500000000000014 9204.6450000000023 62.500000000000007 0.83445000000000014 74718.000000000015 245.50000000000003 14.500000000000002 36.500000000000007 115.50000000000001 14.500000000000002 6.5000000000000009 165.50000000000003 38000.500000000007 27.500000000000004 245.50000000000003 212.50000000000003 6238.0000000000009 26.500000000000004 248.50000000000003 165.50000000000003 150.50000000000003 17.500000000000004 28.500000000000004 0.93735000000000013 233.50000000000003 236.50000000000003 0.96155000000000013 1.0000000180025095e-35 42.500000000000007 136.50000000000003 169.50000000000003 208.50000000000003 1.0000000180025095e-35 18.500000000000004 112502.00000000001 0.79805000000000015 27.500000000000004 28.500000000000004 27.500000000000004 6060.5250000000005 23.500000000000004 225.50000000000003 3.5000000000000004 266.50000000000006 32508.000000000004 25.500000000000004 26.500000000000004 24.500000000000004 1.5000000000000002 27.500000000000004 26.500000000000004 62894.500000000007 52.500000000000007 43.500000000000007 47.500000000000007 2.5000000000000004 93056.000000000015 84545.000000000015 0.92015000000000013 87.500000000000014 77.500000000000014 75.500000000000014 58.500000000000007 7.5000000000000009 16.500000000000004 62.500000000000007 206337.00000000003 9372.3000000000011 5752.6150000000007 120924.00000000001 202.50000000000003 205.50000000000003 34.500000000000007 87.500000000000014 151.50000000000003
decision_type=2 2 2 2 2 2 2 2 2 2 2 2 2 2 2 2 2 2 2 2 2 2 2 2 2 2 2 2 2 2 2 2 2 2 2 2 2 2 2 2 2 2 2 2 2 2 2 2 2 2 2 2 2 2 2 2 2 2 2 2 2 2 2 2 2 2 2 2 2 2 2 2 2 2 2 2 2 2 2 2 2 2 2 2 2 2 2 2 2 2 2 2 2 2 2 2 2 2 2 2 2 2 2 2 2 2 2 2 2 2 2 2 2 2 2 2 2 2 2 2 2 2 2 2 2 2
left_child=2 5 4 15 8 16 13 40 44 47 17 21 22 14 34 20 32 18 45 27 55 29 123 62 26 46 70 28 30 -11 -10 -32 33 -2 36 39 37 43 119 -36 -7 106 -43 -5 -1 -9 -26 -4 -42 -34 -28 -19 -50 -38 57 -3 -57 -51 -6 84 -20 -14 90 -27 65 66 67 -25 -68 -67 71 -21 -61 -22 -33 -46 -77 78 -31 -80 -81 -82 -83 -45 120 -58 87 101 -89 -29 -24 94 -93 -44 124 -53 98 99 -97 -98 -99 103 -100 104 -18 -106 -12 108 109 -63 111 112 113 114 -85 -113 -105 118 -8 -39 -17 -40 -123 -13 -88 -126
right_child=1 3 9 6 58 7 117 10 19 11 41 12 61 -15 -16 59 86 51 60 24 73 -23 23 64 25 63 50 89 -30 77 31 74 49 -35 35 -37 53 38 121 -41 48 42 93 83 75 -47 -48 -49 52 54 -52 95 -54 -55 -56 56 85 -59 -60 72 -62 107 -64 -65 -66 69 68 -69 -70 -71 -72 -73 -74 -75 -76 76 -78 -79 79 80 81 82 -84 110 -86 -87 91 88 -90 -91 -92 92 -94 -95 -96 96 97 100 102 -101 -102 -103 -104 116 105 -107 -108 -109 -110 -111 -112 115 -114 -115 -116 -117 -118 -119 -120 -121 -122 122 -124 -125 125 -127
leaf_value=0.0064970873520055084 0.0028559794290786717 -0.0081633106461446135 0.0099397541846752997 -0.0071390849016372809 0.005094690159019831 -0.0036444581997154171 -0.005886503574575601 0.0029252641592546354 0.0016902493979031642 -0.0051804341885575761 0.013461215881087025 0.0011957006030589477 -0.0075648263908634208 -0.018153313605760123 -0.0014947950841979829 0.00026733999703416943 0.001247351943172044 -0.0068965216157076958 -0.010137383391303094 -0.0014790216705166364 0.0071752692417662691 -0.00014182291819973312 -0.00095415447321498849 -0.0062854428841175036 -0.0048331378032727941 0.0033236186373331407 0.0071800022439571102 0.0056630735204902458 -0.0016479993878085295 -0.00015936581185540779 0.010877781071523906 0.0026361238320072862 -0.004993421872728011 0.017302648404594532 -0.00091519198313784174 -0.0047579602777238382 0.008228445097252176 -0.0026028560649110251 2.3534847822206993e-05 0.0076615796860820141 -0.004339265704038398 0.0010376552030320163 -0.013681526508990268 -0.0021764556420393101 0.0032903259153043837 -0.0002270305247492594 0.0058613056071205897 -0.0024870469967138791 0.00096420990638965024 0.00012813646993463552 0.0013805253015021415 0.00049456816946112485 -0.0013948500346078294 -0.0064726948500027238 0.0042376594388364875 0.0024413424580543206 0.003764373559152804 0.0062315380118337206 0.015766494936843671 -0.0035059274877682766 -0.0013157552675876164 -0.0014822960697058014 -0.0045366793201594233 0.0006070448673522581 0.007272289245230136 0.0084050757995055708 0.0011598059114554624 0.0034418472286543802 -0.003609038349295208 0.0028440485121873933 -0.004400425161785188 0.003189084137770208 -0.015110614026540308 -0.00023329627397654628 0.0072701512025250114 0.034364520513523393 0.005730199005148871 0.0078157330859254925 -0.00034755910515892621 0.0067690907754568699 -0.00089777101207750805 0.011267394652733435 0.0036707160077491486 -0.008746946191502852 0.01912296702290139 -0.008606088307852219 0.0019303290459370475 0.0077304727841964677 -0.0021196708803273077 0.014955793236037681 0.0016097022493973304 -0.00029134531692673034 -0.0082582115710812618 -0.0028065342261931908 0.0046859282109844094 -0.0020280749546208905 0.012105624968164348 -0.0036633400966459883 -0.0041183823175741574 -0.00043159444973004605 0.00042039361735284091 -0.0073763561677153214 -0.0094860453237236349 0.0028524995602162034 -0.019638967936097342 -0.0049707478601322469 -0.0053726026324835089 -0.0017560338023686266 0.0041045225807514662 0.00075789953390209401 -0.0060148656434224051 -0.0014723390297276323 -0.01249366936121789 0.0011699184343758097 -0.0039229090747448974 0.0057749360069565929 -0.0013277752641913478 0.004813307893508945 -0.01537121379520835 -0.011587471634365085 -0.013346730121845601 -0.0099848325324007475 0.0051608215969205949 0.0047491827892856614 -0.0083844362237502357 0.0013017937216977949
leaf_weight=1534 113 110 58 971 92 672 3465 1713 1895 137 15.999999999999998 563 120 66 3443 628 125 316 95 1336 477 1021 1679 107 83 1493 291 1033 508 565 290 1047 165 90 450 426 35 126 1494 191 377 863 52 1821 5242 1936 1248 1374 6899 1517 1173 907 1716 1890 1135 654 56 230 223 836 4254 1676 299 2544 280 321 2080 2149 378 792 513 468 54 164 451 17 856 394 319 1128 344 126 1779 342 17 153 1974 225 218 78 2100 1096 156 5299 449 3670 146 814 590 79 638 162 306 370 53 187 1517 1275 522 5924 1510 213 183 232 1815 246 2424 46 127 152 31 140 57 1898 312 1337
leaf_count=1534 113 110 58 971 92 672 3465 1713 1895 137 16 563 120 66 3443 628 125 316 95 1336 477 1021 1679 107 83 1493 291 1033 508 565 290 1047 165 90 450 426 35 126 1494 191 377 863 52 1821 5242 1936 1248 1374 6899 1517 1173 907 1716 1890 1135 654 56 230 223 836 4254 1676 299 2544 280 321 2080 2149 378 792 513 468 54 164 451 17 856 394 319 1128 344 126 1779 342 17 153 1974 225 218 78 2100 1096 156 5299 449 3670 146 814 590 79 638 162 306 370 53 187 1517 1275 522 5924 1510 213 183 232 1815 246 2424 46 127 152 31 140 57 1898 312 1337
internal_value=7.02889e-06 -0.00160999 0.00212372 -0.00337246 0.00311024 -0.000728099 -0.00388829 -0.0012154 0.00297382 0.00137163 -0.00172853 0.00154335 0.00116762 -0.00338285 -0.00332053 -0.000217674 0.000570013 -0.00113125 -0.000249272 0.00228336 0.00184172 0.00297515 0.00196752 0.00149098 0.00157362 0.00250084 0.000256122 0.00350727 0.00276045 0.00364009 0.00336963 0.00514708 0.00231008 0.00928597 -0.0038315 -0.000913848 -0.00410842 -0.00367449 -0.00160464 0.001635 1.66287e-05 -0.00292024 -0.00236387 -0.00422969 0.00427771 0.00125174 0.00519109 -0.00198027 0.000290715 0.00184373 0.00253643 -0.00207553 0.00049384 -0.00620291 0.00223672 -0.000415486 0.000568267 0.000934276 0.012665 -0.00234273 -0.0015096 0.000104308 0.000101394 0.00161276 0.00241821 0.00218415 0.00164775 0.00297846 0.000424692 0.00445211 -0.00118302 -0.000265678 -0.00421614 0.00527381 0.00403434 0.00372021 0.00629625 0.00390065 0.00353752 0.00410372 0.00452538 0.00339801 0.00417584 -0.00378491 0.000118083 -0.00527217 -5.18406e-05 -0.00103654 0.00287481 0.00632038 0.000469534 0.000643585 -0.0012878 -0.00291322 0.00123842 -0.00186181 -0.00220479 -0.000581706 -0.00280002 0.00768766 -0.00186631 -0.00155956 -0.00595685 -0.00125978 -0.0049762 -0.00823347 -0.00517256 0.000202749 0.000510751 0.000263338 -0.00442898 -0.00363743 -0.0047171 -0.00411924 -0.00469 0.00240352 -0.000772682 -0.0060826 -0.00622338 -0.00753209 -0.000368938 -0.000627419 -0.0055819 0.00393796 0.000809944 -0.000528867
internal_weight=119657 67834 51823 22621 22415 45213 19441 32875 22100 29408 23211 27976 22163 15803 15737 3180 12338 15464 7998 14451 1614 5813 12646 10185 9149 5368 3781 5302 4191 4792 3683 1788 3250 203 12294 1067 11227 9302 1969 641 9664 7747 6214 7333 7649 3649 1331 1432 8992 3047 1464 7466 8615 1925 2882 973 863 1747 315 1566 4349 9517 4078 4037 6107 5827 4714 2256 2458 1113 2317 1804 890 641 1498 6115 873 4655 4261 3696 3377 2249 1905 6362 676 209 9088 3764 443 1111 3779 5324 1252 5351 4072 7150 6243 1677 4566 225 1452 3321 896 3159 365 240 1533 9397 8122 7600 4541 3031 2572 2389 2157 459 2794 3638 3592 278 659 1691 197 2461 3623 1649
internal_count=119657 67834 51823 22621 22415 45213 19441 32875 22100 29408 23211 27976 22163 15803 15737 3180 12338 15464 7998 14451 1614 5813 12646 10185 9149 5368 3781 5302 4191 4792 3683 1788 3250 203 12294 1067 11227 9302 1969 641 9664 7747 6214 7333 7649 3649 1331 1432 8992 3047 1464 7466 8615 1925 2882 973 863 1747 315 1566 4349 9517 4078 4037 6107 5827 4714 2256 2458 1113 2317 1804 890 641 1498 6115 873 4655 4261 3696 3377 2249 1905 6362 676 209 9088 3764 443 1111 3779 5324 1252 5351 4072 7150 6243 1677 4566 225 1452 3321 896 3159 365 240 1533 9397 8122 7600 4541 3031 2572 2389 2157 459 2794 3638 3592 278 659 1691 197 2461 3623 1649
is_linear=0
shrinkage=0.04


Tree=55
num_leaves=127
num_cat=0
split_feature=13 8 8 0 1 1 1 0 17 0 2 0 0 2 13 7 2 0 1 1 18 1 1 13 18 1 1 2 1 1 1 13 1 1 2 2 1 1 13 0 2 1 10 1 7 10 2 2 1 1 2 1 2 0 1 2 18 14 0 14 11 2 0 1 1 0 1 1 2 0 0 1 10 10 10 2 0 2 2 1 2 1 1 1 2 1 10 2 1 1 2 2 0 2 1 0 13 2 10 10 1 14 11 1 1 1 10 13 2 1 2 1 10 2 0 18 2 1 14 11 0 2 2 2 0 10
split_gain=213.89 45.3296 29.8673 20.0734 19.8595 19.5437 17.9727 21.8755 17.4832 17.3468 16.2365 23.7388 21.924 15.6703 15.3866 14.887 14.7027 13.2144 12.9874 12.2319 11.9508 10.3347 9.52704 8.84657 8.5315 8.15017 11.1398 10.5307 10.261 7.55302 13.8616 7.38614 8.80229 10.0211 7.05265 9.47555 6.90916 6.54247 6.60062 6.39646 6.38054 6.32953 6.36321 6.66533 6.15101 5.95313 5.48445 5.38077 5.78396 11.3019 7.88774 5.88339 5.29405 5.23913 5.21273 5.19546 5.19313 5.18355 5.10119 5.06978 5.05578 4.9022 4.89812 4.86374 14.4281 4.79291 10.7245 6.87056 5.5465 5.32111 4.9651 4.75784 4.73735 4.73735 4.52184 4.36934 4.31291 4.25261 6.55502 6.02418 6.04488 4.88518 9.10135 8.76615 5.98264 4.60727 4.31827 4.17466 4.88223 6.10773 4.85888 4.09395 10.5149 5.16562 7.09416 4.98725 4.39495 3.9977 3.96414 3.95719 3.92711 3.92677 4.12708 3.8637 5.46145 3.84755 3.77883 3.75054 3.74274 4.38221 3.73568 3.71843 3.65497 3.6524 3.63999 3.63622 3.92704 4.57638 3.62754 3.60045 3.59634 3.55018 5.14565 3.97244 3.70131 3.54206
threshold=0.8992500000000001 1.5000000000000002 1.5000000000000002 6.5000000000000009 15.500000000000002 75.500000000000014 205.50000000000003 27.500000000000004 1.0000000180025095e-35 16.500000000000004 1542.5000000000002 26.500000000000004 16.500000000000004 556.50000000000011 0.92645000000000011 1.5000000000000002 518.50000000000011 15.500000000000002 107.50000000000001 118.50000000000001 1.0000000180025095e-35 248.50000000000003 19.500000000000004 0.93145000000000011 1.0000000180025095e-35 118.50000000000001 116.50000000000001 491.50000000000006 115.50000000000001 52.500000000000007 62.500000000000007 0.9638500000000001 66.500000000000014 206.50000000000003 998.50000000000011 843.50000000000011 49.500000000000007 266.50000000000006 0.97555000000000014 27.500000000000004 145.50000000000003 246.50000000000003 100524.00000000001 225.50000000000003 3.5000000000000004 154526.50000000003 698.50000000000011 1824.5000000000002 234.50000000000003 75.500000000000014 1548.5000000000002 89.500000000000014 1115.5000000000002 6.5000000000000009 165.50000000000003 1665.5000000000002 1.0000000180025095e-35 0.7470500000000001 7.5000000000000009 0.68595000000000017 4986.6900000000014 111.50000000000001 12.500000000000002 40.500000000000007 103.50000000000001 25.500000000000004 137.50000000000003 62.500000000000007 1736.5000000000002 19.500000000000004 26.500000000000004 167.50000000000003 107287.50000000001 107287.50000000001 93690.500000000015 279.50000000000006 8.5000000000000018 1736.5000000000002 1580.5000000000002 150.50000000000003 1631.5000000000002 205.50000000000003 65.500000000000014 34.500000000000007 263.50000000000006 212.50000000000003 80484.000000000015 537.50000000000011 111.50000000000001 167.50000000000003 772.50000000000011 1141.5000000000002 19.500000000000004 1074.5000000000002 110.50000000000001 24.500000000000004 0.94915000000000016 947.50000000000011 168278.50000000003 113334.50000000001 197.50000000000003 0.91595000000000015 11584.430000000002 14.500000000000002 71.500000000000014 12.500000000000002 154526.50000000003 0.48385000000000006 1384.5000000000002 48.500000000000007 1708.5000000000002 217.50000000000003 150036.50000000003 1507.5000000000002 8.5000000000000018 1.0000000180025095e-35 1530.5000000000002 127.50000000000001 0.81415000000000015 12592.170000000002 25.500000000000004 850.50000000000011 970.50000000000011 1249.5000000000002 14.500000000000002 110495.50000000001
decision_type=2 2 2 2 2 2 2 2 2 2 2 2 2 2 2 2 2 2 2 2 2 2 2 2 2 2 2 2 2 2 2 2 2 2 2 2 2 2 2 2 2 2 2 2 2 2 2 2 2 2 2 2 2 2 2 2 2 2 2 2 2 2 2 2 2 2 2 2 2 2 2 2 2 2 2 2 2 2 2 2 2 2 2 2 2 2 2 2 2 2 2 2 2 2 2 2 2 2 2 2 2 2 2 2 2 2 2 2 2 2 2 2 2 2 2 2 2 2 2 2 2 2 2 2 2 2
left_child=1 15 8 63 56 29 7 10 17 46 11 18 125 106 44 40 45 31 24 -14 -15 41 105 -19 -7 26 28 58 -20 36 39 32 61 54 35 73 -6 38 77 -31 -1 42 43 120 -4 -9 -8 48 49 60 76 -51 -29 -46 -34 -48 -5 -36 -27 -28 -42 -2 -10 74 -65 66 67 69 -68 -25 -67 -21 -44 107 -3 -32 -50 78 81 -80 -81 82 83 -24 -84 -83 -79 100 -89 -90 -91 93 -93 94 -86 -94 -96 -74 -75 -99 -72 -69 -103 -55 113 -16 -13 -17 -63 -110 -107 -53 -38 -105 -40 -18 -117 -118 -23 -52 -11 -87 124 -124 -123 -12
right_child=2 3 14 4 5 6 9 16 62 21 12 13 19 20 22 34 115 23 25 71 -22 118 37 65 -26 27 59 52 -30 30 75 -33 33 -35 57 -37 112 -39 114 -41 47 -43 72 -45 53 -47 55 -49 50 51 119 111 -54 103 -56 -57 -58 -59 -60 -61 -62 108 -64 64 -66 70 68 101 -70 -71 87 -73 97 98 -76 -77 -78 86 79 80 -82 85 84 -85 91 121 -88 88 89 90 -92 92 95 -95 96 -97 -98 99 -100 -101 -102 102 -104 104 -106 110 -108 -109 109 -111 -112 -113 -114 -115 -116 116 117 -119 -120 -121 -122 122 123 -125 -126 -127
leaf_value=-0.0034448866463410895 0.0015332984767785695 -0.0064373152622492838 0.0016179029468279791 -0.0029336337617918095 -0.0012510032019070543 -0.0035036471864944574 -0.0014204362567116166 0.013937844031570251 0.0082857380044502622 0.00013869938761470167 -0.0049838716571848326 -0.0036811931984753687 0.0042188430285700256 -0.0065389947637637122 0.0094720209662507212 -0.010000226031799181 0.0022850431984201007 0.00048364441675161714 -0.0014728246339258812 -0.0056695177478422853 -0.016229579759009998 -0.0067511795068312735 -0.00054397200536384954 0.00050663851738049165 -0.0076723898428925786 -0.013292695636798508 -0.0056623434303164138 -0.0077268843018195544 -0.0055974218744748519 0.0047480192496306443 -0.0045525114801130669 0.005895086718859124 0.0010913420992698709 0.0038308090470244721 -0.0039833518654431369 0.0089872649317263784 -0.0097832279240372636 0.0076425789942863292 -0.0093081385995686244 -0.0016852327514389263 -0.0051377286148321212 0.0037295836873279752 -0.007790778331353442 -0.0043720479751738562 -0.0070114896379923656 0.0036023498835113161 0.0019951988871213071 -0.003333254898239893 -0.012178111952741653 0.030262086909750231 0.0067773421121588842 0.0051505984166575567 -0.0037931135004260325 -0.0062819469194758471 -0.0047169175411804643 -0.017033438109732294 -0.0071016650045251017 -0.00086658172127418789 -0.0011668810655260928 0.0012979301291278992 0.002122996282453775 0.0077828227504665665 0.018342484428821061 0.0059854960345067333 -0.0068438792016254643 0.0073324747529722239 -0.00070464383704031068 -1.2403574680561801e-05 0.003313905308912137 0.0075179786857534486 -0.0020493562728438057 -0.00024648317025933563 0.00067792609561415171 -0.0033633842488435669 -0.014153229036581512 -0.00030867414404878114 -0.001516697911034412 0.0025573116379513745 0.0052159229704572619 -0.0055252395525978238 -0.00024797698945407365 0.0043372529228461179 0.0096433080397128577 0.0042576507999962585 -0.0035654969751335152 -6.9449373066744874e-05 0.010164335010815964 -0.0017496953816489077 0.011046651387454214 0.0066890763000218281 0.0026042906640658652 -0.0012313391946066812 0.0086117781307984594 -0.0051899596700264563 -0.0023156011479861733 0.0021319152262640009 0.0025468088305561623 0.0019828287489970006 0.014652091163900954 -0.0042571607528387196 0.018181449937524262 0.0059198268196168705 0.012574259546446472 0.00246604076893274 -0.0010101631165400568 -0.0040719968825424771 0.008082632849387655 0.0011353883886975214 -0.0073799203565258712 0.0048922549267316744 0.0009649903103075997 0.011090729547523458 0.0010084090548347557 -0.00062060528649658003 0.0040244947868715037 -0.0025273875363484065 2.6250962883259915e-05 0.015612227748490306 -0.0030966762483182935 0.00019238600312551082 0.011936753213321548 0.0035977006195798164 -4.9511264064475866e-05 0.0032858667075612536 0.012607049529262518 -0.010928121441075292
leaf_weight=302 424 282 2441 710 6203 1343 1144 148 227 2350 406 185 980 337 45 49 435 4567 2237 349 522 914 893 897 1909 58 187 1370 1702 1343 425 2188 1994 3259 1015 213 235 306 33 302 174 348 333 598 202 228 2907 234 69 15.999999999999998 306 1372 921 181 282 23 1492 5417 1294 1585 1280 1094 120 162 1028 525 2229 129 729 215 321 1008 452 627 218 4508 514 2834 222 491 1192 1514 98 1899 808 1203 125 248 189 615 1952 1322 303 468 420 516 1014 182 20 1460 15.999999999999998 660 195 1485 6277 726 57 3090 50 620 347 194 63 1042 2156 1392 115 41 840 237 42 172 967 1388 129 270
leaf_count=302 424 282 2441 710 6203 1343 1144 148 227 2350 406 185 980 337 45 49 435 4567 2237 349 522 914 893 897 1909 58 187 1370 1702 1343 425 2188 1994 3259 1015 213 235 306 33 302 174 348 333 598 202 228 2907 234 69 16 306 1372 921 181 282 23 1492 5417 1294 1585 1280 1094 120 162 1028 525 2229 129 729 215 321 1008 452 627 218 4508 514 2834 222 491 1192 1514 98 1899 808 1203 125 248 189 615 1952 1322 303 468 420 516 1014 182 20 1460 16 660 195 1485 6277 726 57 3090 50 620 347 194 63 1042 2156 1392 115 41 840 237 42 172 967 1388 129 270
internal_value=6.21509e-06 -0.00160425 0.00178095 -0.00220998 -0.00205239 -0.00186569 -0.00241779 -0.00317268 0.00286438 -0.00117507 -0.00368146 -0.00426595 -0.00102103 -0.00990067 0.00100638 0.000303008 0.000431699 0.00273195 -0.00377343 0.000812622 -0.0124337 -0.00231415 0.00163816 0.00191645 -0.00595219 -0.00301548 -0.00207111 -0.00449475 -0.00325613 -0.000570632 0.00038448 0.00384125 0.0032588 0.00240837 -0.000538763 0.000779667 -0.00153766 0.00183462 0.00174625 0.0035645 0.00217282 -0.00149513 -0.00183158 -0.000594772 -0.000166367 0.00768384 0.000926253 0.00255973 0.00289209 0.00380035 0.000439497 0.00614061 -0.00614746 -0.000640898 0.000369757 0.00184389 -0.00575976 -0.0013591 -0.00169097 0.000560874 0.00125106 0.00540808 0.0117794 -0.00649236 -0.00509364 0.00264957 0.001837 0.00402602 0.000284455 0.0018664 0.00371073 -0.00164447 -0.00335356 0.000316627 -0.00981161 -0.000675195 -0.00278724 0.00149336 0.00121982 -0.000971394 -0.00179018 0.00153843 0.000894406 0.00272049 -0.000135014 0.00246551 0.00288035 0.00314022 0.0036141 0.00409826 0.0035847 -0.000333575 0.000972658 -0.00136702 -0.000567032 0.00453487 0.00111982 -0.00264568 -0.00279813 -0.003563 -0.00107187 0.00646206 0.00744348 -0.000497153 -0.0003777 -0.00195559 -0.000891659 0.000959973 0.00633702 0.00396949 -0.00243941 0.00588969 -0.00748878 0.00119172 0.00382126 -0.000941692 -0.0018511 0.00415557 -0.00500357 0.00391117 0.000348018 0.00173004 0.00254658 0.00191467 0.00747504 -0.00736524
internal_weight=119736 62772 56964 47643 45953 43751 30672 19079 23745 11593 16720 13707 3013 1101 33219 15129 2359 23398 12606 2337 859 7519 21591 13487 3252 9354 5711 3643 3939 13079 6578 9911 7723 5535 10431 3999 6501 20473 20167 1645 4698 5765 5417 2990 11628 376 4074 4396 4162 3036 1126 1582 2291 9187 2276 2930 2202 6432 1352 1772 1454 2188 347 1690 1190 8920 5054 2096 2958 1112 3866 1357 2427 3786 500 4933 583 17978 15019 1905 1683 13114 7741 2792 4949 5373 2959 3341 3004 2756 2567 4851 2141 2710 2242 819 1434 2094 647 1642 337 984 855 8985 8804 1118 242 3139 1764 670 1073 1566 298 2527 2189 1983 1548 156 1754 543 2392 3859 2656 2355 301 676
internal_count=119736 62772 56964 47643 45953 43751 30672 19079 23745 11593 16720 13707 3013 1101 33219 15129 2359 23398 12606 2337 859 7519 21591 13487 3252 9354 5711 3643 3939 13079 6578 9911 7723 5535 10431 3999 6501 20473 20167 1645 4698 5765 5417 2990 11628 376 4074 4396 4162 3036 1126 1582 2291 9187 2276 2930 2202 6432 1352 1772 1454 2188 347 1690 1190 8920 5054 2096 2958 1112 3866 1357 2427 3786 500 4933 583 17978 15019 1905 1683 13114 7741 2792 4949 5373 2959 3341 3004 2756 2567 4851 2141 2710 2242 819 1434 2094 647 1642 337 984 855 8985 8804 1118 242 3139 1764 670 1073 1566 298 2527 2189 1983 1548 156 1754 543 2392 3859 2656 2355 301 676
is_linear=0
shrinkage=0.04


Tree=56
num_leaves=127
num_cat=0
split_feature=14 8 14 8 7 1 1 1 0 7 17 0 0 1 0 0 4 0 1 4 1 12 4 2 2 1 2 7 0 0 4 0 1 2 1 2 0 1 1 1 1 18 14 1 2 0 0 2 2 0 1 2 14 0 2 2 0 2 10 1 10 1 10 2 1 0 1 1 2 1 0 2 0 1 1 2 2 2 10 0 1 1 1 14 2 0 10 1 1 2 14 0 10 6 0 1 1 2 2 0 18 0 1 1 2 10 10 0 1 10 1 2 4 4 2 1 1 10 2 1 1 1 0 14 0 2
split_gain=191.697 50.4002 27.662 20.3913 16.0057 13.3006 13.1619 18.325 15.4918 12.8663 12.4916 11.0132 17.9058 13.766 11.353 10.5828 10.4769 9.79834 10.3161 8.97135 8.14578 8.09839 7.49998 7.47286 16.8579 9.62428 7.31537 7.2085 7.04552 8.14522 7.69681 6.71408 8.79647 8.47178 6.69961 6.66324 6.34436 6.3114 11.6414 7.27484 8.08268 6.19996 6.1548 6.15072 6.02887 6.4546 5.96026 5.9111 5.78583 5.73027 5.65199 6.50357 5.59039 5.50366 5.33023 5.31099 5.28289 5.26575 5.43351 5.70372 9.41156 5.57011 6.32261 5.23538 5.13672 5.44809 4.99783 6.47781 4.98135 6.11932 4.9389 4.85498 4.84392 5.14024 4.85551 4.70491 4.65416 4.7785 4.62299 4.57505 7.94661 4.86104 8.97053 4.55502 4.53586 5.35563 4.43855 4.38987 5.29652 4.39213 4.27918 4.59108 4.18129 4.17672 4.1705 4.3881 4.27293 4.13662 4.1158 5.94954 4.10677 4.05165 4.02824 4.01218 3.9335 3.88975 3.87334 3.85406 3.84354 5.31707 3.84336 3.93101 3.8354 4.02765 3.95178 5.85321 3.79536 3.78792 3.76026 3.75658 3.71966 4.86786 4.47825 3.69178 3.71568 3.68255
threshold=0.88125000000000009 1.5000000000000002 0.81815000000000015 1.5000000000000002 1.5000000000000002 15.500000000000002 29.500000000000004 84.500000000000014 7.5000000000000009 3.5000000000000004 1.0000000180025095e-35 27.500000000000004 28.500000000000004 204.50000000000003 16.500000000000004 15.500000000000002 13.500000000000002 5.5000000000000009 19.500000000000004 29.500000000000004 248.50000000000003 1.5000000000000002 13.500000000000002 443.50000000000006 980.50000000000011 107.50000000000001 1429.5000000000002 3.5000000000000004 5.5000000000000009 23.500000000000004 13.500000000000002 25.500000000000004 143.50000000000003 1724.5000000000002 47.500000000000007 1646.5000000000002 19.500000000000004 66.500000000000014 208.50000000000003 38.500000000000007 16.500000000000004 1.0000000180025095e-35 0.67015000000000013 115.50000000000001 1285.5000000000002 6.5000000000000009 27.500000000000004 439.50000000000006 1665.5000000000002 26.500000000000004 137.50000000000003 1669.5000000000002 0.93765000000000009 26.500000000000004 817.50000000000011 1610.5000000000002 27.500000000000004 111.50000000000001 105715.00000000001 42.500000000000007 85515.000000000015 234.50000000000003 110495.50000000001 1824.5000000000002 52.500000000000007 8.5000000000000018 137.50000000000003 178.50000000000003 1440.5000000000002 77.500000000000014 15.500000000000002 382.50000000000006 27.500000000000004 225.50000000000003 129.50000000000003 537.50000000000011 850.50000000000011 1400.5000000000002 63341.500000000007 25.500000000000004 239.50000000000003 66.500000000000014 208.50000000000003 0.86145000000000016 902.50000000000011 26.500000000000004 26667.000000000004 65.500000000000014 206.50000000000003 1729.5000000000002 0.8559500000000001 26.500000000000004 52971.500000000007 1.0000000180025095e-35 10.500000000000002 75.500000000000014 56.500000000000007 1900.5000000000002 1736.5000000000002 23.500000000000004 1.0000000180025095e-35 8.5000000000000018 212.50000000000003 186.50000000000003 1646.5000000000002 13110.500000000002 206337.00000000003 19.500000000000004 87.500000000000014 113334.50000000001 192.50000000000003 1810.5000000000002 13.500000000000002 16.500000000000004 1598.5000000000002 116.50000000000001 165.50000000000003 34503.500000000007 715.50000000000011 222.50000000000003 245.50000000000003 262.50000000000006 27.500000000000004 0.75335000000000008 14.500000000000002 1614.5000000000002
decision_type=2 2 2 2 2 2 2 2 2 2 2 2 2 2 2 2 2 2 2 2 2 2 2 2 2 2 2 2 2 2 2 2 2 2 2 2 2 2 2 2 2 2 2 2 2 2 2 2 2 2 2 2 2 2 2 2 2 2 2 2 2 2 2 2 2 2 2 2 2 2 2 2 2 2 2 2 2 2 2 2 2 2 2 2 2 2 2 2 2 2 2 2 2 2 2 2 2 2 2 2 2 2 2 2 2 2 2 2 2 2 2 2 2 2 2 2 2 2 2 2 2 2 2 2 2 2
left_child=1 4 6 10 57 70 17 16 41 55 15 13 -13 23 22 35 -8 -3 -19 27 -16 28 -15 25 49 -10 42 64 -11 30 100 32 34 -34 36 37 -17 39 116 40 -2 -9 -6 107 45 -18 50 -47 -24 -25 -31 90 -29 -33 -40 -4 123 -1 59 60 -59 62 71 110 -7 -66 84 -68 -46 106 -5 -60 73 75 -74 -55 -56 -78 -57 81 -81 117 -83 86 85 -67 -32 -54 89 103 91 -52 -36 101 95 96 -49 -35 99 112 -30 -61 -90 -89 -63 -12 -70 -26 -43 -110 111 -64 -45 114 115 -114 -39 -44 -76 -120 122 -122 -104 -28 -125 -126
right_child=3 2 9 5 26 19 7 8 11 21 105 12 -14 14 20 31 44 18 -20 -21 -22 -23 48 24 43 -27 56 52 29 46 83 53 33 97 92 -37 -38 38 54 -41 -42 108 79 98 68 47 -48 94 -50 -51 51 -53 87 72 76 78 -58 58 61 93 -62 104 63 -65 65 66 67 -69 69 -71 -72 -73 74 -75 118 -77 77 -79 -80 80 -82 82 -84 -85 -86 -87 -88 88 102 -91 -92 -93 -94 -95 -96 -97 -98 -99 -100 -101 -102 -103 120 -105 -106 -107 -108 -109 109 -111 -112 -113 113 -115 -116 -117 -118 -119 119 -121 121 -123 -124 124 125 -127
leaf_value=-0.0048366131508271312 0.0087877597696184653 -0.012103350999064176 -9.185546313735694e-06 0.010717973329353861 -0.0063475153545318472 -5.6397046349042228e-05 -0.0089312687752290173 -0.0029398892728191108 -0.0097748761044461757 -0.00602205413480047 0.023888543623465076 0.0072506441174011232 -0.0019207006409097561 -0.010483645693307815 -0.0021597447543408701 -8.4876808181299219e-05 0.0078653608828552022 -0.0058141596962609744 0.0014618698026013243 -0.0080712035007287075 -0.0063177640852023096 0.0020899168839737547 0.00078606536091090583 -0.007139718537277533 -0.0021027562335266545 -0.00095085413544650839 -0.0042197710204776272 0.00070059971079213478 0.00030675140676576145 0.00092262325392887469 -0.014201017873331454 0.0071288304639461801 -0.0016129023810372727 0.0058099992584850759 0.0049443438424240475 0.0085430655105431293 0.0072173992844029181 0.0013738136466670138 0.0063960317902015812 0.0070215058643084182 -0.0036206005473327558 -0.0035320419796485824 0.0085794201370214835 -0.016699960909763757 0.00481743766487947 -0.00027305301349593667 -0.00048402896862195246 -0.0056995209117818545 -0.020751935142782792 -0.012757085872220231 -0.0064911848583156864 -0.0016577359797880654 0.0039542175643908972 -0.00171089013915017 -0.00054434019547091944 0.008094796028544184 0.0078957900552218147 -0.0037914811199990317 0.00034509726608371668 0.015102809129782376 0.0077557058636800571 -0.0038584610154626326 0.0022971030933376453 -0.0047787777260617096 -0.003748791390740816 -0.0016133661428394839 -0.0015143107578340154 0.0040145752042859695 -0.00072037551901389457 0.0037471995674197901 -0.0043830131488909628 -0.011702089424400468 -0.0029179781772595299 -0.0016490022904819765 0.024164818893552452 0.0034221703373958595 0.0055472562754040802 0.0012118013672203901 0.0018163483360869185 0.0056760719749294631 -0.0013274830165544555 -0.0018273997416637289 0.0025248535140659201 0.00017586706656761038 0.0079460853096129901 0.01082823818914312 -0.0013239578026487853 0.00024735565868565674 0.0059803434466167886 0.0035671745229100371 -0.0049964727090814707 -0.014318387452321333 0.00086732735099022515 0.0077710169684329054 -0.00092251921162572531 -0.0078590857028460522 -0.00044046488882453736 0.00058549651837675517 -0.0006086853338918562 -0.0079227058733913995 -0.0069163591994116915 0.0033291146220611918 0.00051641556293255777 -0.0061710949848631097 0.0025570132960211545 0.0095294526410134583 -0.014148907225016516 0.004473426412496968 -0.0065763742679938331 -0.011834887195036999 0.008034924451223462 0.012731206725349987 -0.005465919340094637 -0.013136922808074408 -0.0075707294253876817 -0.0006960314188165053 -0.004175685648597373 0.0013148813389880271 0.014858430914067352 0.0051314138264148225 0.0089021787105624441 0.0016022226417931667 0.0068675055239034982 0.0014711974804362644 -0.0030303546998046013 -0.00046473702731258753
leaf_weight=162 129 316 4474 36 203 709 248 691 226 566 35 435 1568 101 3375 1647 116 1801 376 158 973 988 2594 1008 745 1592 743 13671 164 272 43 527 2240 425 1739 471 215 2223 1397 1426 240 329 121 37 437 2359 834 482 20 413 299 576 1538 327 420 219 95 362 152 48 164 497 1138 122 150 195 419 1755 1755 578 793 82 97 507 19 2208 1233 611 1335 698 411 2718 1050 4446 752 77 9060 2767 534 630 845 204 527 476 857 427 511 569 380 829 528 2023 1602 165 220 244 35 176 913 470 282 61 689 70 304 1028 216 2324 71 649 266 328 200 713 1712 1885
leaf_count=162 129 316 4474 36 203 709 248 691 226 566 35 435 1568 101 3375 1647 116 1801 376 158 973 988 2594 1008 745 1592 743 13671 164 272 43 527 2240 425 1739 471 215 2223 1397 1426 240 329 121 37 437 2359 834 482 20 413 299 576 1538 327 420 219 95 362 152 48 164 497 1138 122 150 195 419 1755 1755 578 793 82 97 507 19 2208 1233 611 1335 698 411 2718 1050 4446 752 77 9060 2767 534 630 845 204 527 476 857 427 511 569 380 829 528 2023 1602 165 220 244 35 176 913 470 282 61 689 70 304 1028 216 2324 71 649 266 328 200 713 1712 1885
internal_value=5.96637e-06 -0.0012841 -0.00189978 0.00199158 0.000520402 0.00126465 -0.00273325 -0.00247409 -0.00314552 -0.000918203 0.00294384 -0.00270961 6.93448e-05 -0.00309218 -0.00182399 0.00282705 -0.000842014 -0.0055144 -0.00455564 0.0014243 -0.00309127 -0.00143328 0.000204089 -0.00428638 -0.0050014 -0.00205047 -0.000275333 0.00148273 -0.00162867 -0.00148442 -0.00108331 0.00205303 0.00131301 -0.00024799 0.00253689 0.00391521 0.000756491 0.00363851 0.00302353 0.0057259 0.00070765 -0.00614815 0.00051916 -0.00374062 -0.000575903 -0.00144424 -0.00336825 -0.00167821 0.000618958 -0.00877595 -0.00446172 -0.00522501 0.00119309 0.00328885 0.00445005 0.000689683 -0.00143743 0.00226305 0.00246824 0.00360196 -0.000182825 0.00110249 0.00227049 0.00316847 0.00303098 0.00368597 0.00403604 0.00294712 0.000893729 0.000167771 -0.0037212 -0.00386268 0.00276581 0.0020225 0.00546519 0.00275842 0.00324728 0.00411304 0.00270419 0.000710167 0.00307703 0.000287003 -0.000613494 -0.000872776 0.00634346 0.00189669 -0.00138538 0.00203104 0.00157476 0.000537123 -0.0067461 -0.0096758 0.003998 0.00438513 -0.00313213 -0.0044627 -0.00299754 0.0028237 -0.00453956 -0.00504332 -0.00519895 0.00360464 0.00283478 -0.00011268 -0.00188432 0.011353 -0.000985955 -0.000841378 -0.00744049 -0.00836705 0.00382612 0.0028323 -0.0039194 -0.00369055 -0.00336075 -0.00261263 0.000880554 0.00167637 0.00657121 0.00609809 0.00213184 0.00487891 0.00122387 -0.00161385 -0.0011636 -0.00168701
internal_weight=119736 72579 54117 47157 18462 26745 29264 26771 18966 24853 20412 16563 2003 14560 7063 20133 7805 2493 2177 25916 4348 18825 2715 7497 5679 1818 12673 25758 17837 17271 14241 11767 7362 3234 4128 8366 1862 7895 6100 1795 369 2403 7525 4258 7557 4752 3030 4636 2614 1421 2196 1924 21701 4405 3661 6028 5148 5789 5627 3073 526 2554 1837 1603 4057 3348 3198 2174 2805 2368 829 234 3878 3042 836 2535 2264 1844 1554 7322 1109 6213 3768 13549 1024 272 9103 8030 6492 3562 1348 503 2266 2547 2277 1420 993 994 3337 2957 692 2071 2930 2932 717 279 1790 921 1712 1383 1481 1199 2128 2091 2021 1717 2439 2445 739 720 2396 594 1802 5053 4310 3597
internal_count=119736 72579 54117 47157 18462 26745 29264 26771 18966 24853 20412 16563 2003 14560 7063 20133 7805 2493 2177 25916 4348 18825 2715 7497 5679 1818 12673 25758 17837 17271 14241 11767 7362 3234 4128 8366 1862 7895 6100 1795 369 2403 7525 4258 7557 4752 3030 4636 2614 1421 2196 1924 21701 4405 3661 6028 5148 5789 5627 3073 526 2554 1837 1603 4057 3348 3198 2174 2805 2368 829 234 3878 3042 836 2535 2264 1844 1554 7322 1109 6213 3768 13549 1024 272 9103 8030 6492 3562 1348 503 2266 2547 2277 1420 993 994 3337 2957 692 2071 2930 2932 717 279 1790 921 1712 1383 1481 1199 2128 2091 2021 1717 2439 2445 739 720 2396 594 1802 5053 4310 3597
is_linear=0
shrinkage=0.04


Tree=57
num_leaves=127
num_cat=0
split_feature=13 8 8 14 17 4 13 4 7 13 13 13 2 13 18 2 2 10 4 10 4 13 10 2 4 13 2 18 2 7 18 7 4 7 2 10 10 10 10 14 17 14 4 4 2 2 2 2 2 2 4 7 2 10 2 2 10 4 2 2 4 11 2 2 2 2 2 7 2 10 13 2 4 7 2 2 2 11 2 14 10 2 13 11 4 11 2 4 14 14 11 11 2 2 11 14 11 14 11 11 2 2 11 2 2 2 2 2 2 14 13 14 18 2 2 2 2 11 10 2 2 7 11 2 11 11
split_gain=182.037 38.5668 25.2947 18.1503 14.9579 14.5574 13.1666 13.113 12.7549 11.1729 11.0225 11.2841 7.85259 7.66618 7.22478 7.08605 11.6265 8.92374 7.81793 7.12875 6.91365 6.71432 6.69937 6.14016 6.53331 6.34805 6.13393 5.74265 5.55771 5.4952 5.43288 5.38008 5.19202 5.15282 4.96757 4.9131 8.93548 6.02316 4.94414 4.78971 5.00143 4.70588 4.68924 4.24104 4.19091 8.82787 4.99882 7.67813 4.3365 5.23688 4.09585 4.04766 4.19221 4.00483 3.96133 5.32528 3.92672 3.89708 3.78151 6.17029 3.77563 3.76226 3.72001 3.69107 12.5115 3.68783 3.5799 3.55453 3.53552 3.4901 3.47465 3.41019 3.40699 3.37725 3.3388 3.28337 14.3903 4.90457 3.26201 3.25974 3.18269 3.13429 3.12822 3.12472 3.63251 3.12327 6.13763 3.21756 3.08274 3.08272 3.0273 3.69118 3.78464 3.01939 4.65781 2.93332 2.90933 2.85623 2.85201 2.84629 3.14757 2.84521 2.82068 2.87345 4.49554 6.47845 3.69548 2.77302 3.16414 2.76858 3.09985 3.27724 3.03087 2.74117 4.73395 3.57732 5.79836 3.08562 2.76269 2.73407 3.74646 2.69443 2.69218 2.6866 2.67587 4.50397
threshold=0.8992500000000001 1.5000000000000002 1.5000000000000002 0.75555000000000005 1.0000000180025095e-35 13.500000000000002 0.92645000000000011 14.500000000000002 1.5000000000000002 0.95295000000000007 0.77740000000000009 0.85585000000000011 1614.5000000000002 0.46965000000000007 1.0000000180025095e-35 274.50000000000006 183.50000000000003 76130.000000000015 14.500000000000002 122007.50000000001 25.500000000000004 0.97215000000000007 129255.00000000001 1429.5000000000002 15.500000000000002 0.85675000000000012 1195.5000000000002 1.0000000180025095e-35 145.50000000000003 3.5000000000000004 1.0000000180025095e-35 3.5000000000000004 13.500000000000002 3.5000000000000004 1035.5000000000002 105715.00000000001 84545.000000000015 127971.00000000001 86470.500000000015 0.67015000000000013 1.0000000180025095e-35 0.80785000000000007 18.500000000000004 29.500000000000004 1756.5000000000002 1493.5000000000002 1315.5000000000002 1366.5000000000002 1287.5000000000002 1205.5000000000002 18.500000000000004 3.5000000000000004 1654.5000000000002 127037.50000000001 1315.5000000000002 940.50000000000011 80484.000000000015 7.5000000000000009 439.50000000000006 1154.5000000000002 17.500000000000004 6304.0400000000009 1614.5000000000002 1489.5000000000002 1530.5000000000002 279.50000000000006 1440.5000000000002 3.5000000000000004 518.50000000000011 13110.500000000002 0.72660000000000013 1578.5000000000002 13.500000000000002 3.5000000000000004 947.50000000000011 970.50000000000011 856.50000000000011 971.61000000000013 412.50000000000006 0.74475000000000013 27516.000000000004 1011.5000000000001 0.94915000000000016 8151.0950000000003 1.5000000000000002 13721.190000000001 692.50000000000011 13.500000000000002 0.75335000000000008 0.82555000000000012 5409.045000000001 9204.6450000000023 305.50000000000006 970.50000000000011 7138.6200000000008 0.97015000000000007 1401.0000000000002 0.84575000000000011 8514.1500000000015 8414.6900000000005 1900.5000000000002 73.500000000000014 29247.085000000003 335.50000000000006 263.50000000000006 106.50000000000001 473.50000000000006 706.50000000000011 772.50000000000011 0.85975000000000013 0.87275000000000014 0.87215000000000009 1.0000000180025095e-35 674.50000000000011 648.50000000000011 728.50000000000011 751.50000000000011 8790.5000000000018 81704.000000000015 902.50000000000011 913.50000000000011 2.5000000000000004 7057.6250000000009 971.50000000000011 23643.085000000003 17687.510000000006
decision_type=2 2 2 2 2 2 2 2 2 2 2 2 2 2 2 2 2 2 2 2 2 2 2 2 2 2 2 2 2 2 2 2 2 2 2 2 2 2 2 2 2 2 2 2 2 2 2 2 2 2 2 2 2 2 2 2 2 2 2 2 2 2 2 2 2 2 2 2 2 2 2 2 2 2 2 2 2 2 2 2 2 2 2 2 2 2 2 2 2 2 2 2 2 2 2 2 2 2 2 2 2 2 2 2 2 2 2 2 2 2 2 2 2 2 2 2 2 2 2 2 2 2 2 2 2 2
left_child=1 8 4 13 9 30 31 10 28 27 41 33 58 -3 -9 16 22 -18 26 -19 42 43 -15 24 39 -26 74 -2 -1 65 -5 60 -33 90 119 36 50 85 -38 -10 53 123 -16 44 45 46 48 -48 49 75 -30 52 57 89 55 -39 -46 -28 -13 68 -4 -40 98 73 -65 -11 -25 -14 -60 -6 -53 -66 -24 -61 113 76 102 -78 -23 -72 -35 -77 -49 84 -32 86 87 -37 -68 -41 -12 92 -92 94 -76 99 -80 -73 -59 -31 -101 -74 103 104 105 -8 -105 -108 -109 -70 -111 -112 -113 114 -17 -115 -117 118 -118 -29 -121 -67 -89 -7 125 -56
right_child=2 3 6 5 69 7 21 14 23 29 11 12 67 15 20 18 17 19 -20 -21 -22 78 72 66 25 -27 51 34 35 95 83 32 -34 80 -36 37 38 54 61 40 -42 -43 -44 -45 56 -47 47 82 -50 -51 -52 70 -54 -55 124 -57 -58 62 59 63 -62 -63 -64 64 71 121 88 -69 109 -71 79 97 101 -75 93 81 77 -79 96 -81 -82 -83 -84 -85 -86 -87 -88 122 -90 -91 91 -93 -94 -95 -96 -97 -98 -99 -100 100 -102 -103 -104 106 -106 -107 107 108 -110 110 111 112 -114 115 -116 116 117 -119 -120 120 -122 -123 -124 -125 -126 -127
leaf_value=-0.0032326546623854002 0.0029389844045812803 -0.0069114836264921042 0.0019735753462442065 -0.00030015252944236271 0.022935724625220661 0.0011269517469135631 -0.0013452411811334898 -0.00051925896267381543 -0.0057035113342902496 0.020001126587186075 0.0038264399559568714 -0.00025409137405353491 0.0024570288834661735 -0.0010460135789647673 -0.0078488911990316802 -0.0034877303842261228 -0.015789219424172232 0.012309859729269124 -0.0085196423559253717 0.0022635849940161228 -0.014491946041625094 0.0075014008206508035 -0.020075525723852912 -0.010495382965685756 -0.010145780745869484 0.0062843836023783982 -0.0092529667122256323 0.0021150382969300362 0.0019197896835486761 0.0019741266662179138 -0.0052707890514851344 -0.0067121317934627526 -0.00045007355341178932 -0.016054870474023902 0.00059620680324445246 -0.01167453764284964 0.01892129276497696 0.0038534823455419628 0.019276631725168674 0.0001339751690180151 0.0074005748009291295 0.0025081733778989836 -0.0027250681514800887 -0.0085734019997116516 0.0023909136220003741 -0.00070765587676630676 0.0081523496893083792 0.00061220747816572579 -0.0019846366017330494 0.0046720150754095162 -0.0070272230680542766 -0.0026357943453240024 -0.0037315301872296613 -0.0033796253652491983 0.0019222041610797644 0.016526249924132829 0.0096587474342825705 0.0029462428131961059 -0.0087041945877669342 0.001676537994437558 -0.0038769804368361882 0.0053034955875536282 0.0035554369746672726 -0.0078475976296610676 0.0018989802125377959 0.0050249722368700791 -0.0038720010727149364 -0.00044891271848948073 -0.0030934702834675 0.0095149018745767939 -0.008649203745290681 -0.0028157360745675918 -0.01201344764815657 -0.00088063125130630486 -0.0050721632105030258 -0.0040731172137147224 -0.0093067198376638599 0.0076884998376781427 -0.0033155570719730948 -0.0010165792945142247 -0.0037421813264473282 0.00045274688145084159 0.0044856567489265425 -0.0036935581563866159 -0.011101251192959623 0.0034324329729898289 -0.0059828588007363728 -0.012764319936642472 -0.0010098264905241431 0.002187237824471664 0.002577325970090822 -0.00017908007054140391 -0.0041781745258981816 -0.0052369307819740132 -0.022434677845364105 0.0044759265714747086 0.0031756801430706232 0.00016055046068832042 -0.0016696830325035796 0.0040906675639599318 -0.0022140992303245235 -0.0038409646694360501 -0.0049881339831447337 0.0034559928416105423 -0.0027037865045132121 0.0093041239045737641 -0.00069155190683815404 0.0047979764080888108 0.00090038584681620068 -0.015622919355582328 0.0010583025791045012 -0.00014407184213025527 -0.0076903415981663973 0.00084315572348561284 -0.0079014832032156205 -0.0097932056722535091 -0.00077322360251794479 0.00061826568257309061 -0.0063569012564206866 0.019109119740329753 0.0045628605823420142 0.011369329659894399 0.0025893292893071941 -0.0011212746560937698 0.0075757300266904339 -0.0064954451106283831
leaf_weight=302 4684 847 2250 239 35 1424 240 486 188 29 158 3917 1343 1005 556 2042 34 162 452 378 145 272 31 72 169 48 70 2494 991 3470 312 217 8970 34 6383 30 48 647 32 3298 177 1425 595 70 2606 3620 428 908 642 728 89 2837 660 382 319 58 125 270 156 1186 191 981 438 486 561 1303 727 1347 3720 312 314 1265 96 2723 60 270 28 684 115 127 3879 2615 530 316 389 187 384 19 3553 1817 150 1090 1103 1354 43 2050 2455 867 1028 2353 133 244 124 1198 682 147 1175 430 1499 22 717 183 161 442 483 189 250 390 333 31 350 118 391 2109 71 149
leaf_count=302 4684 847 2250 239 35 1424 240 486 188 29 158 3917 1343 1005 556 2042 34 162 452 378 145 272 31 72 169 48 70 2494 991 3470 312 217 8970 34 6383 30 48 647 32 3298 177 1425 595 70 2606 3620 428 908 642 728 89 2837 660 382 319 58 125 270 156 1186 191 981 438 486 561 1303 727 1347 3720 312 314 1265 96 2723 60 270 28 684 115 127 3879 2615 530 316 389 187 384 19 3553 1817 150 1090 1103 1354 43 2050 2455 867 1028 2353 133 244 124 1198 682 147 1175 430 1499 22 717 183 161 442 483 189 250 390 333 31 350 118 391 2109 71 149
internal_value=5.71672e-06 -0.00148 0.00164298 -0.00203872 0.00264004 -0.00152005 0.000930157 -0.0013531 0.000279226 0.00251753 -0.00115505 -0.00149593 -0.000997961 -0.00321472 -0.00468753 -0.00298636 -0.000750162 0.0040287 -0.00335612 0.00528659 -0.00624739 0.00151458 -0.00274673 -0.000499917 0.000320669 -0.00649181 -0.00314969 0.00179708 0.00200999 0.00357931 -0.00574461 -0.000154673 -0.000598492 -0.00294353 0.00121888 0.00237113 0.00374421 0.00106558 0.00635204 0.000573643 0.000782429 0.000567639 -0.00520411 0.0012396 0.00127664 0.00102828 0.00153835 0.00344666 0.00119757 0.00140604 0.0011782 -0.00223028 -0.00100361 0.00056847 0.00293007 0.00490393 0.00272537 -4.32809e-06 -0.00133496 -0.00168606 0.00151401 0.00575071 0.000366808 -0.000927989 -0.00194023 0.00584842 -0.00164704 0.00100045 -0.00276873 0.0108863 -0.00315181 -0.000872399 -0.00734147 -0.000103734 -0.00409434 0.00114404 0.00166228 0.00701332 0.00332716 -0.00646094 -0.0038506 2.76695e-05 0.00204283 -0.00702 -0.00851307 -0.00122473 -0.00228678 0.000930435 -0.00149701 0.000864166 -0.00152267 -0.00188524 -0.00336612 -0.00574504 -0.0123741 0.00316778 0.00288354 -0.00160357 -0.000706279 0.00271679 0.00375168 -0.0061631 0.000968085 0.00110643 -0.000746991 0.00269089 0.00156792 0.000837839 0.00177149 -0.00257493 -0.000790002 -0.000477226 -0.00368873 -0.00351077 -0.00433389 -0.00221234 -0.003378 -0.0021269 -0.00396993 0.00259986 0.00576161 0.00555539 0.00186513 -0.000213973 0.000340454 -0.000750044
internal_weight=119736 62772 56964 47643 23745 33064 33219 31808 15129 23398 30026 25068 18654 14579 1782 13732 1950 574 11782 540 1296 21591 1376 10431 6079 217 11330 13942 4698 9456 1256 11628 9187 6414 9258 4396 2141 2255 1061 5862 5674 4958 1151 18749 18679 15948 12328 1866 10462 9820 1080 5744 2466 5497 1244 705 2731 1806 15964 12047 2441 1013 1736 7088 3179 1450 4352 2690 4959 347 3278 2693 371 3909 5586 9092 6207 712 2842 441 3913 2885 1438 1017 701 1011 824 440 4280 5115 2501 2343 1253 1457 103 8006 2570 2132 1298 5956 2486 340 5495 5371 1069 387 4302 3104 1929 4803 1083 1061 344 4129 2525 1604 1162 973 583 2875 381 1421 410 3533 539 468
internal_count=119736 62772 56964 47643 23745 33064 33219 31808 15129 23398 30026 25068 18654 14579 1782 13732 1950 574 11782 540 1296 21591 1376 10431 6079 217 11330 13942 4698 9456 1256 11628 9187 6414 9258 4396 2141 2255 1061 5862 5674 4958 1151 18749 18679 15948 12328 1866 10462 9820 1080 5744 2466 5497 1244 705 2731 1806 15964 12047 2441 1013 1736 7088 3179 1450 4352 2690 4959 347 3278 2693 371 3909 5586 9092 6207 712 2842 441 3913 2885 1438 1017 701 1011 824 440 4280 5115 2501 2343 1253 1457 103 8006 2570 2132 1298 5956 2486 340 5495 5371 1069 387 4302 3104 1929 4803 1083 1061 344 4129 2525 1604 1162 973 583 2875 381 1421 410 3533 539 468
is_linear=0
shrinkage=0.04


Tree=58
num_leaves=127
num_cat=0
split_feature=9 9 9 8 2 8 1 13 1 4 2 2 1 1 2 1 1 1 2 9 4 4 1 1 7 1 2 7 4 1 4 2 4 1 1 2 1 2 2 1 12 7 2 1 1 1 1 1 2 1 2 10 1 2 1 2 2 2 2 2 7 4 9 4 1 2 1 10 1 14 13 4 1 7 15 1 2 2 7 10 2 1 11 1 1 2 4 1 2 1 1 11 11 1 11 1 11 11 1 1 2 11 2 2 2 4 1 1 1 2 1 14 10 1 10 10 7 10 9 11 10 10 1 1 2 1
split_gain=192.66 34.8224 30.6884 12.7988 10.9003 10.6322 10.442 10.3023 9.95366 9.87375 9.83113 14.4907 9.12331 10.788 17.1136 11.2832 9.43393 8.56485 9.06886 8.10858 8.32258 7.92378 7.89395 12.7444 7.73885 7.53366 7.36241 6.88786 6.61225 6.31142 6.23977 6.07642 5.97429 6.96404 11.616 7.31535 7.16644 6.9674 9.0689 7.9511 5.92605 5.89255 5.87585 5.82032 6.25016 5.76696 8.55183 5.62248 6.78141 5.59269 5.35726 5.24437 5.01475 5.00834 4.99651 4.94341 4.91778 6.57417 5.93214 4.90916 4.90316 4.82043 5.13123 4.73023 4.68922 4.6407 5.63533 4.61569 4.37609 4.27988 4.26207 4.22254 4.22181 4.1644 4.12199 4.10459 4.0804 4.39149 5.23896 4.07537 4.06978 4.00204 3.95532 3.86564 3.70813 3.67914 3.60689 3.82968 5.12357 5.10834 3.78996 3.5826 3.511 3.50322 3.53924 3.49174 3.48696 3.47768 3.47663 4.77251 3.44373 3.3879 4.18044 3.37694 6.06949 4.20868 3.83335 3.34073 5.84941 4.45906 5.60006 3.89072 3.30985 3.26212 3.25645 3.62034 4.52538 3.68328 3.47948 3.2319 3.17212 3.15938 3.15704 3.15314 6.01627 3.64355
threshold=9.5000000000000018 4.5000000000000009 13.500000000000002 1.5000000000000002 1035.5000000000002 1.5000000000000002 19.500000000000004 0.97215000000000007 16.500000000000004 14.500000000000002 491.50000000000006 58.500000000000007 71.500000000000014 195.50000000000003 1684.5000000000002 141.50000000000003 212.50000000000003 112.50000000000001 1548.5000000000002 15.500000000000002 14.500000000000002 14.500000000000002 47.500000000000007 143.50000000000003 1.5000000000000002 266.50000000000006 38.500000000000007 3.5000000000000004 22.500000000000004 245.50000000000003 13.500000000000002 335.50000000000006 13.500000000000002 218.50000000000003 75.500000000000014 415.50000000000006 47.500000000000007 1530.5000000000002 1419.5000000000002 78.500000000000014 3.5000000000000004 1.0000000180025095e-35 772.50000000000011 177.50000000000003 107.50000000000001 217.50000000000003 235.50000000000003 150.50000000000003 293.50000000000006 245.50000000000003 1126.5000000000002 80484.000000000015 28.500000000000004 158.50000000000003 14.500000000000002 1493.5000000000002 293.50000000000006 769.50000000000011 183.50000000000003 1797.5000000000002 3.5000000000000004 13.500000000000002 22.500000000000004 22.500000000000004 189.50000000000003 263.50000000000006 217.50000000000003 51008.000000000007 254.50000000000003 0.75335000000000008 0.86765000000000014 29.500000000000004 114.50000000000001 3.5000000000000004 1.0000000180025095e-35 269.50000000000006 1810.5000000000002 1379.5000000000002 2.5000000000000004 67180.500000000015 1111.5000000000002 74.500000000000014 12414.025000000001 52.500000000000007 118.50000000000001 1708.5000000000002 13.500000000000002 219.50000000000003 1507.5000000000002 255.50000000000003 256.50000000000006 8665.4950000000008 7105.0150000000003 52.500000000000007 8330.9300000000021 53.500000000000007 34054.835000000006 7526.5700000000006 35.500000000000007 47.500000000000007 856.50000000000011 6638.4600000000009 293.50000000000006 305.50000000000006 183.50000000000003 19.500000000000004 115.50000000000001 233.50000000000003 225.50000000000003 1643.5000000000002 247.50000000000003 0.87695000000000012 55140.500000000007 31.500000000000004 206337.00000000003 180106.50000000003 3.5000000000000004 47459.000000000007 17.500000000000004 5549.7000000000007 129255.00000000001 168278.50000000003 219.50000000000003 243.50000000000003 1582.5000000000002 225.50000000000003
decision_type=2 2 2 2 2 2 2 2 2 2 2 2 2 2 2 2 2 2 2 2 2 2 2 2 2 2 2 2 2 2 2 2 2 2 2 2 2 2 2 2 2 2 2 2 2 2 2 2 2 2 2 2 2 2 2 2 2 2 2 2 2 2 2 2 2 2 2 2 2 2 2 2 2 2 2 2 2 2 2 2 2 2 2 2 2 2 2 2 2 2 2 2 2 2 2 2 2 2 2 2 2 2 2 2 2 2 2 2 2 2 2 2 2 2 2 2 2 2 2 2 2 2 2 2 2 2
left_child=1 7 5 4 26 24 85 27 112 12 11 -4 30 14 15 17 100 18 81 20 40 32 54 80 53 107 -3 41 -22 59 -8 -29 122 34 36 -36 52 38 43 -39 68 -1 -21 44 -37 56 -47 92 -49 65 120 -31 -34 -2 -6 93 58 -58 -28 -25 -54 -13 103 -11 -50 66 -9 -61 -12 -19 -35 96 -71 -52 -23 -27 77 -43 -79 -38 -24 -14 -74 -59 -16 -5 -55 88 95 -89 -91 -48 -17 94 -32 101 123 -83 113 -100 -15 102 -88 104 -63 -106 -105 108 -18 110 -109 -110 -7 -57 115 116 118 -118 -44 -46 -26 -30 -10 125 -125 -33
right_child=2 3 10 6 22 8 9 49 21 63 19 61 13 16 84 47 25 69 -20 42 28 74 23 29 50 75 45 31 121 51 55 71 33 70 35 37 79 39 -40 -41 -42 76 114 -45 119 46 91 48 64 -51 73 -53 60 86 -56 98 57 83 -60 67 -62 62 -64 -65 -66 -67 -68 -69 -70 72 -72 -73 82 -75 -76 -77 -78 78 -80 -81 -82 97 -84 -85 -86 -87 87 89 -90 90 -92 -93 -94 -95 -96 -97 -98 -99 99 -101 -102 -103 -104 106 105 -107 -108 109 111 -111 -112 -113 -114 -115 -116 -117 117 -119 -120 -121 -122 -123 -124 124 -126 -127
leaf_value=-0.0013473860718896846 -0.002517161849561792 -0.0016785533210456997 -0.011025931924862804 -0.0046537531311613622 0.007254246687916791 -0.0022720484257608177 -0.0055444287555015516 0.0067635263749977513 -0.003256646459610801 -0.0059494594289763291 -0.0028691402004849646 -0.0073316793627511648 -0.0063224174239813807 0.0028091215722214238 0.0058207957534458822 -0.0032527372646259825 0.0008731935334211784 0.011602979104246323 0.0069019128927569201 -0.008828853310723481 -0.010822077837961408 -0.0010164202617484581 -0.0088328811036821712 -0.00175889706417067 0.0015374340665277931 0.007743175068425711 0.0036978491118597272 -0.0016180512781259577 -0.0050074096606414209 0.0043184318897756405 0.0030720168525864783 0.0019839585507268097 -0.00054149725049744792 -0.00092819336763207659 -7.5727701410289078e-05 -0.0050042261523116829 0.0024255135228632247 0.0037866069070711579 -0.0071156691398339238 -0.002828610347637899 -0.0073677464887626403 0.0043161560254446141 0.0057036870460484505 -0.0065634266076063921 -0.00035233340561081011 0.010569345769035399 0.0072178689354770046 0.0087461702336755157 -0.0016520798928651177 0.0071748250243941197 -0.012551985870708118 -0.0012322375477009609 -0.012926126894668041 -0.0043889843942975203 -0.0026860506398115169 0.0013292902938928351 0.0004867745849764568 -0.0034201135143156493 0.011467636756861107 0.0037947845595765 -0.0034088650903300243 -0.0016947754855313477 -0.010095576476237661 -0.0011702086703498729 -0.0062484669246648562 0.0032524170880452569 0.02803543444173744 -0.00095783810167194899 0.0022637624448752325 0.0056795453800030987 0.0013701625760393296 -0.0084140670429711795 0.0015893808912617875 -0.0015469013206466957 -0.0062452197734350467 -0.0022402849069248602 0.0081383969858219146 0.00087710221753866508 0.013396968960549529 -0.00017296199570526513 0.0028453049622496761 -0.00025575428523071401 -0.0055037633358163522 0.004770111476838138 0.0015544015726723674 0.0014742054818583429 0.017728652573945951 -0.0019150101035621079 0.026788395838430748 0.016011721357313866 0.0031692356200525469 -0.00019304956039476758 -0.0077812084513723201 0.0036012912618520292 -0.0004680347436546153 0.0062998251401383447 -0.0035017541933011348 -0.0028007555163964627 -0.0060370333199266015 0.00018399267231624864 0.0072908166004058859 -0.0014303694351178444 -0.00069207229017468166 -0.0068796466139432293 0.0037406945453251871 -0.0052361888958613522 -0.00048486847521208611 0.0024654577250371032 -0.0056376401142323564 0.0045568342665036898 -0.0013493694256393155 -0.0010769456012290144 -0.0063527155454653587 0.0094079230476576334 0.013120215672143498 -0.01467983998622991 0.00054464547631183141 -0.0057053004287878784 -0.0035806699948098893 -0.0025681291508392701 -0.0033462203616496282 0.005232514409244363 -0.009114619426119944 0.0058848365522597545 0.00018666684160772708 -1.4476414712457028e-05
leaf_weight=388 316 505 233 965 86 495 185 102 619 543 7194 163 291 858 534 501 1289 76 201 735 406 346 48 2975 1688 323 812 865 255 794 902 12929 1274 2862 1759 1215 1283 497 909 700 459 2813 111 610 1646 408 165 86 1554 727 56 413 96 101 1298 807 1888 99 196 592 920 771 82 857 462 5332 25 728 275 328 2351 64 725 3198 812 82 321 1179 56 3895 4507 1862 152 1234 846 186 38 393 17 42 306 281 616 2584 902 645 191 1601 253 890 407 223 40 202 970 91 588 1084 514 467 1424 723 909 89 15.999999999999998 59 162 1986 154 2947 243 59 195 822 466 1641
leaf_count=388 316 505 233 965 86 495 185 102 619 543 7194 163 291 858 534 501 1289 76 201 735 406 346 48 2975 1688 323 812 865 255 794 902 12929 1274 2862 1759 1215 1283 497 909 700 459 2813 111 610 1646 408 165 86 1554 727 56 413 96 101 1298 807 1888 99 196 592 920 771 82 857 462 5332 25 728 275 328 2351 64 725 3198 812 82 321 1179 56 3895 4507 1862 152 1234 846 186 38 393 17 42 306 281 616 2584 902 645 191 1601 253 890 407 223 40 202 970 91 588 1084 514 467 1424 723 909 89 16 59 162 1986 154 2947 243 59 195 822 466 1641
internal_value=5.46625e-06 0.00133211 -0.00193513 0.000620397 0.00147392 -0.00126457 6.48255e-05 0.0024331 -0.00163906 0.000236365 -0.00344187 -0.00143393 0.00042999 -5.99927e-05 -0.000920477 -0.0015949 0.0011196 -0.000448278 -0.00136963 -0.00396587 -0.00332647 -0.00145431 0.000766173 0.0011562 8.50334e-05 0.000447358 0.00292222 0.00202279 -0.00744757 -0.000138706 0.00169081 0.00164539 -0.00129671 -0.00117709 -0.00155459 -0.00242666 -0.000353255 -0.00291131 -0.00337355 -7.85129e-05 -0.00295161 0.00336883 -0.0056801 -0.00284282 -0.00245126 0.00338013 0.00638187 -0.00345867 -0.00223675 0.00387405 -0.000747032 0.0024159 -0.00221677 0.00212093 -0.002065 0.00189978 0.00277288 0.00200768 0.0052136 -0.000857583 -0.00431325 -0.000652639 -0.000248284 -0.00302702 -0.00270766 0.00343362 0.0110011 0.00117074 -0.00267959 0.00239309 0.000107576 0.00182084 0.00180798 -0.0017379 -0.00468658 0.0057119 0.0037886 0.00344249 0.00144908 0.000470148 0.00272117 -0.00181375 0.000354963 0.00415862 0.00320851 -0.00365997 0.00293522 0.00337193 0.00503654 0.00120281 0.00473484 0.00254069 -0.00575414 0.00265608 0.00129985 0.00463863 0.00186196 -0.00143355 0.000270176 -0.00118992 0.00425468 0.00106474 0.00824212 5.85263e-05 0.00100267 0.00296657 -0.00212572 5.89421e-05 -0.00101002 0.000967921 0.000297901 -0.00297555 -0.00491713 0.00213717 -0.00474798 -0.00486578 -0.00462356 -0.00523207 0.000293845 -0.00177495 0.000920655 -0.00306956 -0.00466583 0.00192684 0.00382651 0.0017586
internal_weight=119736 71119 48617 43198 17029 33646 26169 27921 26340 25018 14971 3100 23618 17006 9835 8455 7171 5236 3955 11871 8648 24936 11441 10057 7306 5906 5588 21735 720 5502 6612 16978 23778 22964 17751 10283 7468 8524 7327 1197 7928 4757 3223 6418 5808 5083 854 3219 2102 6186 5185 1207 2290 2121 1384 6427 4229 3221 1008 4295 1016 2867 2704 1400 2016 5459 127 1320 7469 1281 5213 16113 1205 3254 1158 405 4369 4048 1235 5178 4555 3754 877 1333 1380 1151 1805 1704 963 741 348 446 1117 4388 1804 946 16049 3463 2039 1143 1265 301 78 2622 1832 1061 790 5501 2526 2975 2508 1237 1404 896 2488 2472 2413 2148 265 4593 1931 314 814 15858 1288 14570
internal_count=119736 71119 48617 43198 17029 33646 26169 27921 26340 25018 14971 3100 23618 17006 9835 8455 7171 5236 3955 11871 8648 24936 11441 10057 7306 5906 5588 21735 720 5502 6612 16978 23778 22964 17751 10283 7468 8524 7327 1197 7928 4757 3223 6418 5808 5083 854 3219 2102 6186 5185 1207 2290 2121 1384 6427 4229 3221 1008 4295 1016 2867 2704 1400 2016 5459 127 1320 7469 1281 5213 16113 1205 3254 1158 405 4369 4048 1235 5178 4555 3754 877 1333 1380 1151 1805 1704 963 741 348 446 1117 4388 1804 946 16049 3463 2039 1143 1265 301 78 2622 1832 1061 790 5501 2526 2975 2508 1237 1404 896 2488 2472 2413 2148 265 4593 1931 314 814 15858 1288 14570
is_linear=0
shrinkage=0.04


Tree=59
num_leaves=127
num_cat=0
split_feature=9 9 9 8 17 17 17 1 8 4 1 1 1 1 1 1 18 4 4 7 1 1 1 17 1 1 18 7 4 11 1 14 1 1 1 1 11 11 4 1 9 1 1 1 14 1 1 1 14 8 4 7 1 1 1 14 10 7 4 1 1 1 1 10 1 4 11 1 1 9 1 1 1 1 1 1 1 1 10 10 11 14 14 1 1 10 7 11 10 1 1 10 7 1 1 1 14 11 10 10 1 1 1 1 14 14 10 7 1 10 1 1 1 1 11 10 14 11 10 9 1 1 1 1 1 1
split_gain=177.569 32.093 28.2828 11.7955 11.0739 11.0435 9.66948 9.62269 9.5782 9.10054 8.40816 9.94251 8.69496 8.44452 10.0345 8.48243 7.99535 17.0726 10.2208 7.43405 7.19614 10.6293 6.94214 6.82488 6.63506 8.03681 7.13892 5.78752 5.75118 5.36888 5.3223 5.29425 5.29298 5.64224 5.65212 7.37368 5.27408 5.23703 5.08527 5.00283 4.96138 4.78138 5.30113 4.76103 4.69072 5.1256 4.62573 4.55669 5.35588 4.53695 4.35887 4.25338 4.22708 4.22241 9.7741 4.14212 4.12883 4.26419 4.2601 3.97031 5.73343 3.95383 4.7307 3.90909 3.78405 3.73831 3.72273 3.67207 5.94595 4.97909 3.6705 3.65722 3.6067 3.58081 4.47521 3.49724 3.49546 3.40213 3.32998 3.93605 3.29837 3.29285 4.38995 3.27957 6.55349 3.26091 3.24727 4.12783 5.2272 3.38154 7.63027 3.56476 4.60051 3.53533 7.97786 3.24233 4.72182 3.2357 3.22846 3.16133 3.15856 3.07888 5.39146 4.06049 3.58518 3.06839 3.10216 3.06443 3.03497 3.02336 3.00497 2.99287 3.95177 3.04245 2.9571 2.8641 2.8486 2.82727 2.80467 2.77441 2.76274 4.88049 3.72753 3.07409 3.20344 2.9262
threshold=9.5000000000000018 4.5000000000000009 13.500000000000002 1.5000000000000002 1.0000000180025095e-35 1.0000000180025095e-35 1.0000000180025095e-35 19.500000000000004 1.5000000000000002 14.500000000000002 71.500000000000014 195.50000000000003 212.50000000000003 141.50000000000003 150.50000000000003 111.50000000000001 1.0000000180025095e-35 25.500000000000004 13.500000000000002 1.5000000000000002 47.500000000000007 62.500000000000007 266.50000000000006 1.0000000180025095e-35 29.500000000000004 84.500000000000014 1.0000000180025095e-35 3.5000000000000004 13.500000000000002 10286.665000000003 74.500000000000014 0.81415000000000015 247.50000000000003 87.500000000000014 53.500000000000007 62.500000000000007 20427.875000000004 8151.0950000000003 13.500000000000002 189.50000000000003 2.5000000000000004 75.500000000000014 77.500000000000014 89.500000000000014 0.84575000000000011 16.500000000000004 107.50000000000001 116.50000000000001 0.75335000000000008 1.5000000000000002 22.500000000000004 3.5000000000000004 245.50000000000003 82.500000000000014 77.500000000000014 0.82845000000000013 50123.500000000007 2.5000000000000004 28.500000000000004 249.50000000000003 216.50000000000003 133.50000000000003 116.50000000000001 188610.00000000003 269.50000000000006 15.500000000000002 16006.000000000002 205.50000000000003 219.50000000000003 17.500000000000004 96.500000000000014 22.500000000000004 109.50000000000001 52.500000000000007 62.500000000000007 75.500000000000014 51.500000000000007 19.500000000000004 154526.50000000003 157970.00000000003 1401.0000000000002 0.59410000000000018 0.63805000000000012 167.50000000000003 130.50000000000003 59420.500000000007 1.5000000000000002 12099.190000000001 94317.500000000015 167.50000000000003 143.50000000000003 66693.500000000015 3.5000000000000004 176.50000000000003 169.50000000000003 208.50000000000003 0.91015000000000013 7750.1900000000014 79580.000000000015 131814.00000000003 14.500000000000002 233.50000000000003 225.50000000000003 248.50000000000003 0.87695000000000012 0.75555000000000005 138229.00000000003 3.5000000000000004 273.50000000000006 13110.500000000002 222.50000000000003 197.50000000000003 212.50000000000003 267.50000000000006 9276.8900000000012 67894.000000000015 0.82735000000000014 21165.300000000003 62894.500000000007 10.500000000000002 15.500000000000002 65.500000000000014 206.50000000000003 194.50000000000003 181.50000000000003 12.500000000000002
decision_type=2 2 2 2 2 2 2 2 2 2 2 2 2 2 2 2 2 2 2 2 2 2 2 2 2 2 2 2 2 2 2 2 2 2 2 2 2 2 2 2 2 2 2 2 2 2 2 2 2 2 2 2 2 2 2 2 2 2 2 2 2 2 2 2 2 2 2 2 2 2 2 2 2 2 2 2 2 2 2 2 2 2 2 2 2 2 2 2 2 2 2 2 2 2 2 2 2 2 2 2 2 2 2 2 2 2 2 2 2 2 2 2 2 2 2 2 2 2 2 2 2 2 2 2 2 2
left_child=1 8 4 6 16 24 20 -5 23 10 28 13 -13 15 97 30 36 18 37 32 65 85 101 27 71 81 -27 83 -9 31 -12 38 33 34 76 -36 55 -18 -28 -16 117 -37 -43 -35 45 -21 -45 66 -49 -31 -11 -41 -51 54 75 -2 57 80 120 60 61 62 119 -39 -24 100 -17 69 98 -40 -6 77 -48 118 -75 -32 -20 -4 -71 -80 -10 -26 -83 84 -1 -22 87 88 -23 90 91 92 -88 94 -91 115 -97 -15 -69 -63 -3 102 110 -103 -104 -74 -107 -46 -34 -25 -14 -85 -113 -114 -55 -95 -62 -29 -30 -47 125 -122 123 124 -123 -59
right_child=2 3 5 7 70 -7 -8 9 56 50 11 12 22 14 39 47 17 -19 19 44 21 86 64 109 25 26 29 40 73 49 53 -33 108 43 35 41 -38 63 67 51 -42 42 -44 46 107 59 72 48 -50 52 -52 -53 -54 114 -56 -57 -58 58 -60 -61 116 99 -64 -65 -66 -67 -68 68 -70 78 -72 -73 105 74 -76 -77 -78 -79 79 -81 -82 82 -84 111 -86 -87 89 -89 -90 93 -92 -93 -94 95 -96 96 -98 -99 -100 -101 -102 103 104 -105 -106 106 -108 -109 -110 -111 -112 112 113 -115 -116 -117 -118 -119 -120 -121 121 122 -124 -125 -126 -127
leaf_value=0.0056891786358912819 -0.0011127258768180864 0.0067163337087783248 -0.0054864733571022232 -0.0035134399400402784 0.00098528854471810739 0.0011905408205823195 0.0099460206322304588 -0.0053227714859331579 -0.0087849213025361032 -0.0057115248370386796 -0.0060696076434867061 0.004084653509352317 0.00042290097156373558 -0.0032155228339301577 -0.00015606668002787346 0.0073306505461532704 -0.0080988941680373745 -0.014783454056709045 -0.0016003650490401446 -0.0054639234067548207 0.0061205392826802762 0.003431588961290249 0.0074335438124224409 0.021780839156561087 -0.0071702027499548114 -0.00095317848734133596 -0.010570120032919248 0.0042195393745502159 0.0020485857280140448 0.0058745606988009685 -9.0693308245898987e-05 -0.0021741381686971287 0.0028505877755939241 -0.0090458441422406749 0.0060270403721976373 -0.00064859202025539255 -0.017225746920018672 0.0031202653646000161 -0.0047315188520625816 0.00081748129948296696 0.0019907793925908134 0.027183059787157897 0.0035605342186127232 0.012095519795137294 -0.012288809723741426 -0.00074642970306598505 -0.0071859229494863584 0.011139469877492425 9.6911582150533123e-05 -0.0036067267363882782 -0.0011234058075488892 -0.0063727010324835147 0.0026896790186217083 -0.00090230671986679168 0.0054201989941322507 0.00070721014901418153 0.00046168151243385075 0.010592591929699661 -0.0071655749935444777 -0.0050563008343137419 -0.00030906563538507498 -0.0037273424403741562 0.0023509523523797763 -0.014150994800298338 -0.0021507826158901665 -0.0072889261216220833 0.00011594593268097541 0.0035716334994687492 -0.0052635809353658858 -0.0090511717566252575 0.0066472794538630676 -0.0098932837235071996 -0.0029239636419991538 0.0045348726360715597 0.0015102043004734588 -0.0056994712214711698 -0.010121123294370076 0.0075245887419248285 0.010687604425699031 -0.0057394320014013903 0.0039126053260229764 0.00471705478391475 -0.0014008922043352644 0.00096578576247097854 0.017697009853794545 0.0029201432080155978 -0.011608819004118911 0.00087927101585023805 0.013632951130070452 0.0024737501543125266 -0.0020230901987881625 -0.00057102229735580537 0.0023925364045255955 -0.0027992993085039714 0.015129623840260394 0.00076744978970306717 0.0039046118560325904 -0.007549226304192953 -0.0022315576425711377 -0.011112273494739991 -0.00079067579725040265 0.002426893996230947 -0.005412178372718254 -0.00052712092848014992 -0.0010338737088398675 -0.0010544792403195825 0.0036152729689959895 -0.00089516601415414951 -0.005287711345667182 0.0083898502605139133 0.0098954138547553954 0.008446767430523576 0.0020476074412632329 0.007034954414046877 -0.0045248632488139639 0.0031527351344708856 0.0049543931166289171 -0.00056358923998150242 -0.0003220644497566629 -0.0027199440559554583 0.0036051917312881505 0.00071217216825700247 0.0023915873479011416 -0.0050959485302144412 0.014274437054196287 -0.0031396509239450749
leaf_weight=611 3840 94 905 1151 396 825 210 185 33 543 291 1265 1233 523 2220 426 561 158 586 821 875 1099 323 35 140 1265 254 3018 1606 113 1352 1262 956 142 449 1487 29 127 3261 187 6597 15.999999999999998 297 39 38 1541 184 76 929 974 857 437 206 1413 538 4176 3501 27 86 711 1216 1395 386 25 82 136 158 193 1235 800 344 339 1351 1338 1900 205 89 33 29 116 1986 206 2075 431 83 1239 38 1241 87 501 1725 1153 2238 516 95 2646 1084 594 740 100 1880 1468 514 1507 723 1861 259 5351 79 128 56 353 686 276 486 172 190 210 1583 4446 2067 3947 3387 146 28 285
leaf_count=611 3840 94 905 1151 396 825 210 185 33 543 291 1265 1233 523 2220 426 561 158 586 821 875 1099 323 35 140 1265 254 3018 1606 113 1352 1262 956 142 449 1487 29 127 3261 187 6597 16 297 39 38 1541 184 76 929 974 857 437 206 1413 538 4176 3501 27 86 711 1216 1395 386 25 82 136 158 193 1235 800 344 339 1351 1338 1900 205 89 33 29 116 1986 206 2075 431 83 1239 38 1241 87 501 1725 1153 2238 516 95 2646 1084 594 740 100 1880 1468 514 1507 723 1861 259 5351 79 128 56 353 686 276 486 172 190 210 1583 4446 2067 3947 3387 146 28 285
internal_value=5.2245e-06 0.00127885 -0.00185781 0.000595594 -0.00121406 -0.0033043 0.00141498 6.22353e-05 0.00233581 0.000226914 0.000412809 -5.75686e-05 0.00107484 -0.000883654 -0.00231099 7.81819e-05 -0.00132298 -0.00167769 -0.00159364 -0.00145314 0.00130817 0.00162163 0.00042944 0.00316336 -0.00356673 -0.00329314 -0.0037745 0.00305479 0.0016232 -0.0041627 -0.000846754 -0.00455456 -0.000437534 -0.000845817 0.000476707 0.00144133 -0.000226332 -0.00631453 -0.00500716 -0.00104745 0.00262083 0.000294962 0.00478915 -0.00185494 -0.00194173 -0.00242272 -0.0015772 0.00257484 0.000936976 -0.00176828 -0.00290608 -0.00421176 -0.002504 -0.000465077 0.000771811 -0.00016412 0.0016717 0.00202462 0.00168447 -0.0021722 -0.00195061 -0.00237111 -0.0019356 0.000245863 0.00548309 -0.000875108 0.00538593 -0.00478469 -0.00344216 -0.00547565 0.0036233 -0.00632022 -0.00172451 0.00182384 0.00276139 -0.000832052 -0.0027311 -0.00502371 -0.00803849 -0.00242136 0.00370266 -0.00121406 -0.000846437 0.00480038 0.00713338 0.00424693 0.00118065 0.00249613 0.00418438 0.000866238 0.000145896 0.00123822 0.00215651 0.00160588 0.00449996 0.00121446 0.00168031 -0.00552416 -0.00102657 -0.0042247 -0.000430851 5.65552e-05 -0.00096963 0.000929212 -0.00285668 -0.00143365 -0.000481946 -0.000976476 0.00222509 0.0113013 0.000838268 0.00387041 0.00481923 0.00348323 -0.0018317 -0.00130524 0.00039967 0.00390712 0.000870582 -0.00221267 0.00176193 0.00188285 0.0014081 0.000598774 0.000809068 -0.00193545
internal_weight=119736 71119 48617 43198 33646 14971 17029 26169 27921 25018 23618 17006 7171 9835 3961 5874 32906 24861 24703 23990 16819 14709 5906 12428 14146 12869 10448 12265 6612 9183 4285 7890 7795 6760 2924 2249 8045 713 6628 2844 9825 1800 313 3836 16195 10806 3694 1589 1005 1293 1400 624 1180 3994 2095 8016 15493 11992 9973 9985 9274 7868 6373 152 405 2110 584 6374 2168 4206 740 1277 3655 6427 3238 1557 675 938 945 145 2019 2421 2281 2440 694 2114 12595 2427 1186 10168 5154 3429 2276 5014 596 4418 3730 1117 933 1495 1974 5501 2526 2975 1237 3471 2120 5389 1035 163 1289 1746 1315 962 1899 688 1406 3228 3189 5987 9887 9575 7508 4121 3975 312
internal_count=119736 71119 48617 43198 33646 14971 17029 26169 27921 25018 23618 17006 7171 9835 3961 5874 32906 24861 24703 23990 16819 14709 5906 12428 14146 12869 10448 12265 6612 9183 4285 7890 7795 6760 2924 2249 8045 713 6628 2844 9825 1800 313 3836 16195 10806 3694 1589 1005 1293 1400 624 1180 3994 2095 8016 15493 11992 9973 9985 9274 7868 6373 152 405 2110 584 6374 2168 4206 740 1277 3655 6427 3238 1557 675 938 945 145 2019 2421 2281 2440 694 2114 12595 2427 1186 10168 5154 3429 2276 5014 596 4418 3730 1117 933 1495 1974 5501 2526 2975 1237 3471 2120 5389 1035 163 1289 1746 1315 962 1899 688 1406 3228 3189 5987 9887 9575 7508 4121 3975 312
is_linear=0
shrinkage=0.04


Tree=60
num_leaves=127
num_cat=0
split_feature=8 10 11 11 10 7 0 4 18 2 2 0 10 10 7 10 4 0 2 2 1 1 2 1 1 4 4 11 7 4 10 1 11 1 0 1 2 0 0 11 1 0 11 4 18 2 0 1 0 10 11 0 11 1 2 0 1 0 10 1 0 1 4 18 2 2 0 0 2 11 2 11 11 2 10 11 1 2 2 1 1 10 2 10 10 2 2 10 1 1 1 11 0 1 2 1 1 1 0 1 0 0 11 2 11 2 10 1 10 10 11 1 1 0 1 10 4 2 2 10 11 2 2 2 10 7
split_gain=81.1932 46.8836 25.7981 22.2021 16.0285 16.3286 13.586 14.1957 11.8358 10.4355 11.2131 10.3141 10.2905 9.48355 7.95999 7.95931 8.04317 7.69786 7.53185 10.7864 10.0126 11.725 7.31156 7.33379 12.0663 7.12092 6.64191 6.60105 6.45272 6.39952 6.23923 5.76086 6.42908 8.46595 7.93208 6.19737 5.6638 5.87244 6.7385 5.65295 5.64056 5.4696 5.17676 5.40754 5.14642 5.12205 5.02067 5.0124 5.00766 4.98848 6.16742 5.71804 4.91604 4.79971 4.78594 4.65194 4.60643 5.98037 4.6667 4.60505 4.40956 4.37583 4.31045 5.58404 4.72596 4.98929 4.25106 4.25082 5.15404 5.08692 4.98619 4.27007 4.46208 4.24476 4.23645 4.21503 5.20806 4.17412 5.73675 4.17153 4.47636 4.12687 4.06587 4.00992 3.82205 3.80495 4.63921 3.74572 3.74023 3.72315 3.7039 3.69893 3.69164 7.77343 3.66424 3.62123 3.61302 3.60685 4.68923 3.62384 3.58055 6.67802 3.62077 3.57938 4.40843 3.55945 3.54847 3.54048 3.48433 3.36877 3.33896 3.293 3.25994 3.23611 3.19136 3.10193 3.20871 3.11117 3.91099 3.05104 3.26402 3.04997 3.48452 2.99448 2.99107 3.09682
threshold=1.5000000000000002 60167.000000000007 8751.0000000000018 6304.0400000000009 49513.500000000007 3.5000000000000004 5.5000000000000009 13.500000000000002 1.0000000180025095e-35 443.50000000000006 998.50000000000011 15.500000000000002 103024.00000000001 39461.000000000007 3.5000000000000004 113334.50000000001 13.500000000000002 27.500000000000004 1529.5000000000002 1621.5000000000002 143.50000000000003 145.50000000000003 1646.5000000000002 66.500000000000014 208.50000000000003 10.500000000000002 14.500000000000002 6590.2350000000015 3.5000000000000004 14.500000000000002 109068.50000000001 266.50000000000006 13425.835000000001 86.500000000000014 7.5000000000000009 27.500000000000004 1400.5000000000002 25.500000000000004 24.500000000000004 3401.6350000000007 176.50000000000003 27.500000000000004 2710.8500000000004 15.500000000000002 1.0000000180025095e-35 58.500000000000007 14.500000000000002 52.500000000000007 26.500000000000004 105715.00000000001 4986.6900000000014 17.500000000000004 11259.230000000001 115.50000000000001 706.50000000000011 26.500000000000004 85.500000000000014 6.5000000000000009 86470.500000000015 188.50000000000003 23.500000000000004 218.50000000000003 14.500000000000002 1.0000000180025095e-35 1530.5000000000002 491.50000000000006 8.5000000000000018 15.500000000000002 195.50000000000003 6326.6900000000014 245.50000000000003 11001.600000000002 11191.400000000001 96.500000000000014 138229.00000000003 8377.0750000000025 245.50000000000003 491.50000000000006 576.50000000000011 19.500000000000004 12.500000000000002 93056.000000000015 850.50000000000011 60167.000000000007 97504.000000000015 1900.5000000000002 1921.5000000000002 17090.500000000004 169.50000000000003 266.50000000000006 101.50000000000001 4543.9600000000009 25.500000000000004 176.50000000000003 576.50000000000011 47.500000000000007 225.50000000000003 225.50000000000003 26.500000000000004 195.50000000000003 27.500000000000004 26.500000000000004 13000.700000000003 403.50000000000006 6875.3550000000005 8.5000000000000018 100001.00000000001 165.50000000000003 61003.500000000007 127971.00000000001 18953.770000000004 248.50000000000003 203.50000000000003 27.500000000000004 15.500000000000002 109939.50000000001 5.5000000000000009 1824.5000000000002 1810.5000000000002 112033.50000000001 7105.0150000000003 956.50000000000011 1074.5000000000002 1530.5000000000002 100001.00000000001 3.5000000000000004
decision_type=2 2 2 2 2 2 2 2 2 2 2 2 2 2 2 2 2 2 2 2 2 2 2 2 2 2 2 2 2 2 2 2 2 2 2 2 2 2 2 2 2 2 2 2 2 2 2 2 2 2 2 2 2 2 2 2 2 2 2 2 2 2 2 2 2 2 2 2 2 2 2 2 2 2 2 2 2 2 2 2 2 2 2 2 2 2 2 2 2 2 2 2 2 2 2 2 2 2 2 2 2 2 2 2 2 2 2 2 2 2 2 2 2 2 2 2 2 2 2 2 2 2 2 2 2 2
left_child=4 3 8 6 11 49 -2 -8 -3 25 17 22 14 42 47 16 -12 26 20 61 -13 -22 23 45 46 -10 48 44 56 31 36 32 33 35 74 -14 37 38 73 55 88 91 77 114 -7 -1 103 -4 108 50 51 -6 -16 -31 -46 -15 57 -18 -59 -58 -61 90 64 -64 65 -41 -49 68 -52 -69 -70 -71 -73 -29 -35 76 119 -9 -79 80 -5 -54 92 -74 -83 97 -87 -81 -39 -26 -20 -27 -68 -94 -67 -38 -97 99 -99 113 101 111 121 104 -25 -93 -72 -105 -11 -19 -98 -36 -56 -21 -44 -77 -117 118 -118 120 -51 -103 -123 -102 -50 -126
right_child=1 2 12 79 5 27 7 13 9 10 15 18 29 39 52 -17 28 109 19 85 21 -23 -24 24 89 41 -28 30 -30 53 -32 -33 -34 34 100 -37 95 40 -40 62 -42 -43 43 -45 54 -47 -48 66 124 75 67 -53 81 -55 112 -57 59 58 -60 60 -62 -63 63 -65 -66 94 82 69 70 71 106 72 83 -75 -76 115 -78 78 -80 87 -82 84 -84 -85 -86 86 -88 -89 -90 -91 -92 105 93 -95 -96 96 110 98 -100 -101 123 102 -104 107 -106 -107 -108 -109 -110 -111 -112 -113 -114 -115 -116 116 117 -119 -120 -121 -122 122 -124 -125 125 -127
leaf_value=-0.0014223322096405056 -0.0075523139075824117 -0.00067651098429798054 -0.0018359161310521172 0.0098293006831991023 -0.0086793893291406965 0.0010866221838358909 -0.0071076669111442142 0.0033279913989111877 -0.010921742064179656 -0.017079691398800827 -0.0081089339516712683 0.0046193907344783429 -0.0069733127920897963 -0.0030885567814053724 -0.001642765296902675 -0.0067303082451305911 -0.016777649059956209 -0.0017295969614276776 -0.0010653606262065692 0.0028441439163241463 -0.0018635158999128348 0.003121094128474269 0.0088608912627934112 0.0032261308018750956 0.0035843026700037007 -0.0091715250124968801 -0.011858303974937404 -0.0022411235017620007 -0.00263678890390315 -0.0017140705947701479 -0.0019609694221074019 0.0021420084879049 -0.00027076478453015416 -0.0055063660129546724 -0.0023094150074032768 -4.5686886959795401e-05 -0.0029177042887614346 0.0046869358327329223 -0.0021441354207518736 0.0012627755458994145 0.0026967787544744859 0.012894128161893453 -0.0020538924612494712 -0.0029702932288099915 -0.00010660455858082428 0.0063503384706336844 -0.011117854009424973 -0.0017194318507148777 6.3013401715326871e-05 0.006978900490556275 0.00079849326366596672 0.003529667765698759 0.00099177706098243839 -0.008497281767893718 -0.0035285804002639183 -0.0117868612264013 -0.0047052278894196293 0.00083356167248625009 0.0083570693601054055 0.0023251274766594226 -0.0047959107310283017 0.0016282827184671636 -0.00035745254902820768 -0.0091243654626385149 0.0014020153654108491 -0.0075915530929752551 -0.0012786081215863012 0.01276244259637708 0.012905900164699486 -0.00028484466493033608 0.0043405183301021798 0.014044973269560871 0.014858232075414861 0.0021450785582591177 -0.01356455974606002 -0.0049243478312311082 -0.012307699714213725 -0.011269721517651512 -0.00099699348240176269 0.0042728731949419046 -0.0023493973403201003 -0.0065173829254584368 0.0037149897011282181 0.002121084359755044 -0.00019279249139498236 -0.0015907152939508668 0.0044420405625300984 0.0015604005959783307 0.01536678510450858 0.0075289762678735104 -0.0049068646138189856 -0.014190992157778635 0.01608437558755434 -0.00099079042915367144 -0.0015742691236735459 0.0010921872496423358 -0.0027578056394321 0.0090615071986181461 -0.0019043167852438412 0.0096785680753592451 -0.00058894536205051859 -0.0040516107588795917 0.0043377294724393882 0.00084003936165249831 0.020279871538231933 -0.00080570394434205611 0.010207916932715127 -0.0041865557303533679 -0.0048725943515471378 -0.016573313213439574 0.0089376705275834908 -0.0084546930523163831 -0.0088829864317287299 0.017632731847248631 0.0015825198142913092 -0.0079388283790873936 0.0022411509836090184 -0.0026807269007381256 0.012301091243993844 0.0067469326812615313 -0.0058378317734247677 -0.021036497652017722 -0.0094004872697971906 0.015462582011497457 -0.01036271084913731 -0.023016451899048006
leaf_weight=149 425 4292 545 52 132 637 481 345 118 38 357 2334 223 835 3455 694 23 1099 971 1851 1242 1923 385 130 2701 89 272 393 5362 325 1636 767 4665 317 2592 2813 793 104 909 1056 676 45 407 484 582 1423 59 371 33 40 446 114 3336 347 986 112 406 318 227 568 184 492 246 222 1513 170 573 68 139 899 1484 62 42 3397 158 113 78 90 2600 871 646 238 2135 694 431 814 272 13023 109 449 689 32 67 116 3558 1915 739 73 425 142 697 99 31 1957 30 3761 187 253 3570 25 41 148 225 24 7202 52 1932 198 64 68 150 58 152 19 167 39
leaf_count=149 425 4292 545 52 132 637 481 345 118 38 357 2334 223 835 3455 694 23 1099 971 1851 1242 1923 385 130 2701 89 272 393 5362 325 1636 767 4665 317 2592 2813 793 104 909 1056 676 45 407 484 582 1423 59 371 33 40 446 114 3336 347 986 112 406 318 227 568 184 492 246 222 1513 170 573 68 139 899 1484 62 42 3397 158 113 78 90 2600 871 646 238 2135 694 431 814 272 13023 109 449 689 32 67 116 3558 1915 739 73 425 142 697 99 31 1957 30 3761 187 253 3570 25 41 148 225 24 7202 52 1932 198 64 68 150 58 152 19 167 39
internal_value=-1.26043e-06 -0.00072457 -0.00155383 0.000395798 0.00150014 0.000714835 -0.000478401 -0.000322552 -0.0025593 -0.00302277 -0.00356108 0.00234022 -0.000668749 -0.000149074 0.000222093 -0.00263067 -0.00224789 -0.00500457 0.00157256 0.000559873 0.00263127 0.00116379 0.00348585 0.00319579 0.00251444 -0.00124085 -0.00580576 -0.000114593 -0.00195201 -0.00141747 0.000312064 -0.00121635 -0.00143185 -0.00217256 -0.00332066 -0.000556065 0.000722249 0.00151188 0.00094674 -0.00122726 0.00449412 -0.00094867 0.000597785 0.00112632 -0.00199698 0.00561103 0.00039418 0.00171062 -0.00537648 0.00228108 0.0031324 -0.00300614 -0.000537011 -0.00522341 -0.00309472 -0.00412265 0.00017303 0.0031253 0.0039755 -0.00127175 0.000577021 -0.00167958 -0.000821306 -0.00452572 -0.000545286 -0.001162 0.00230442 0.00350901 0.00466073 0.00203444 0.00561012 0.00160148 0.00373132 0.00168915 -0.00819749 0.000931635 -0.00325549 -0.000810252 -0.00134258 0.00157904 -0.00143509 0.000415911 0.00282223 0.00285529 -0.00244941 0.00189931 -7.5796e-05 0.00173076 0.0101756 0.00414807 -0.00266243 -0.00111049 0.000295544 0.0052443 -0.00184993 -0.000541653 0.000156095 0.00275374 -0.00028735 0.00350655 -0.00270916 -0.00330152 -0.00859349 0.000682911 0.00645936 -0.000920056 0.0050001 0.000262623 -0.00500274 -0.00206475 -0.00213685 -0.00264311 -0.00452737 0.0030365 0.00138746 0.00152983 0.00185653 0.00209087 0.00256632 -0.000499568 -0.00311628 -0.00990472 -0.0126418 -0.000155311 -0.0109974 -0.0127877
internal_weight=119627 80735 46397 34338 38892 20104 19746 19321 21719 17427 13382 18788 24678 18840 11267 8139 7445 5243 11252 5753 5499 3165 7536 7151 5579 4045 4119 13142 7088 13411 10712 12739 11972 7307 4271 3036 9076 5588 4699 7712 889 3927 11128 8093 2430 1572 2429 3807 3847 6962 4267 246 7460 672 1793 947 1726 568 545 1158 752 2152 6765 468 6297 4784 3262 4021 2256 1765 1810 1697 798 3790 475 2695 336 3035 2690 14592 698 4005 2891 736 669 3601 1086 13894 213 3150 1660 3882 756 183 3728 3488 2695 2515 498 2017 3796 3080 340 2370 160 3793 1671 2210 3608 1124 780 2740 1211 1875 7609 2359 2246 2194 1996 258 190 309 210 716 239 206
internal_count=119627 80735 46397 34338 38892 20104 19746 19321 21719 17427 13382 18788 24678 18840 11267 8139 7445 5243 11252 5753 5499 3165 7536 7151 5579 4045 4119 13142 7088 13411 10712 12739 11972 7307 4271 3036 9076 5588 4699 7712 889 3927 11128 8093 2430 1572 2429 3807 3847 6962 4267 246 7460 672 1793 947 1726 568 545 1158 752 2152 6765 468 6297 4784 3262 4021 2256 1765 1810 1697 798 3790 475 2695 336 3035 2690 14592 698 4005 2891 736 669 3601 1086 13894 213 3150 1660 3882 756 183 3728 3488 2695 2515 498 2017 3796 3080 340 2370 160 3793 1671 2210 3608 1124 780 2740 1211 1875 7609 2359 2246 2194 1996 258 190 309 210 716 239 206
is_linear=0
shrinkage=0.04


Tree=61
num_leaves=127
num_cat=0
split_feature=9 9 13 7 8 17 1 1 1 9 4 1 1 1 1 1 4 8 12 1 1 1 18 12 1 1 7 1 1 8 1 1 1 17 1 1 1 4 1 1 4 7 4 18 4 10 10 1 1 1 1 1 1 1 10 1 11 4 1 13 4 1 1 4 1 9 1 1 1 1 1 1 10 10 9 1 1 1 9 10 1 10 1 4 10 1 1 1 1 14 10 1 1 1 1 1 1 1 1 10 1 11 1 9 1 1 1 1 18 1 10 9 1 1 1 1 1 1 11 11 11 7 1 1 10 1
split_gain=150.364 41.2354 15.049 12.2544 12.1485 10.8073 11.9871 12.1755 13.9769 8.23813 8.51998 8.14822 7.87845 12.3121 7.87227 7.69207 6.90492 6.76825 6.37084 6.16976 7.76949 6.5166 6.12456 6.00195 5.96693 5.90117 5.77763 5.5108 8.62971 5.25285 4.98795 5.03667 4.91412 4.85662 4.76702 18.8055 5.89897 4.73578 4.60424 4.54556 4.39439 4.23912 4.19159 5.13755 4.32649 4.0675 4.04535 4.01937 7.14764 3.86396 6.16367 6.93015 5.78709 4.39748 4.04626 3.85189 3.83227 4.29008 3.79969 3.77113 3.71455 3.69165 3.53517 3.52167 3.4964 3.77106 3.47277 3.94656 4.34735 3.67801 3.41777 5.42397 4.4661 4.32552 3.36573 3.28562 4.90509 4.79153 4.40194 3.28268 3.28183 3.28114 3.2644 3.25389 3.25376 3.20819 8.84087 8.14661 5.47101 3.64725 3.13451 3.08388 11.1536 10.8584 5.49475 4.25237 6.54735 4.01418 3.79062 6.51264 4.66716 3.87794 3.66201 3.6032 3.54455 5.70369 3.79904 3.50436 3.34276 3.75983 3.07118 3.0538 3.04735 5.34158 2.97653 4.09966 7.10058 2.94832 2.94036 2.89823 2.78065 2.75452 2.74409 2.73105 2.67506 2.66973
threshold=7.5000000000000009 12.500000000000002 0.97215000000000007 3.5000000000000004 1.5000000000000002 1.0000000180025095e-35 22.500000000000004 65.500000000000014 52.500000000000007 15.500000000000002 14.500000000000002 243.50000000000003 35.500000000000007 46.500000000000007 266.50000000000006 62.500000000000007 13.500000000000002 1.5000000000000002 3.5000000000000004 212.50000000000003 34.500000000000007 266.50000000000006 1.0000000180025095e-35 2.5000000000000004 51.500000000000007 217.50000000000003 3.5000000000000004 248.50000000000003 253.50000000000003 1.5000000000000002 262.50000000000006 267.50000000000006 273.50000000000006 1.0000000180025095e-35 136.50000000000003 197.50000000000003 130.50000000000003 13.500000000000002 15.500000000000002 271.50000000000006 15.500000000000002 3.5000000000000004 14.500000000000002 1.0000000180025095e-35 13.500000000000002 89863.500000000015 50123.500000000007 143.50000000000003 150.50000000000003 47.500000000000007 65.500000000000014 110.50000000000001 43.500000000000007 83.500000000000014 59420.500000000007 133.50000000000003 9537.4800000000014 13.500000000000002 35.500000000000007 0.89745000000000008 28.500000000000004 115.50000000000001 12.500000000000002 5.5000000000000009 31.500000000000004 10.500000000000002 65.500000000000014 167.50000000000003 165.50000000000003 34.500000000000007 238.50000000000003 186.50000000000003 100001.00000000001 75074.000000000015 17.500000000000004 197.50000000000003 178.50000000000003 210.50000000000003 1.0000000180025095e-35 70509.000000000015 12.500000000000002 59007.500000000007 28.500000000000004 15.500000000000002 77505.500000000015 153.50000000000003 160.50000000000003 116.50000000000001 159.50000000000003 0.8065500000000001 58462.500000000007 192.50000000000003 133.50000000000003 129.50000000000003 248.50000000000003 165.50000000000003 177.50000000000003 179.50000000000003 116.50000000000001 99345.500000000015 115.50000000000001 12592.170000000002 159.50000000000003 11.500000000000002 245.50000000000003 225.50000000000003 227.50000000000003 147.50000000000003 1.0000000180025095e-35 160.50000000000003 37049.000000000007 18.500000000000004 225.50000000000003 222.50000000000003 248.50000000000003 167.50000000000003 176.50000000000003 140.50000000000003 13101.400000000001 8564.3650000000034 13101.400000000001 2.5000000000000004 232.50000000000003 266.50000000000006 101731.00000000001 206.50000000000003
decision_type=2 2 2 2 2 2 2 2 2 2 2 2 2 2 2 2 2 2 2 2 2 2 2 2 2 2 2 2 2 2 2 2 2 2 2 2 2 2 2 2 2 2 2 2 2 2 2 2 2 2 2 2 2 2 2 2 2 2 2 2 2 2 2 2 2 2 2 2 2 2 2 2 2 2 2 2 2 2 2 2 2 2 2 2 2 2 2 2 2 2 2 2 2 2 2 2 2 2 2 2 2 2 2 2 2 2 2 2 2 2 2 2 2 2 2 2 2 2 2 2 2 2 2 2 2 2
left_child=2 5 3 19 26 6 56 8 12 10 16 17 64 41 23 -10 -6 47 25 20 62 121 -12 29 84 85 70 -13 -29 114 -30 -32 60 75 36 -36 119 -11 80 123 61 59 44 -44 45 -31 66 49 -49 52 54 53 83 -52 81 118 57 -2 -24 -14 124 111 -1 -7 82 -66 69 68 -68 -40 71 73 -72 -3 -63 76 -4 -77 -79 -37 -19 -51 90 -5 -15 87 88 -18 -87 -88 -8 92 93 98 104 102 -97 -98 100 -100 -46 103 107 -101 105 -93 -107 -94 -104 -110 125 -28 113 -69 115 -9 -117 -57 -53 -22 -80 -21 -114 -27 -16 -50
right_child=1 4 33 11 9 63 7 14 15 37 22 27 13 24 32 -17 18 38 -20 21 34 -23 58 -25 -26 39 40 28 30 42 31 -33 -34 -35 35 79 -38 -39 46 -41 -42 -43 43 -45 91 -47 -48 48 110 50 51 55 -54 -55 -56 117 -58 -59 -60 -61 -62 74 -64 -65 65 -67 67 112 -70 -71 72 -73 -74 -75 -76 77 -78 78 120 -81 -82 -83 -84 -85 -86 86 89 -89 -90 -91 -92 94 95 -95 -96 96 97 -99 99 101 -102 -103 108 -105 -106 106 -108 -109 109 -111 -112 -113 122 -115 -116 116 -118 -119 -120 -121 -122 -123 -124 -125 -126 -127
leaf_value=0.0055342525313655834 -0.011372810291504887 -0.0038426627723332487 0.0031237366085522665 0.0022358173589847796 -0.0060363228505602353 -0.0060285490614705971 0.0036402668484415666 -0.00045882205659314278 0.0039552001069323092 -0.015604553864988395 0.00011113437491303447 0.0052841778494876358 -0.016911495427146834 0.0023730842380045424 0.005266204780214224 0.00017356926878473331 -0.0026033663092042999 0.0097732132161196146 -0.0063749598874723182 -9.7916134589771229e-05 0.007583100951780517 0.0055481655925158921 -0.015440768793509599 -0.0029322994913419443 -0.013181003167957601 -0.00068400313023646948 0.00036542200627571851 -0.0069088227126256098 0.0065942170087162138 -0.0062978134364524473 -0.0004432307224398636 0.0057228882969633807 -0.0019143223546302052 0.013039596767544607 -0.001135164573213811 0.0071891522617348663 0.016228973226247181 -0.0045220324191046855 0.00030320624071084745 -0.014666444497909981 -0.0091339313970066425 -0.0031091287985004759 -0.00031631019541709682 -0.0061966537708547913 -0.00063044096900100998 0.0002876457468194155 -0.00028253836975322639 -0.002235580351411645 0.00094211511928249273 0.0059978540721832242 0.0019881018542335189 0.0044126920955451102 -0.0051377867628308602 -0.0023837595762051071 0.0020800868644431257 0.00023447253728851508 -0.0072735753231304694 -0.0023027101488418125 -0.0066609447269016563 -0.0017087698083051118 -0.01394373420459121 -0.0025156458107212822 -0.0012476363657120708 0.0068040673404456496 0.007698321552543911 -0.0085943068308659294 -1.9801811724260137e-05 0.0015715251071692171 -0.0053183607285422832 0.0033082020498652926 0.0033568847114448653 0.012337037933008409 -0.0071476382853357095 0.0025504830563889847 -0.012863075332148017 0.010704955708781985 -0.0014634761364657864 0.02102912000600728 0.0029791416714080934 0.0034518290502386284 -0.0040024659217646934 0.022400635202132646 -0.0076567293546438769 -0.0049276731367969874 -0.00041169494948972138 -0.0049331160153973418 -0.0040179305322981295 0.00081077725158014056 -0.017050670239640651 -6.4859424023870456e-05 0.00028681430997748485 0.0015007244804995912 -0.0038561006878029581 0.014335039944473922 -0.0023615046076426501 0.00020438842916416466 -0.010652349492287296 -0.0030990225958498025 0.0034495530090147743 -0.018979886631044357 -0.0058661091834331805 0.00087464270558260538 -0.0041000205492952796 0.00045114943260385977 0.0035230511419941874 -0.0043564135595774087 0.00047784167844517467 0.0014682527837727877 -0.015041375826201053 -0.004590842739959947 0.00061312139512700913 0.017043647107498422 -0.0033382251357939817 0.0082814104382440863 -0.00366169664609082 0.0077385394659947307 0.00085857587175858425 0.0052390627915152779 0.010961127907014827 0.0041368556902005591 0.0064277165726014576 0.0075961092303853716 0.00075999746683343865 0.0029193115333341416 0.0015255948082999002 0.0032791097491592226
leaf_weight=147 87 201 3374 1137 776 37 639 3937 2503 63 204 1128 69 1148 602 1315 7194 29 551 2146 470 430 89 2371 50 2407 624 169 377 460 776 291 421 84 1181 873 73 3616 1052 35 129 2027 414 563 8140 221 6936 999 1363 1029 731 746 244 741 555 657 332 2147 758 43 20 769 749 401 223 25 3812 3226 265 1726 110 79 156 1060 54 186 418 24 1597 671 513 20 67 111 1612 120 1299 1322 121 527 1486 1884 1573 79 1205 1318 133 757 734 47 282 64 283 22 616 577 471 225 132 97 3842 18 345 202 313 271 2115 265 130 2426 493 77 1076 391 630 1854
leaf_count=147 87 201 3374 1137 776 37 639 3937 2503 63 204 1128 69 1148 602 1315 7194 29 551 2146 470 430 89 2371 50 2407 624 169 377 460 776 291 421 84 1181 873 73 3616 1052 35 129 2027 414 563 8140 221 6936 999 1363 1029 731 746 244 741 555 657 332 2147 758 43 20 769 749 401 223 25 3812 3226 265 1726 110 79 156 1060 54 186 418 24 1597 671 513 20 67 111 1612 120 1299 1322 121 527 1486 1884 1573 79 1205 1318 133 757 734 47 282 64 283 22 616 577 471 225 132 97 3842 18 345 202 313 271 2115 265 130 2426 493 77 1076 391 630 1854
internal_value=-1.2398e-06 -0.00123987 0.00162242 0.00137125 -0.00263192 -0.000541317 -0.000602603 -0.000441026 0.000688581 -0.00300729 -0.00260961 0.00104036 -0.000326363 -0.00124392 -0.00084983 0.00265381 -0.00236108 0.000869147 -0.00215656 0.00267199 0.00332798 0.00104097 -0.00609148 -0.00100228 0.000495526 -0.00198296 -0.000346427 0.00313794 0.00163433 -0.000832217 0.00263737 0.00123507 0.00181798 0.00347582 0.00387282 0.00266142 0.00498319 -0.00471332 0.000376617 -0.000359858 -0.00205339 -0.00353081 -0.00115165 -0.00370926 -0.00102209 -0.00415508 0.000482485 0.00152386 0.000929512 0.00227553 0.00282093 0.00182263 0.000491086 -0.000209974 0.00485338 0.00348885 -0.00325719 -0.00265822 -0.00758994 -0.0111171 0.00307626 -0.00142661 -0.000130026 0.00570977 0.00153303 0.00603699 0.000936192 0.000551192 -0.000365305 0.00217173 0.00134532 0.00216914 -0.002789 0.00152804 -0.00320092 0.00334309 0.002617 0.00453828 0.00399333 0.00556789 -0.00325635 0.0063165 0.00102138 0.00159513 0.000745207 -0.00241707 -0.003833 -0.00207289 -0.0110382 -0.0028793 0.00129722 -0.000907384 -0.00120841 -0.000420617 -2.70892e-05 -0.00284095 -0.00158267 -0.00423334 -0.000546693 0.00197024 -0.000806293 -0.00616016 -0.00404181 -0.0127349 0.00076466 0.00018367 -0.00218011 -0.00318755 -0.00703271 -0.0106361 0.00137803 0.000841847 0.00132259 0.00196831 0.000144209 0.000333296 0.00164196 0.00167764 0.0053902 0.00469778 0.00379479 0.000167119 -0.000232347 -0.00017895 0.00335692 0.00229026
internal_weight=119627 67861 51766 45590 22673 45188 44750 42184 11207 19473 15794 36347 7389 4949 30977 3818 14743 33606 13967 9243 6590 2653 1051 29304 2810 13416 3200 2741 1613 26933 1444 1067 1673 6176 5694 2725 2969 3679 19182 2833 1594 2139 20297 977 19320 681 18640 14424 8058 6366 4874 3270 1492 1472 1604 1798 2566 2234 847 112 1252 1465 896 438 2440 248 11704 8926 4077 2778 1606 1340 266 1261 823 6092 3792 2300 2114 1544 542 1049 2192 1248 2760 10583 2067 8516 241 1826 2125 18639 13886 9368 4753 4518 2208 890 9289 867 8422 133 2310 69 3548 2932 1048 1798 512 229 7059 642 4849 3428 6636 6323 2386 922 876 2896 2090 2223 1421 2798 1232 3217
internal_count=119627 67861 51766 45590 22673 45188 44750 42184 11207 19473 15794 36347 7389 4949 30977 3818 14743 33606 13967 9243 6590 2653 1051 29304 2810 13416 3200 2741 1613 26933 1444 1067 1673 6176 5694 2725 2969 3679 19182 2833 1594 2139 20297 977 19320 681 18640 14424 8058 6366 4874 3270 1492 1472 1604 1798 2566 2234 847 112 1252 1465 896 438 2440 248 11704 8926 4077 2778 1606 1340 266 1261 823 6092 3792 2300 2114 1544 542 1049 2192 1248 2760 10583 2067 8516 241 1826 2125 18639 13886 9368 4753 4518 2208 890 9289 867 8422 133 2310 69 3548 2932 1048 1798 512 229 7059 642 4849 3428 6636 6323 2386 922 876 2896 2090 2223 1421 2798 1232 3217
is_linear=0
shrinkage=0.04


Tree=62
num_leaves=127
num_cat=0
split_feature=9 9 17 13 8 7 17 1 1 1 9 4 1 1 1 1 4 1 8 1 1 12 1 1 1 18 12 1 1 7 8 1 4 1 1 4 7 10 7 1 4 18 4 1 1 10 10 1 1 1 1 1 1 1 4 13 4 1 10 4 1 1 1 1 1 9 1 1 10 10 10 9 1 1 1 1 9 1 1 10 1 1 1 1 14 1 1 1 10 10 1 1 1 1 1 1 1 1 10 1 1 1 1 1 1 18 1 10 1 9 1 1 1 1 1 1 4 18 14 1 10 1 1 1 10 1
split_gain=138.589 38.0039 13.9846 12.5041 11.1968 10.3288 9.95904 11.0482 11.2209 12.8823 7.5915 7.85153 7.26147 11.3474 7.25478 7.08853 6.36299 6.31309 6.10607 6.04041 7.33117 5.87092 5.66695 7.28553 6.27211 5.64601 5.53109 5.50003 5.43835 5.32485 4.8413 4.52919 4.3644 4.23636 4.19016 4.04992 3.97634 5.58801 3.90823 3.86399 3.86326 4.73413 3.98654 3.84115 6.48448 3.74948 3.70206 3.62252 6.62292 6.38792 4.0528 3.76182 3.54935 3.50089 3.4916 3.47373 3.40598 3.4036 3.36495 3.24704 3.22306 3.59313 4.00657 3.38925 3.22112 3.47723 3.1494 4.99904 4.11674 3.9868 3.14001 3.10183 3.03815 3.02844 4.52107 4.41503 4.05773 3.02578 3.00904 2.99883 2.95726 8.14895 7.50833 5.04032 3.36077 2.94097 2.93016 5.08124 2.90312 2.88856 2.84245 10.2804 10.0082 5.06415 3.91896 6.03503 3.69897 3.49391 6.00002 4.30124 3.37577 3.26657 5.25616 3.50167 3.23028 3.08031 3.4632 3.03677 2.81588 2.81554 2.77184 4.94528 2.74328 3.77862 6.54381 2.71694 2.69613 2.80549 2.6599 2.64489 2.63367 2.77156 4.06381 3.4665 2.70313 2.66676
threshold=7.5000000000000009 12.500000000000002 1.0000000180025095e-35 0.97215000000000007 1.5000000000000002 3.5000000000000004 1.0000000180025095e-35 22.500000000000004 65.500000000000014 52.500000000000007 15.500000000000002 14.500000000000002 35.500000000000007 46.500000000000007 266.50000000000006 62.500000000000007 13.500000000000002 243.50000000000003 1.5000000000000002 248.50000000000003 261.50000000000006 3.5000000000000004 212.50000000000003 34.500000000000007 266.50000000000006 1.0000000180025095e-35 2.5000000000000004 51.500000000000007 217.50000000000003 3.5000000000000004 1.5000000000000002 273.50000000000006 13.500000000000002 15.500000000000002 271.50000000000006 15.500000000000002 1.0000000180025095e-35 70509.000000000015 3.5000000000000004 36.500000000000007 14.500000000000002 1.0000000180025095e-35 13.500000000000002 143.50000000000003 150.50000000000003 89863.500000000015 50123.500000000007 48.500000000000007 65.500000000000014 110.50000000000001 83.500000000000014 14.500000000000002 133.50000000000003 35.500000000000007 15.500000000000002 0.89745000000000008 13.500000000000002 115.50000000000001 59420.500000000007 5.5000000000000009 65.500000000000014 167.50000000000003 165.50000000000003 34.500000000000007 31.500000000000004 10.500000000000002 238.50000000000003 186.50000000000003 100001.00000000001 75074.000000000015 87004.500000000015 17.500000000000004 108.50000000000001 197.50000000000003 178.50000000000003 210.50000000000003 1.0000000180025095e-35 12.500000000000002 28.500000000000004 77505.500000000015 153.50000000000003 160.50000000000003 116.50000000000001 159.50000000000003 0.8065500000000001 12.500000000000002 264.50000000000006 267.50000000000006 59007.500000000007 58462.500000000007 192.50000000000003 133.50000000000003 129.50000000000003 248.50000000000003 165.50000000000003 177.50000000000003 179.50000000000003 116.50000000000001 99345.500000000015 115.50000000000001 159.50000000000003 245.50000000000003 225.50000000000003 227.50000000000003 147.50000000000003 1.0000000180025095e-35 160.50000000000003 248407.50000000003 77.500000000000014 18.500000000000004 225.50000000000003 222.50000000000003 248.50000000000003 167.50000000000003 176.50000000000003 140.50000000000003 25.500000000000004 1.0000000180025095e-35 0.81415000000000015 267.50000000000006 37049.000000000007 206.50000000000003 190.50000000000003 225.50000000000003 32508.000000000004 212.50000000000003
decision_type=2 2 2 2 2 2 2 2 2 2 2 2 2 2 2 2 2 2 2 2 2 2 2 2 2 2 2 2 2 2 2 2 2 2 2 2 2 2 2 2 2 2 2 2 2 2 2 2 2 2 2 2 2 2 2 2 2 2 2 2 2 2 2 2 2 2 2 2 2 2 2 2 2 2 2 2 2 2 2 2 2 2 2 2 2 2 2 2 2 2 2 2 2 2 2 2 2 2 2 2 2 2 2 2 2 2 2 2 2 2 2 2 2 2 2 2 2 2 2 2 2 2 2 2 2 2
left_child=2 6 3 5 29 22 7 56 9 12 11 16 64 38 26 -11 -6 18 43 -19 -21 28 23 85 -24 -13 30 79 80 66 112 54 -12 77 -30 57 72 -38 55 -4 42 -42 45 47 -45 -32 60 51 58 50 -50 -7 -51 -27 -16 -14 -2 109 88 -8 63 62 -62 -35 78 -66 67 69 -68 -3 116 -59 108 74 -5 -75 -77 -20 89 -15 82 83 -18 -82 -83 -1 -22 -88 -49 -9 91 92 97 101 100 -96 -97 99 -99 -44 104 102 -92 -104 -93 -102 -107 -100 -25 -31 111 -63 113 -10 -115 -54 -58 -118 -84 -78 121 122 -46 -123 -125 -122
right_child=1 4 39 73 10 17 59 8 14 15 32 25 13 27 31 -17 21 19 33 20 86 -23 24 36 -26 53 -28 -29 34 35 40 -33 -34 46 -36 -37 37 -39 -40 -41 41 -43 90 44 120 -47 -48 48 49 52 -52 -53 115 -55 -56 -57 70 71 -60 -61 61 110 -64 -65 65 -67 68 -69 -70 -71 -72 -73 -74 75 -76 76 119 -79 -80 -81 81 84 118 -85 -86 -87 87 -89 -90 -91 93 94 -94 -95 95 96 -98 98 107 -101 105 -103 103 -105 -106 106 -108 -109 -110 -111 -112 -113 -114 114 -116 -117 117 -119 -120 -121 125 123 -124 124 -126 -127
leaf_value=0.0061325841161725984 -0.010918420393075516 -0.003689032754254602 0.0026769054286944443 0.0029987908523040219 -0.0057949010067057305 0.0081123182415120173 -0.0057880571243576606 0.0034946789560197471 -0.00044046964292210436 0.0037969984191612237 -0.014981360835998825 0.00010669118067681323 -0.016236015256984881 0.0022781691423946404 0.003377447839464831 0.00016662699011212617 -0.0024992331167565016 0.0050728294183440261 0.0093836280816199449 -0.006632633160244583 0.0051432653454747557 -0.0061200077945173514 4.0909263082241543e-05 -1.3505075811208258e-05 0.0053262905524625696 -0.014823831429518968 -0.0028150124779613823 -0.012654815505364698 -0.00017173203052121784 0.00035080745982245254 -0.0060459554880465593 -0.0018377676435970289 -0.0043411561501651048 0.00029107916925783905 -0.01408145836275867 -0.0087688573096077367 0.0052298944239739433 0.0025968211845965486 -0.0029847697987514812 0.012985419186440444 -0.00030366088718556425 -0.0059488316303966862 -0.00060522364327987056 -0.0021461661125124717 0.0018689435056546129 0.00027614517668990836 -0.00027123698627645808 0.0060543920223554209 0.0019085886526765967 0.0051748426660528394 -0.0022884220806317539 6.822323837597937e-05 0.00022509507856738109 -0.0063945420360878892 -0.0075903318602429113 -0.0016405774808538485 -0.0017273283135860627 -0.0024150330452397399 0.0022813472014424044 0.0065319724481834266 -1.9009775127054604e-05 0.0014939039568295635 -0.0051057065472917386 0.0031758816624130959 0.0073905267288256315 -0.0082519040544669457 0.0032227311312448539 0.011844180112542154 -0.0068619158612009349 0.0024484733561715051 -0.0055826363804927434 -0.012349503600002436 -0.0036593430548349693 0.010276987649368255 -0.0014049510294970244 0.020191445726576683 0.0031181417142565181 -0.0038423984368768983 -0.0073509167966428713 -0.00039522815101571227 -0.0047359556733916749 -0.0038572257154598035 -0.00038904389930464491 -0.016369206473588156 -6.2265562325054496e-05 -0.0011977375904402749 -0.00077409006793131884 0.005494051336121083 0.02150906833250131 0.00027534250284394534 0.0014406987126423529 -0.0037018664763488153 0.013762363023613255 -0.002267052265039142 0.00019621351870470976 -0.010226575781043358 -0.0029750780469925291 0.0033115897117622327 -0.0093252975681960646 -0.0056315479827308557 -0.003936077606048749 0.0033821519570394316 -0.004182187222232233 0.00045873208362041777 0.0014095487953662239 -0.014440176320021845 -0.0044073981922944719 0.0047325862828073465 0.0086346481179820581 0.016365667654005864 -0.00022294770130560382 0.0079503179557956962 -0.0035152755725783177 0.0074291120390969417 0.0008242344647522616 0.0050295794341552996 -0.0038634683528476379 -0.017505695228902704 0.00352755584832485 0.007541016067680875 0.0016522150255571827 0.0045905863859939675 -0.0035926182878264048 -0.00010127188996627155 0.0059152367562156204 -0.0004543281389012284
leaf_weight=99 87 201 81 3374 776 99 37 639 3937 2503 63 204 69 1148 1204 1315 7194 1128 29 169 387 551 2190 179 430 89 2371 50 2798 624 460 421 3616 1052 35 129 2669 2513 2027 217 414 563 8140 999 1075 221 6936 938 731 876 741 1534 657 758 48 43 1832 769 486 401 3812 3225 265 1726 223 25 110 79 156 1060 531 54 198 186 418 24 1843 513 67 1612 120 1299 927 121 527 749 713 291 20 1486 1884 1573 79 1205 1318 133 757 734 101 282 283 616 577 471 225 132 97 32 90 18 1421 202 313 271 2115 265 81 35 395 247 1904 1094 273 612 148 1938
leaf_count=99 87 201 81 3374 776 99 37 639 3937 2503 63 204 69 1148 1204 1315 7194 1128 29 169 387 551 2190 179 430 89 2371 50 2798 624 460 421 3616 1052 35 129 2669 2513 2027 217 414 563 8140 999 1075 221 6936 938 731 876 741 1534 657 758 48 43 1832 769 486 401 3812 3225 265 1726 223 25 110 79 156 1060 531 54 198 186 418 24 1843 513 67 1612 120 1299 927 121 527 749 713 291 20 1486 1884 1573 79 1205 1318 133 757 734 101 282 283 616 577 471 225 132 97 32 90 18 1421 202 313 271 2115 265 81 35 395 247 1904 1094 273 612 148 1938
internal_value=-1.1888e-06 -0.00119033 0.0015576 0.00150747 -0.00252672 0.00127887 -0.000519704 -0.000578539 -0.000423413 0.000660997 -0.00288709 -0.00250531 -0.000313372 -0.00119428 -0.000815866 0.00254771 -0.00226672 0.000976071 0.000826548 0.00284192 0.00122601 -0.00207037 0.00248267 0.00311621 0.000910054 -0.0058479 -0.00096222 0.000475575 -0.00190371 -0.00033252 -0.000798954 0.00174515 -0.00452485 0.000359013 -0.000345481 -0.00197128 0.00363524 0.00395384 -0.00338976 0.0101987 -0.00110562 -0.00356108 -0.000981224 0.00144946 0.000868072 -0.00398868 0.000460577 0.00218554 0.0027482 0.0017499 -0.000201468 0.00055881 0.00334961 -0.00728663 0.00295319 -0.0106746 -0.00312706 -0.00136943 0.00500583 0.00548103 0.00089464 0.000523684 -0.000350737 0.00208493 0.0014717 0.00579486 0.00129152 0.00208241 -0.0026769 0.00146678 -0.00285158 -0.00307315 9.1302e-05 0.00320947 0.00251228 0.00435703 0.0038338 -0.00312575 0.000980516 0.000715343 -0.00232045 -0.00367996 -0.00198996 -0.0105977 -0.00276422 -0.000336618 0.00218408 0.00103905 0.00638342 0.00124542 -0.000871107 -0.00116011 -0.000403761 -2.59393e-05 -0.00272745 -0.00151939 -0.00406425 -0.000524817 0.00189155 -0.000774064 -0.00388032 0.00073412 0.00017632 -0.00209277 -0.00305996 -0.00675221 -0.0102117 -0.00591188 0.0028672 0.000808531 0.00125986 0.00187586 0.000138419 0.000319969 0.00157637 0.00161073 -0.00210483 -0.00802564 0.000778349 0.00364309 0.00129615 0.00214384 0.000759704 0.00314795 0.00106573 0.000588597
internal_weight=119627 67861 51766 51468 22673 45376 45188 44750 42184 11207 19473 15794 7389 4949 30977 3818 14743 36259 33571 2688 1560 13967 9117 6497 2620 1051 29304 2810 13416 3200 26933 1673 3679 19181 2833 1594 5649 5182 2139 298 20297 977 19320 14390 8043 681 18639 6347 4714 3270 1472 1633 1798 847 1252 112 2566 1465 1444 438 11703 8925 4077 2778 2440 248 1606 1340 266 1261 2479 823 467 6092 3792 2300 2114 542 2192 2760 10583 2067 8516 241 1826 848 1391 1004 958 2125 18639 13886 9368 4753 4518 2208 890 9289 867 8422 2310 3548 2932 1048 1798 512 229 133 269 642 4848 3427 6636 6323 2386 922 1948 116 1322 2090 7044 3202 1348 1854 760 3842
internal_count=119627 67861 51766 51468 22673 45376 45188 44750 42184 11207 19473 15794 7389 4949 30977 3818 14743 36259 33571 2688 1560 13967 9117 6497 2620 1051 29304 2810 13416 3200 26933 1673 3679 19181 2833 1594 5649 5182 2139 298 20297 977 19320 14390 8043 681 18639 6347 4714 3270 1472 1633 1798 847 1252 112 2566 1465 1444 438 11703 8925 4077 2778 2440 248 1606 1340 266 1261 2479 823 467 6092 3792 2300 2114 542 2192 2760 10583 2067 8516 241 1826 848 1391 1004 958 2125 18639 13886 9368 4753 4518 2208 890 9289 867 8422 2310 3548 2932 1048 1798 512 229 133 269 642 4848 3427 6636 6323 2386 922 1948 116 1322 2090 7044 3202 1348 1854 760 3842
is_linear=0
shrinkage=0.04


Tree=63
num_leaves=127
num_cat=0
split_feature=9 9 17 9 8 17 1 1 1 0 0 1 1 1 0 1 1 1 1 0 1 1 1 2 0 0 0 1 0 0 1 2 0 1 9 4 0 4 1 1 0 1 1 1 1 1 4 14 2 1 0 1 10 0 1 11 1 2 11 1 0 1 0 0 1 2 0 2 0 18 2 2 1 0 4 1 18 1 1 1 1 1 0 4 14 2 2 2 9 2 1 1 4 14 10 10 1 10 2 2 2 2 1 1 2 11 4 11 4 18 10 2 1 2 11 10 10 10 10 0 9 1 2 0 10 9
split_gain=127.736 35.0256 12.89 11.2885 10.3199 9.17739 10.1841 10.3412 11.8734 8.49907 10.2852 13.3676 11.1719 9.23749 9.1832 13.5983 25.2628 9.41839 9.26631 14.5764 10.4131 10.5964 8.93299 8.22995 10.21 12.5806 8.00406 13.8938 8.42092 7.78085 7.75432 7.59307 7.43543 7.42143 6.99545 7.23541 6.69407 6.90172 6.69284 10.4584 6.65826 6.53232 6.06416 5.92126 9.52257 5.86796 5.86349 5.73547 5.5181 8.72903 5.51083 5.12127 5.0903 5.06968 4.84481 4.77336 4.73871 5.1353 4.73829 4.63987 4.57344 4.52918 4.90968 5.81119 6.14584 4.39382 4.26337 4.22489 4.1723 4.1556 4.10011 4.233 4.05106 4.62095 4.02211 3.91387 3.79796 3.79777 6.10187 7.67869 5.1477 4.99326 3.79542 3.77626 3.75243 3.75214 5.55673 5.25387 3.77476 3.72696 3.69962 3.69484 3.64676 3.63105 3.61984 3.60658 3.55918 3.50279 3.49287 4.13304 5.6429 3.4681 3.46467 3.43124 3.4607 3.36047 3.6517 3.32914 3.32414 3.31199 3.27321 3.66843 10.8368 5.22815 3.26435 3.25535 3.21775 3.18526 4.06786 3.90491 3.12408 3.10732 3.38059 3.10191 3.03803 3.02752
threshold=7.5000000000000009 12.500000000000002 1.0000000180025095e-35 2.5000000000000004 1.5000000000000002 1.0000000180025095e-35 22.500000000000004 65.500000000000014 52.500000000000007 15.500000000000002 10.500000000000002 212.50000000000003 83.500000000000014 233.50000000000003 25.500000000000004 118.50000000000001 77.500000000000014 218.50000000000003 225.50000000000003 27.500000000000004 111.50000000000001 167.50000000000003 266.50000000000006 1595.5000000000002 27.500000000000004 26.500000000000004 25.500000000000004 188.50000000000003 24.500000000000004 23.500000000000004 165.50000000000003 692.50000000000011 28.500000000000004 197.50000000000003 15.500000000000002 14.500000000000002 6.5000000000000009 13.500000000000002 35.500000000000007 46.500000000000007 19.500000000000004 62.500000000000007 241.50000000000003 38.500000000000007 16.500000000000004 116.50000000000001 13.500000000000002 0.85975000000000013 1675.5000000000002 143.50000000000003 6.5000000000000009 225.50000000000003 123262.00000000001 7.5000000000000009 261.50000000000006 25516.750000000004 130.50000000000003 1900.5000000000002 15483.000000000002 217.50000000000003 11.500000000000002 217.50000000000003 27.500000000000004 23.500000000000004 116.50000000000001 970.50000000000011 9.5000000000000018 1194.5000000000002 5.5000000000000009 1.0000000180025095e-35 491.50000000000006 635.50000000000011 178.50000000000003 26.500000000000004 13.500000000000002 84.500000000000014 1.0000000180025095e-35 27.500000000000004 43.500000000000007 46.500000000000007 71.500000000000014 34.500000000000007 22.500000000000004 15.500000000000002 0.69095000000000006 556.50000000000011 657.50000000000011 93.500000000000014 22.500000000000004 1035.5000000000002 271.50000000000006 248.50000000000003 13.500000000000002 0.93835000000000013 134800.50000000003 77121.500000000015 36.500000000000007 120924.00000000001 1654.5000000000002 817.50000000000011 843.50000000000011 1287.5000000000002 247.50000000000003 235.50000000000003 1535.5000000000002 9537.4800000000014 13.500000000000002 10050.395000000002 15.500000000000002 1.0000000180025095e-35 109068.50000000001 850.50000000000011 262.50000000000006 1640.5000000000002 5375.5000000000009 45012.500000000007 56132.000000000007 120116.00000000001 206337.00000000003 26.500000000000004 20.500000000000004 222.50000000000003 873.50000000000011 5.5000000000000009 50123.500000000007 11.500000000000002
decision_type=2 2 2 2 2 2 2 2 2 2 2 2 2 2 2 2 2 2 2 2 2 2 2 2 2 2 2 2 2 2 2 2 2 2 2 2 2 2 2 2 2 2 2 2 2 2 2 2 2 2 2 2 2 2 2 2 2 2 2 2 2 2 2 2 2 2 2 2 2 2 2 2 2 2 2 2 2 2 2 2 2 2 2 2 2 2 2 2 2 2 2 2 2 2 2 2 2 2 2 2 2 2 2 2 2 2 2 2 2 2 2 2 2 2 2 2 2 2 2 2 2 2 2 2 2 2
left_child=2 5 3 55 31 6 105 8 38 10 12 60 43 30 15 16 40 48 20 -20 -16 -22 110 24 25 26 28 58 36 107 45 66 -26 72 35 46 -9 109 123 84 77 -10 -15 44 -5 -14 67 82 49 -17 -37 -31 -27 -41 91 65 -50 93 -28 -29 -12 62 63 64 -48 121 83 76 95 -52 -65 -72 73 -23 -36 -73 -6 -11 81 -80 -81 -79 -39 92 -40 87 -87 -76 -89 -86 -63 102 -3 -58 108 -66 -4 -45 99 -62 -101 -47 -19 -21 -105 106 -2 -25 -33 -38 111 -13 -113 -114 -51 -75 -7 120 119 -119 -88 122 -1 -8 -34 -30
right_child=1 4 96 9 34 116 7 23 41 14 11 22 13 42 18 17 -18 54 19 103 21 33 -24 29 32 52 27 59 125 51 -32 94 124 -35 74 50 37 47 39 53 -42 -43 -44 97 -46 101 61 -49 56 114 69 -53 -54 -55 -56 -57 57 -59 -60 -61 98 90 -64 70 68 -67 -68 -69 -70 -71 71 75 -74 115 85 -77 -78 78 79 80 -82 -83 -84 -85 89 86 117 88 -90 -91 -92 -93 -94 -95 -96 -97 -98 -99 -100 100 -102 -103 -104 104 -106 -107 -108 -109 -110 -111 -112 112 113 -115 -116 -117 -118 118 -120 -121 -122 -123 -124 -125 -126 -127
leaf_value=0.0032576185435194351 -0.010482184878720482 -0.0059013870845966813 0.0025699612656298171 0.007036439271976779 -0.0022192973057378949 0.014622676593721656 -0.0070573181644548438 -0.0046838429424479215 0.003645124549971603 -0.0036100073496011741 0.0079353118855322209 -0.00073278632964812631 -0.0020795709611391685 0.012757260619296613 -0.0014350395875417882 0.00010344052484811125 0.0049018944078669056 -0.00013478752605789796 -0.0036305798278106851 0.017704224988418522 0.0063799278598299352 0.015731617459250839 0.0056849458904752528 0.0028431068470101081 0.0065471333664802681 -0.0050379939324820908 0.013276894215879772 -0.0014419389352719634 -0.0034886298290850012 0.00060201103576161411 -0.0054164326656312746 -0.0026511984319268684 0.0056521719792637353 0.0053362994315592563 -0.014383056458504944 -0.018871615007364822 0.00026043278017644168 -0.0013166146855815427 -0.015557842327810614 -0.012149633423772876 0.0031318357577786323 0.00015996244660736663 0.0014249202192001826 0.0034785883858479512 -0.0026085924664113191 0.0023586408180857189 -0.0027420375288178347 0.00026340876673575661 -0.0056015519375281677 -0.0022230667566282762 0.00010242561691991406 -0.0030218381941472896 -0.016820848872279966 0.00068667420496928478 0.0050112724840784498 -0.0016693790350515319 0.0010153143151182375 -0.0047479255560482344 -0.0015610422255639032 0.010373580328568738 0.0053838054417154561 -0.00045126186225807831 0.00052831096911973166 -0.00235432246285032 0.0052978506132408433 0.0022526330980713262 0.0036705085289412444 -0.0023656075498837675 0.00048802830281048263 -0.0062747161042263624 -0.019740476529023651 0.0077318300041187204 -0.0011876155552179521 0.0032166723041675972 -0.0076977791038585069 -0.0061972737272345457 -0.010720365626218234 0.00011876045795541755 -0.0073399013917488922 0.00084471750991844063 -0.0049491685675471181 0.0050692276294902932 0.010705499278111583 -0.0073016840946117092 -0.013822763403970562 -0.011169063439408345 -0.0030806338097815636 0.000937285625744473 -0.011343773550887672 -0.0027572186492682582 -0.013519805034680922 -0.0068956807668040087 0.0014074004531507344 0.0070060105801357962 0.0037839690025697902 -0.0090266349454034694 0.012466241587322329 -0.0025220680024927596 0.0088081055906409529 -0.00025774149420060565 0.0038353192832226717 -0.0028344128614833796 0.0039891344812364431 0.0017536797630469129 0.0090545413679744245 -0.0067636230312797078 -0.0021130710783702172 0.00029548844274626993 -0.0099652369430019688 -0.0065527391860755778 -0.0041941770046481077 0.0059309148349118981 -0.00433154908075055 0.0014012652173596703 -0.0052138112750126902 0.00058194398056515026 0.0039865041319261567 -0.0063819851915934978 0.012917508956808481 -0.01789229055283852 -0.0088112959228255367 0.0063158455262976752 0.015636727083422803 0.0016539452925102235 -4.2497085868482717e-05 -0.011186818341344907
leaf_weight=2085 87 124 81 213 119 52 67 784 2503 668 496 1490 1749 78 965 1096 2264 2835 1134 26 1213 39 605 2015 377 913 200 624 1855 1299 627 1083 163 960 63 48 147 11542 39 50 803 1315 2428 3518 707 1127 6445 5850 178 910 204 1198 63 2760 353 344 499 169 41 58 1366 2956 863 742 35 3832 742 359 1670 799 36 33 771 1477 181 1016 298 1417 351 945 331 424 42 109 50 207 1829 564 43 2050 35 117 906 241 126 136 217 162 218 752 1886 251 368 655 124 332 2147 1391 110 494 229 685 370 814 1660 1534 386 557 15.999999999999998 52 167 873 36 2373 1835 86
leaf_count=2085 87 124 81 213 119 52 67 784 2503 668 496 1490 1749 78 965 1096 2264 2835 1134 26 1213 39 605 2015 377 913 200 624 1855 1299 627 1083 163 960 63 48 147 11542 39 50 803 1315 2428 3518 707 1127 6445 5850 178 910 204 1198 63 2760 353 344 499 169 41 58 1366 2956 863 742 35 3832 742 359 1670 799 36 33 771 1477 181 1016 298 1417 351 945 331 424 42 109 50 207 1829 564 43 2050 35 117 906 241 126 136 217 162 218 752 1886 251 368 655 124 332 2147 1391 110 494 229 685 370 814 1660 1534 386 557 16 52 167 873 36 2373 1835 86
internal_value=-1.15104e-06 -0.00114279 0.00149536 0.00144723 -0.00242575 -0.000498969 -0.000555451 -0.000406511 0.000634517 0.00120874 0.00182598 0.00283339 0.000998977 -0.000100179 0.000711024 0.000126742 0.00140308 -0.000963867 0.00173683 -0.000706955 0.00241832 0.00303937 0.00118864 -0.000783269 -0.00109967 -0.00136085 -0.001161 0.00248222 -0.00132287 0.000560012 -0.0013562 -0.000319169 0.00139481 0.00219088 -0.00277171 -0.00240521 -0.00106436 -0.000907117 -0.0003009 -0.00114664 -0.000200012 0.00244584 0.00177973 0.00249562 -0.000370689 -0.000540653 -0.00217615 -0.000756955 -0.00213963 -0.00288189 -0.00561407 -0.00113507 -0.00580431 0.000456422 0.000556549 0.00292007 0.000360024 0.0015323 0.0107364 -0.000429862 0.00429421 -0.00198765 -0.00236378 -0.00261098 -0.00215979 0.00315196 0.00131102 -0.00556313 -0.00011923 -0.0049738 -0.00465486 -0.00622409 0.00139945 0.00205476 -0.00434392 -0.00575458 -0.00830511 -0.000847914 -0.000314643 -0.00210028 -0.000655377 0.00126129 -0.00127259 -0.000222746 -0.00325436 -0.00416751 -0.00484845 -0.00171839 5.89791e-05 -0.00302323 -0.000605971 8.15578e-05 0.000523137 0.00297243 -0.0026469 -0.00606996 0.0097915 0.00321328 0.00386533 0.00359501 0.00266705 0.0014097 0.00033788 0.00340651 0.00292197 -0.00300229 -0.00244124 0.00180388 -0.00332972 -0.00498424 0.000429231 0.000745738 0.00192656 -0.000387076 -0.00415652 0.00187576 0.00526143 -0.00434733 -0.0068463 -0.00737415 -0.00356252 0.00430156 0.00347034 0.00141282 0.000420341 -0.00383233
internal_weight=119627 67861 51766 51468 22673 45188 44750 42184 11207 44298 19771 8911 10860 6260 24527 15629 7203 8426 8898 1939 6959 5994 4193 30977 25074 22699 21723 923 20800 5903 3754 3200 2375 4781 19473 15794 18859 18075 7389 4949 4939 3818 2506 4600 920 3127 14743 17434 4753 3666 1051 2497 976 2810 3673 7170 1087 909 241 682 4718 13967 10976 10113 8286 6826 1881 776 1841 1003 1827 1085 3821 3050 3679 1049 417 4136 3468 1627 1276 1841 11584 1139 2139 3616 2828 788 607 2100 2991 3320 1030 740 1319 171 298 3680 4222 4004 2638 1378 3203 805 779 2566 2234 3406 1193 641 3588 3359 1869 1184 2570 3011 438 2621 625 609 1996 2994 2121 2440 1998 1941
internal_count=119627 67861 51766 51468 22673 45188 44750 42184 11207 44298 19771 8911 10860 6260 24527 15629 7203 8426 8898 1939 6959 5994 4193 30977 25074 22699 21723 923 20800 5903 3754 3200 2375 4781 19473 15794 18859 18075 7389 4949 4939 3818 2506 4600 920 3127 14743 17434 4753 3666 1051 2497 976 2810 3673 7170 1087 909 241 682 4718 13967 10976 10113 8286 6826 1881 776 1841 1003 1827 1085 3821 3050 3679 1049 417 4136 3468 1627 1276 1841 11584 1139 2139 3616 2828 788 607 2100 2991 3320 1030 740 1319 171 298 3680 4222 4004 2638 1378 3203 805 779 2566 2234 3406 1193 641 3588 3359 1869 1184 2570 3011 438 2621 625 609 1996 2994 2121 2440 1998 1941
is_linear=0
shrinkage=0.04


Tree=64
num_leaves=127
num_cat=0
split_feature=9 9 9 17 17 4 8 2 1 1 1 2 2 1 2 1 1 2 2 1 1 2 10 1 2 4 2 2 1 1 1 2 14 1 1 1 2 1 2 1 2 2 1 1 2 1 2 2 2 1 1 2 2 1 1 2 2 2 2 2 2 1 2 10 2 15 4 1 1 1 1 1 2 2 1 1 2 2 10 2 2 10 2 2 1 1 1 2 1 1 2 7 2 2 2 11 8 1 1 9 10 10 1 1 2 14 4 7 2 1 11 10 4 2 4 2 1 1 1 1 2 2 2 1 2 7
split_gain=118.011 29.9779 14.477 13.2315 11.4334 9.55134 9.44516 8.84309 7.55351 7.20706 6.93294 6.84961 17.7681 12.1994 8.49164 7.81875 10.3169 6.29729 9.36466 8.72889 5.76404 5.89977 6.23937 5.67118 5.44219 8.58542 5.69832 5.28041 5.26063 10.1782 5.18271 5.16304 5.10521 4.92344 6.78401 9.58093 8.78671 8.03115 11.476 9.43132 6.12912 6.01607 5.8337 5.1723 4.98441 4.922 4.91356 10.9621 4.82839 4.69203 6.11897 14.8929 10.193 4.66297 5.75292 5.46264 4.60324 4.5806 4.55777 6.53664 5.02167 5.86537 5.94454 4.51645 4.50519 4.49346 5.87417 4.30883 4.24261 4.22364 3.9937 4.37046 5.55771 3.97593 3.97012 6.67142 5.4767 5.45874 3.9478 3.90289 3.86154 3.82565 3.7582 3.86385 3.74478 5.3586 3.73709 3.73435 3.69879 7.86298 6.37626 3.86337 3.83115 3.7909 3.70848 3.57135 4.65234 3.49447 4.4447 3.46763 3.38757 3.35792 4.06623 3.79777 3.28622 3.26712 3.25987 3.23812 3.21394 4.17251 4.26981 3.20882 4.5949 3.18376 3.15856 3.73602 3.15413 6.30265 3.14147 3.12854 3.96612 5.23323 3.79899 3.12241 6.82287 5.35153
threshold=10.500000000000002 6.5000000000000009 14.500000000000002 1.0000000180025095e-35 1.0000000180025095e-35 14.500000000000002 1.5000000000000002 434.50000000000006 38.500000000000007 62.500000000000007 53.500000000000007 1320.5000000000002 1416.5000000000002 205.50000000000003 970.50000000000011 66.500000000000014 52.500000000000007 1530.5000000000002 1493.5000000000002 78.500000000000014 266.50000000000006 1684.5000000000002 206337.00000000003 29.500000000000004 434.50000000000006 13.500000000000002 990.50000000000011 93.500000000000014 87.500000000000014 48.500000000000007 43.500000000000007 96.500000000000014 0.80345000000000011 65.500000000000014 197.50000000000003 212.50000000000003 1684.5000000000002 143.50000000000003 1074.5000000000002 110.50000000000001 856.50000000000011 1305.5000000000002 118.50000000000001 133.50000000000003 382.50000000000006 218.50000000000003 274.50000000000006 183.50000000000003 1205.5000000000002 116.50000000000001 120.50000000000001 902.50000000000011 966.50000000000011 195.50000000000003 48.500000000000007 1839.5000000000002 764.50000000000011 817.50000000000011 1092.5000000000002 1128.5000000000002 866.50000000000011 217.50000000000003 371.50000000000006 27051.500000000004 840.50000000000011 1.0000000180025095e-35 25.500000000000004 43.500000000000007 51.500000000000007 230.50000000000003 163.50000000000003 47.500000000000007 1407.5000000000002 1631.5000000000002 75.500000000000014 88.500000000000014 635.50000000000011 293.50000000000006 30956.500000000004 772.50000000000011 293.50000000000006 73012.000000000015 1621.5000000000002 1849.5000000000002 65.500000000000014 110.50000000000001 47.500000000000007 1115.5000000000002 197.50000000000003 210.50000000000003 1675.5000000000002 1.5000000000000002 1585.5000000000002 1163.5000000000002 1654.5000000000002 7498.6800000000012 1.5000000000000002 248.50000000000003 245.50000000000003 22.500000000000004 106465.50000000001 62510.500000000007 151.50000000000003 115.50000000000001 73.500000000000014 0.88675000000000015 13.500000000000002 1.0000000180025095e-35 614.50000000000011 49.500000000000007 5631.9550000000008 57483.000000000007 13.500000000000002 1881.5000000000002 13.500000000000002 1035.5000000000002 239.50000000000003 217.50000000000003 235.50000000000003 176.50000000000003 293.50000000000006 526.50000000000011 214.50000000000003 212.50000000000003 674.50000000000011 2.5000000000000004
decision_type=2 2 2 2 2 2 2 2 2 2 2 2 2 2 2 2 2 2 2 2 2 2 2 2 2 2 2 2 2 2 2 2 2 2 2 2 2 2 2 2 2 2 2 2 2 2 2 2 2 2 2 2 2 2 2 2 2 2 2 2 2 2 2 2 2 2 2 2 2 2 2 2 2 2 2 2 2 2 2 2 2 2 2 2 2 2 2 2 2 2 2 2 2 2 2 2 2 2 2 2 2 2 2 2 2 2 2 2 2 2 2 2 2 2 2 2 2 2 2 2 2 2 2 2 2 2
left_child=1 4 3 5 6 8 58 31 -2 10 30 13 -13 15 116 16 -9 18 49 -19 21 22 28 -8 25 -4 95 -27 29 -14 -10 -3 -28 -25 36 40 37 39 80 41 57 -35 -38 -44 63 -21 47 105 -16 74 -51 104 -53 54 67 -55 -37 -36 60 -60 61 123 -63 -41 -58 -7 -67 -23 86 111 71 72 -61 -22 -11 76 -76 -77 -78 -64 -39 -79 97 -84 -73 -86 -32 -54 90 94 -72 -92 93 -91 -90 108 -97 98 -66 -29 -20 -17 103 -103 -52 -33 -106 -43 -26 110 -110 112 -48 -45 -5 -116 117 -15 -62 122 -121 -122 -108 124 125 -1
right_child=2 7 24 114 -6 65 23 11 9 17 -12 12 20 14 48 101 -18 19 100 45 73 53 -24 33 26 27 32 99 -30 -31 68 46 -34 34 35 56 42 38 -40 44 -42 107 43 113 -46 -47 69 -49 -50 50 51 52 87 55 -56 -57 64 -59 59 70 118 62 79 -65 82 66 -68 -69 -70 -71 88 84 -74 -75 75 77 78 81 -80 -81 -82 -83 83 -85 85 -87 -88 -89 89 92 91 -93 -94 -95 -96 96 -98 -99 -100 -101 -102 102 -104 -105 106 -107 119 -109 109 -111 -112 -113 -114 -115 115 -117 -118 -119 -120 120 121 -123 -124 -125 -126 -127
leaf_value=0.0095030311794701856 -0.0031041127687821851 -0.00040722842895450677 -0.013316028056588908 -0.0027443673243967709 0.011047916530898821 -0.0013645879643052602 -0.00078712709166316478 -0.0021778914400332906 0.012508701760241664 -0.00081054613422007027 0.0053973311559311976 0.0037919715044108216 -0.0026384760082354282 0.0037185199510318076 -0.0026274329459615407 -0.0015174830784249161 0.0028562360042917322 0.0046522810087281305 -0.0047191073982052198 -0.0031897429944483997 0.0050709937767865866 0.0016723610122790084 -0.020287158251688489 0.0026178298739155744 -0.008774067204624373 -0.006652808619676152 -0.0034017492449676073 0.00062578227785985011 -0.0020807633205495585 0.0013395454518657052 -0.0026185293595017019 0.001486969860252263 0.00019243606776291571 -0.0026829364708330222 0.0056689263462980323 0.0037704346356008311 0.0059245260733820871 0.0088527612665321651 -0.004521765481008683 0.015507195855880552 0.0065763332568812803 0.00865247967616742 -0.0065470744682333774 0.0026261755990357374 0.0021375405766409436 -6.4345976958843056e-05 -0.011373585080850155 0.0094095202090275203 0.0091216890621876375 0.0019374642955812091 -0.0031643497702132681 -0.013230506150630133 -0.0064325188348992738 -0.0033064845042038082 0.0026554756562864406 0.00068994561884099177 -0.0024389731025499521 0.00076174696883999304 -0.0020411667128894737 0.0054900555395388075 0.0054171902237208835 0.025707415908709907 0.0060362787357138405 0.003462002666554464 0.001515411714994616 -0.0050777846473660472 -0.013924805236144002 -0.001813714187142178 -0.0086438292829313958 0.016998769624936624 -0.0035835811888454902 0.0056841930191486589 -0.0010174800509901956 4.2938774044397069e-06 -0.0017439400031908276 0.0057664067892269138 0.0018181024897720977 -0.00086282177880261533 -0.006931718536643418 0.00014778841443966739 -0.00014311263606585895 -0.0035680435634384685 -0.0015180258618764371 0.0023934504270101738 0.00019417781873880524 0.0039079409970097893 0.00098382412559862103 -0.0012896551159758715 -0.0051108641158840997 -0.00057455891171272796 -0.0038071532729547224 0.0023755908947916257 -0.00020987181658056509 0.0037203875378544653 0.0082370420871652247 0.0028999924339799259 -0.0041106899732090869 -0.0049898715240324068 0.0064166619165793894 -0.010891075250444169 -0.011205194603331041 -0.0027955032520678084 -0.0010006227470955003 -0.0062534410006377071 -0.0055249576494888842 0.0078453214172060012 -0.00028916986000245709 0.00076719428710548794 -0.0058374721949962551 -0.0040244606232362409 -0.013836827190988901 -9.6774503754233022e-05 0.0026869326091545627 -0.0028046251631349789 0.0027806941832693955 0.010133909695975822 0.0017873281820880557 0.012937759833530446 -0.0017064449419914353 0.0052348685382959384 -0.0038398706359209079 0.00027601998016794763 0.0058881181213570454 -0.00055492629165829253 0.0049640517590797979 0.00086951663197266352
leaf_weight=120 3634 2283 89 134 203 393 2488 1313 51 2121 433 1967 1613 405 558 4335 1292 531 600 1037 533 1053 27 3440 425 200 2789 1400 4145 2842 639 1606 815 1337 447 857 566 80 1499 90 886 95 127 1236 1537 3634 38 392 62 1076 575 218 411 961 2219 1268 676 961 697 279 1523 22 791 114 3509 747 144 1229 95 26 612 906 846 466 636 145 88 1763 1163 235 1617 1600 1428 563 914 1959 1651 507 36 446 191 1039 1480 1235 386 189 750 120 324 43 166 1243 899 868 160 141 310 688 390 1763 149 2263 1408 200 799 129 397 169 105 201 621 2414 325 740 1090 2713
leaf_count=120 3634 2283 89 134 203 393 2488 1313 51 2121 433 1967 1613 405 558 4335 1292 531 600 1037 533 1053 27 3440 425 200 2789 1400 4145 2842 639 1606 815 1337 447 857 566 80 1499 90 886 95 127 1236 1537 3634 38 392 62 1076 575 218 411 961 2219 1268 676 961 697 279 1523 22 791 114 3509 747 144 1229 95 26 612 906 846 466 636 145 88 1763 1163 235 1617 1600 1428 563 914 1959 1651 507 36 446 191 1039 1480 1235 386 189 750 120 324 43 166 1243 899 868 160 141 310 688 390 1763 149 2263 1408 200 799 129 397 169 105 201 621 2414 325 740 1090 2713
internal_value=-1.11064e-06 0.000858585 -0.00183705 -0.00140381 0.0015763 -0.00156961 0.00153173 3.82204e-05 -0.00140796 -0.00114176 0.000733903 -0.000280489 0.000200104 -0.00104384 0.00220727 -0.00156411 0.00031736 -0.00140702 -0.00182054 -0.000205897 -0.000231636 -0.000423388 -0.00111599 0.00102362 -0.00323953 -0.00122102 -0.00371985 -0.00056264 -0.0010551 -9.98863e-05 -9.35691e-05 0.00120554 -0.00258788 0.00122495 0.000971966 0.0017057 0.000191058 -0.000487972 -0.00197143 0.000738968 0.00396756 -0.00105118 0.00244364 0.00118027 0.00292104 -0.000759119 0.00183304 0.00336247 -0.00144479 -0.00158986 -0.000829078 -0.00134823 -0.00545019 0.000463849 0.00120519 -0.00103133 0.00101117 0.00232277 0.00222 0.00170503 0.00299311 0.00243301 0.00513899 0.00880065 0.000653307 -0.00494089 -0.0065135 -0.000203353 -0.000365242 0.00095601 0.00195823 0.00278611 0.000593178 0.00271179 -0.00227943 -0.00285615 -0.00477528 -0.00182257 -0.00631293 0.00469159 0.000279111 -0.00215113 0.00100569 -0.000409894 0.00343785 0.00272791 -1.96979e-05 -0.00359699 0.00120907 0.00195806 -0.000245687 0.00141202 0.00127174 0.00257851 0.00708794 -0.00483148 -0.00269518 0.00171969 0.00193091 0.000279088 -0.00613121 -0.00223194 -0.00325948 -0.00421946 -0.000335572 0.00200286 6.70135e-05 0.00172999 -0.00556549 -0.00497102 -0.00805837 0.000842017 0.0023139 0.00186687 0.00297742 0.00380815 0.00454319 0.00644164 0.00495521 0.000299316 -0.000203292 -0.000564925 0.00286657 0.0018239 0.00227364 0.00123695
internal_weight=119627 81474 38153 29151 43453 28089 43250 38021 26805 23171 2869 29864 18323 11541 1591 9950 2605 20302 15100 5202 16356 15357 8627 24885 9002 1732 7270 1643 8600 4455 2436 8157 3604 22397 18957 9771 9186 7057 3196 3861 2294 2120 2129 1563 1741 4671 5874 2139 620 14334 6818 5742 1136 6730 4501 2229 7477 1408 18365 11026 7339 5711 1048 204 6620 1284 891 2282 2385 3735 10329 4904 1125 999 7516 5395 1887 3508 1251 1026 1697 3363 5944 1991 3779 2873 2290 918 5425 3583 1842 1230 3161 1681 422 3666 939 3953 3833 1443 766 7345 3010 2111 4606 1747 4031 783 2727 2302 539 3709 1446 1436 1062 928 971 574 1628 3871 3236 3035 635 4663 3923 2833
internal_count=119627 81474 38153 29151 43453 28089 43250 38021 26805 23171 2869 29864 18323 11541 1591 9950 2605 20302 15100 5202 16356 15357 8627 24885 9002 1732 7270 1643 8600 4455 2436 8157 3604 22397 18957 9771 9186 7057 3196 3861 2294 2120 2129 1563 1741 4671 5874 2139 620 14334 6818 5742 1136 6730 4501 2229 7477 1408 18365 11026 7339 5711 1048 204 6620 1284 891 2282 2385 3735 10329 4904 1125 999 7516 5395 1887 3508 1251 1026 1697 3363 5944 1991 3779 2873 2290 918 5425 3583 1842 1230 3161 1681 422 3666 939 3953 3833 1443 766 7345 3010 2111 4606 1747 4031 783 2727 2302 539 3709 1446 1436 1062 928 971 574 1628 3871 3236 3035 635 4663 3923 2833
is_linear=0
shrinkage=0.04


Tree=65
num_leaves=127
num_cat=0
split_feature=9 9 9 17 18 1 1 1 17 0 17 1 0 1 1 0 0 1 1 1 1 1 14 10 1 10 1 14 0 7 0 0 1 0 1 1 0 1 1 0 0 1 1 1 7 1 1 1 1 1 10 1 12 18 10 1 1 0 0 1 0 1 1 0 11 1 13 0 0 0 1 7 11 0 11 0 14 7 9 10 1 11 1 1 1 13 17 11 1 1 10 1 1 7 9 0 1 11 11 0 7 1 1 1 7 11 13 13 1 1 1 1 1 13 1 0 1 1 9 1 1 10 11 1 1 11
split_gain=109.569 20.1794 18.3799 9.44587 8.90155 8.40178 17.0236 7.75752 7.26936 6.56319 8.00156 6.39474 7.29076 8.90402 7.51441 5.72647 7.89933 6.45534 10.1701 7.82991 6.55449 5.86205 5.72089 5.26556 5.24582 4.41789 4.39797 4.37401 4.36753 7.74828 5.69437 9.4152 6.87116 6.31152 5.3933 5.20924 4.85045 4.3415 19.3923 15.6507 7.2606 6.42455 7.38476 10.5243 4.47778 4.30949 4.5038 4.23603 4.53016 4.1452 5.07902 4.0698 4.06525 3.97652 3.9078 3.89955 6.56139 4.90647 3.82941 3.82792 6.2705 5.16908 7.30426 4.38464 4.13357 4.1042 3.78987 3.75628 3.69915 5.34561 8.29099 4.29902 3.697 3.60892 3.56771 3.55534 3.55458 3.51547 3.46278 3.37032 3.33714 3.31814 3.29557 3.21842 3.83255 3.1786 3.16233 4.00203 4.54749 3.1591 6.18818 5.53578 3.13341 3.12247 3.27242 3.0847 3.0806 3.05544 3.00764 2.9752 2.92391 2.87172 6.68942 4.10267 4.26407 3.21126 3.01344 2.85245 2.82753 2.82637 11.4104 3.6725 2.92198 3.29152 2.92665 2.77568 4.0979 2.77212 2.74145 2.68992 2.67462 4.02639 3.43636 2.65738 3.77028 3.6275
threshold=9.5000000000000018 4.5000000000000009 14.500000000000002 1.0000000180025095e-35 1.0000000180025095e-35 47.500000000000007 65.500000000000014 266.50000000000006 1.0000000180025095e-35 6.5000000000000009 1.0000000180025095e-35 16.500000000000004 7.5000000000000009 87.500000000000014 58.500000000000007 15.500000000000002 27.500000000000004 143.50000000000003 77.500000000000014 145.50000000000003 118.50000000000001 130.50000000000003 0.82845000000000013 60167.000000000007 43.500000000000007 88454.500000000015 129.50000000000003 0.64455000000000007 23.500000000000004 1.5000000000000002 27.500000000000004 26.500000000000004 217.50000000000003 28.500000000000004 249.50000000000003 225.50000000000003 21.500000000000004 167.50000000000003 141.50000000000003 17.500000000000004 14.500000000000002 225.50000000000003 230.50000000000003 232.50000000000003 3.5000000000000004 27.500000000000004 12.500000000000002 177.50000000000003 169.50000000000003 211.50000000000003 66289.000000000015 259.50000000000006 3.5000000000000004 1.0000000180025095e-35 43705.500000000007 43.500000000000007 19.500000000000004 26.500000000000004 24.500000000000004 178.50000000000003 23.500000000000004 197.50000000000003 218.50000000000003 26.500000000000004 18200.500000000004 194.50000000000003 0.57280000000000009 27.500000000000004 15.500000000000002 25.500000000000004 197.50000000000003 3.5000000000000004 8461.0250000000015 25.500000000000004 20427.875000000004 28.500000000000004 0.90615000000000012 3.5000000000000004 18.500000000000004 109068.50000000001 176.50000000000003 8202.5350000000017 188.50000000000003 261.50000000000006 248.50000000000003 0.68535000000000013 1.0000000180025095e-35 7105.0150000000003 157.50000000000003 107.50000000000001 83467.000000000015 247.50000000000003 267.50000000000006 3.5000000000000004 13.500000000000002 26.500000000000004 89.500000000000014 6678.8450000000003 15076.560000000003 26.500000000000004 3.5000000000000004 83.500000000000014 38.500000000000007 151.50000000000003 1.0000000180025095e-35 6017.5850000000009 0.98845000000000016 0.64360000000000006 88.500000000000014 75.500000000000014 77.500000000000014 107.50000000000001 47.500000000000007 0.87455000000000016 35.500000000000007 26.500000000000004 188.50000000000003 264.50000000000006 2.5000000000000004 116.50000000000001 89.500000000000014 154526.50000000003 4143.6350000000011 110.50000000000001 95.500000000000014 22861.320000000003
decision_type=2 2 2 2 2 2 2 2 2 2 2 2 2 2 2 2 2 2 2 2 2 2 2 2 2 2 2 2 2 2 2 2 2 2 2 2 2 2 2 2 2 2 2 2 2 2 2 2 2 2 2 2 2 2 2 2 2 2 2 2 2 2 2 2 2 2 2 2 2 2 2 2 2 2 2 2 2 2 2 2 2 2 2 2 2 2 2 2 2 2 2 2 2 2 2 2 2 2 2 2 2 2 2 2 2 2 2 2 2 2 2 2 2 2 2 2 2 2 2 2 2 2 2 2 2 2
left_child=1 8 3 4 22 24 23 9 15 -8 37 -6 13 14 27 53 17 18 55 -19 123 -22 74 -7 45 -9 -18 -13 29 36 31 32 47 96 49 54 52 38 39 72 51 68 44 -44 -43 46 -3 48 66 93 -51 -39 89 118 -33 56 -17 -57 -23 60 -21 65 -63 83 -62 95 -30 78 -42 -70 71 -71 -11 -60 -2 120 -45 -34 86 -36 -28 -10 -49 84 -64 -41 -4 88 -88 90 -14 119 101 -31 109 -61 -32 99 -58 -80 -99 102 -55 106 -105 117 -103 -40 -15 112 -111 -112 113 -95 -115 116 -73 -106 -1 -91 122 -122 -69 124 -20 -125
right_child=2 5 67 -5 11 6 7 25 81 10 -12 12 28 108 -16 16 26 19 20 59 21 58 -24 -25 -26 -27 80 -29 30 34 33 35 77 -35 79 -37 -38 40 107 85 41 42 43 76 -46 -47 -48 82 -50 50 -52 -53 -54 92 -56 57 98 -59 73 61 64 62 63 -65 -66 -67 -68 75 69 70 -72 115 -74 -75 -76 -77 -78 -79 97 -81 -82 -83 -84 -85 -86 -87 87 -89 -90 91 -92 -93 -94 94 -96 -97 -98 100 -100 -101 -102 103 -104 104 105 -107 -108 -109 -110 110 111 -113 -114 114 -116 -117 -118 -119 -120 -121 121 -123 -124 125 -126 -127
leaf_value=0.0054980989897364255 -0.0010006606589900652 0.00510112805415666 -0.003239361991393323 0.0026545309098230793 -0.0042417439901526414 0.0041287765744754904 -0.0040010972311869588 0.0063222431222779889 0.017422233827640084 0.00053723101067141806 0.01253210775160201 0.014546176128505919 -0.0048268840966011447 -0.0080030531541501592 0.0002385204859512763 -0.00147445789603145 -0.0010804922872481226 -0.0033851277806058611 0.0061558102629775523 -0.0035230331093261996 -0.0061547564138843781 0.01040870630907577 0.00092650005147246835 0.0016710122492558594 -0.0033615549952293326 0.0002761933437143114 0.011570932419570188 -0.0066299496053120856 -0.0079773981682829606 -0.011052457788294653 0.0007141232705065862 -0.0037381139458531848 0.00015791743773646498 -0.0017095085728169458 -0.0036929270528222001 -0.0028651796828780092 0.011039474107077084 0.0020795562107113023 -0.0070053159466170909 0.0065710683922125803 0.0059270599067384926 -0.011325528103270796 0.014006714994562779 -0.0010871947395534559 -0.0026420770623910334 0.00071496965054585154 -0.0022497486349742088 -0.0081540633714881211 0.0063588936395172855 0.0035353507674819235 -0.00089911854765851952 -0.009597917611782367 -0.0055644103682221894 -0.00075634762944430656 -0.010591897013334127 -0.0025201096555078936 0.0036463369945897799 0.0075209766283158555 0.00066208628997208258 0.011457111091859087 0.0030743895931840998 0.0052323412636561695 0.0006016904100891858 -0.0033107477305319905 -0.0010201035727556435 -0.0062193222702590827 -0.0012593323647086434 0.011152672672509552 -0.00058661503540797556 -0.0018799757420237292 0.009680337113863199 0.013008901545192273 -0.0011044465151361597 0.0051872264887156449 -0.015842393910747835 -0.0036202927550035157 0.0018018143261633809 0.0076800593494381784 -0.0055453755949514709 -0.013062820025954268 0.0043214760840217161 0.005817758182638467 -0.0032016221133194665 0.0058698868821080996 -0.010504331147834048 0.0027677993327676416 -0.00023769196039571548 -0.0046980902659645952 0.010421440740272023 -0.0062196033379459297 0.0033549880697742191 0.0021752250814420122 0.0057246029374422571 -0.0028830970415675977 -0.0033549591417893982 -0.0013356642825226748 0.0063982616970892775 0.0012674750273665319 -0.00030877308903843183 -0.012458548846232166 -0.0058020465142440145 -0.0027785993210849482 0.0044606036616215193 -0.0073276590255494482 0.0043931779421103132 0.0013642510436709604 0.0050713211177765482 -0.0024897637332120348 -0.0042057047617209973 -0.0071925775638306466 0.0028636531629229666 -0.0014745646824350007 0.00052736219347918663 0.0023378882506698692 -0.0019175700982721608 0.001588194379062578 0.0027888260102400288 -0.0029769216293509242 0.0029034985110255596 -0.00086582960058191735 0.01517604044440154 -0.00027087795810128298 -0.0012123262865109815 0.0078469324590362457 -0.0005213460279648029 0.0015571331348648674
leaf_weight=947 4647 143 6213 1041 1344 2338 583 529 62 4933 85 15.999999999999998 170 532 1243 895 226 838 307 321 135 93 4389 3479 1166 307 112 423 147 54 396 195 280 1736 790 461 69 4979 241 432 240 102 85 2327 1447 2614 1906 283 115 624 1221 48 178 527 435 898 1339 85 953 31 2311 502 1809 523 474 309 1596 40 2297 513 209 88 3952 402 26 358 963 155 922 67 1183 113 920 182 51 1946 219 176 90 163 1118 1142 349 1226 1219 949 250 197 397 113 177 544 1535 81 1024 3879 91 3361 785 562 341 3624 2375 510 524 1772 224 88 2136 1951 52 55 348 815 240 181
leaf_count=947 4647 143 6213 1041 1344 2338 583 529 62 4933 85 16 170 532 1243 895 226 838 307 321 135 93 4389 3479 1166 307 112 423 147 54 396 195 280 1736 790 461 69 4979 241 432 240 102 85 2327 1447 2614 1906 283 115 624 1221 48 178 527 435 898 1339 85 953 31 2311 502 1809 523 474 309 1596 40 2297 513 209 88 3952 402 26 358 963 155 922 67 1183 113 920 182 51 1946 219 176 90 163 1118 1142 349 1226 1219 949 250 197 397 113 177 544 1535 81 1024 3879 91 3361 785 562 341 3624 2375 510 524 1772 224 88 2136 1951 52 55 348 815 240 181
internal_value=-5.41609e-06 0.000991648 -0.00147615 -0.00110362 -0.00120588 0.000450851 0.000670626 0.000305087 0.00182987 0.000201839 0.000283002 -0.00154536 -0.00141529 -0.00327924 -0.00134738 0.00177844 0.00130546 0.00102727 0.00194697 0.000279933 0.00361782 0.00180555 -0.000110036 0.00265959 -0.000961586 0.00410707 0.00405334 -0.00584591 -0.0011906 -0.000859891 -0.00204075 -0.00286486 -0.00185075 -0.000452042 -0.00136215 -0.00611032 0.000516489 0.000248305 -0.000238291 0.000578447 0.000721512 0.00011125 -0.000930606 0.000117711 -0.00321715 -0.000360548 -0.00173455 -0.00251995 -0.00131941 -0.00114759 0.000598612 0.00196707 0.000361645 0.00247738 -0.00847777 0.000500576 0.00130455 -0.00164711 0.00255084 0.000692104 0.00176503 -7.20359e-05 0.000820306 -4.17913e-05 0.00237607 -0.00219824 -0.00182864 -0.00311141 0.00107215 0.000842925 0.00201455 0.00139574 -0.000192532 0.00200784 -0.00108443 -0.000580787 -0.000240322 0.00284856 -0.00337718 -0.00443157 0.00495239 0.0099595 -0.00437057 0.000793621 0.000294472 0.00346065 -0.00299651 0.000106287 0.00285634 0.000594781 0.00227169 -6.73852e-05 0.0020118 -0.00145671 -0.00140631 -0.000925786 0.00292071 -0.00518358 0.00273959 -0.00630514 -0.00206823 0.00184443 0.00312536 0.00138087 0.00176073 0.00190917 -0.00164673 -0.00279318 -0.00574317 -0.00114657 -0.00185773 -0.0011004 -0.000451095 -0.00148109 0.000177505 0.00220407 0.00568747 0.00380612 0.00370193 -0.0012808 0.00160969 0.00720585 5.46545e-05 0.00547424 0.00321929 0.00670819
internal_weight=119549 71246 48303 39343 38302 43309 37480 31663 27937 30827 30244 29240 27896 2999 1682 27762 16561 15040 6740 8300 3126 1583 9062 5817 5829 836 1521 439 24897 17928 6969 4587 3496 2382 13137 1091 4791 30159 14865 11263 15294 10267 4924 3375 1549 4663 2049 3061 1858 12280 1845 5027 4722 11201 630 3614 2631 983 1448 7462 3106 4356 3067 2565 2785 1289 1743 8960 5343 5103 2806 2597 8885 1355 4673 853 3290 435 8107 857 1295 175 1203 2042 1860 2378 6698 485 309 4544 1288 3256 8118 10435 10381 980 646 1409 1736 1035 374 7769 2062 5707 5072 4991 635 3602 1317 9162 4527 3965 4635 2260 1034 2084 312 1112 3083 2114 495 107 388 1543 547 996
internal_count=119549 71246 48303 39343 38302 43309 37480 31663 27937 30827 30244 29240 27896 2999 1682 27762 16561 15040 6740 8300 3126 1583 9062 5817 5829 836 1521 439 24897 17928 6969 4587 3496 2382 13137 1091 4791 30159 14865 11263 15294 10267 4924 3375 1549 4663 2049 3061 1858 12280 1845 5027 4722 11201 630 3614 2631 983 1448 7462 3106 4356 3067 2565 2785 1289 1743 8960 5343 5103 2806 2597 8885 1355 4673 853 3290 435 8107 857 1295 175 1203 2042 1860 2378 6698 485 309 4544 1288 3256 8118 10435 10381 980 646 1409 1736 1035 374 7769 2062 5707 5072 4991 635 3602 1317 9162 4527 3965 4635 2260 1034 2084 312 1112 3083 2114 495 107 388 1543 547 996
is_linear=0
shrinkage=0.04


Tree=66
num_leaves=127
num_cat=0
split_feature=9 9 9 17 18 4 4 1 1 1 17 2 2 2 0 0 17 4 0 0 0 2 1 1 1 1 1 14 1 1 2 2 1 8 1 1 1 1 11 1 2 4 2 2 0 2 2 2 2 1 2 2 0 1 0 1 2 1 2 2 2 11 2 11 2 11 1 11 2 1 1 1 2 1 1 1 7 1 1 1 8 14 14 9 14 4 9 7 0 1 1 2 0 0 2 1 0 1 1 0 11 1 1 4 11 2 11 14 2 11 11 14 0 0 11 1 1 1 0 11 11 1 1 1 8 11
split_gain=100.987 18.5978 16.939 8.70583 8.20411 13.3704 11.2231 7.74315 15.689 7.15009 6.70151 6.15235 7.80011 6.4254 6.12154 6.0488 7.37491 5.40481 5.3076 5.27731 7.27993 6.06053 5.94998 9.37408 7.216 6.03997 5.40339 5.27266 5.25032 22.9761 5.87155 8.64342 7.91445 6.43258 5.19707 6.5033 5.73509 7.62384 4.97069 4.77581 4.76902 8.04025 5.77029 5.49892 7.0263 4.564 4.50519 4.40098 7.20673 13.7525 11.2655 8.84412 6.88856 6.34369 5.56117 6.74181 5.48457 5.22202 5.2761 5.14459 5.26328 4.22305 4.15358 4.08636 4.04076 4.17539 3.92847 3.85762 4.11088 4.00278 6.30351 6.07588 5.97766 5.60843 7.69635 5.39761 4.02313 3.91445 3.85142 4.84586 3.85021 3.79086 3.88249 3.70363 3.62432 3.62968 3.61434 3.70497 3.60098 3.59315 6.04699 5.08056 4.52246 3.58001 3.57679 3.52737 5.77921 4.76379 6.73174 4.04093 3.80999 3.78243 3.51533 3.39437 3.3802 3.3342 3.32736 3.3244 3.21287 5.34696 3.17082 3.15756 3.12787 3.06054 2.97796 2.96621 3.53268 2.96396 4.71476 2.95393 2.9396 3.07886 5.91537 2.90309 2.90236 2.89985
threshold=9.5000000000000018 4.5000000000000009 14.500000000000002 1.0000000180025095e-35 1.0000000180025095e-35 25.500000000000004 13.500000000000002 47.500000000000007 65.500000000000014 266.50000000000006 1.0000000180025095e-35 1614.5000000000002 293.50000000000006 183.50000000000003 23.500000000000004 6.5000000000000009 1.0000000180025095e-35 14.500000000000002 14.500000000000002 15.500000000000002 27.500000000000004 1654.5000000000002 143.50000000000003 77.500000000000014 145.50000000000003 118.50000000000001 130.50000000000003 0.82845000000000013 53.500000000000007 69.500000000000014 1542.5000000000002 1489.5000000000002 249.50000000000003 1.5000000000000002 217.50000000000003 218.50000000000003 75.500000000000014 107.50000000000001 4848.0000000000009 177.50000000000003 427.50000000000006 13.500000000000002 93.500000000000014 614.50000000000011 14.500000000000002 274.50000000000006 1535.5000000000002 1756.5000000000002 970.50000000000011 160.50000000000003 1128.5000000000002 866.50000000000011 27.500000000000004 150.50000000000003 19.500000000000004 87.500000000000014 1429.5000000000002 72.500000000000014 434.50000000000006 1320.5000000000002 1366.5000000000002 5158.045000000001 593.50000000000011 7057.6250000000009 782.50000000000011 2996.6850000000009 191.50000000000003 25516.750000000004 1407.5000000000002 224.50000000000003 83.500000000000014 116.50000000000001 817.50000000000011 241.50000000000003 225.50000000000003 243.50000000000003 1.0000000180025095e-35 212.50000000000003 218.50000000000003 247.50000000000003 1.5000000000000002 0.63805000000000012 0.82465000000000011 20.500000000000004 0.78985000000000005 14.500000000000002 22.500000000000004 1.0000000180025095e-35 27.500000000000004 43.500000000000007 19.500000000000004 971.50000000000011 26.500000000000004 14.500000000000002 1315.5000000000002 178.50000000000003 23.500000000000004 197.50000000000003 218.50000000000003 26.500000000000004 18200.500000000004 194.50000000000003 129.50000000000003 13.500000000000002 7587.2700000000013 1270.5000000000002 9204.6450000000023 0.65215000000000012 263.50000000000006 8151.0950000000003 12254.250000000002 0.85265000000000013 17.500000000000004 24.500000000000004 15842.210000000001 261.50000000000006 248.50000000000003 49.500000000000007 8.5000000000000018 15483.000000000002 12688.950000000003 19.500000000000004 53.500000000000007 129.50000000000003 1.5000000000000002 11501.350000000002
decision_type=2 2 2 2 2 2 2 2 2 2 2 2 2 2 2 2 2 2 2 2 2 2 2 2 2 2 2 2 2 2 2 2 2 2 2 2 2 2 2 2 2 2 2 2 2 2 2 2 2 2 2 2 2 2 2 2 2 2 2 2 2 2 2 2 2 2 2 2 2 2 2 2 2 2 2 2 2 2 2 2 2 2 2 2 2 2 2 2 2 2 2 2 2 2 2 2 2 2 2 2 2 2 2 2 2 2 2 2 2 2 2 2 2 2 2 2 2 2 2 2 2 2 2 2 2 2
left_child=1 10 3 4 27 6 108 17 63 15 19 12 13 -8 18 -10 47 62 -13 21 22 67 23 89 -24 -25 -27 107 81 113 31 34 66 -33 36 -36 93 88 -37 -39 41 -4 -43 80 84 -15 123 48 49 52 -50 64 57 54 55 -52 59 -17 104 -55 -61 -60 -3 -9 65 -51 -32 68 69 70 72 -72 -1 74 124 -75 -73 105 -49 -80 -42 -14 -83 120 85 -45 87 -44 -38 90 -21 -92 -91 -31 -28 96 -26 101 -99 115 -98 -97 -54 -64 -59 -78 -57 -2 109 -6 -66 -11 -12 -30 -56 116 -100 -65 -119 -58 121 -46 -123 -22 -71 -35
right_child=2 7 40 -5 5 -7 11 8 9 111 112 14 28 45 -16 16 -18 -19 -20 20 46 -23 24 25 95 26 94 -29 29 30 32 33 -34 125 35 38 37 39 -40 -41 43 42 86 44 83 -47 -48 78 50 51 53 -53 102 56 114 106 119 58 61 60 -62 -63 103 117 110 -67 -68 -69 -70 73 71 76 -74 75 -76 -77 77 -79 79 -81 -82 82 -84 -85 -86 -87 -88 -89 -90 92 91 -93 -94 -95 -96 97 100 98 99 -101 -102 -103 -104 -105 -106 -107 -108 -109 -110 -111 -112 -113 -114 -115 -116 -117 -118 118 -120 -121 -122 122 -124 -125 -126 -127
leaf_value=0.0005799835100667324 -0.019199500306052452 0.0014519124093745031 -0.012508248467194408 0.0025483598916647096 -0.0070175123411284034 -0.01301446006642067 -0.0008340092288125964 0.0043338845603734227 -0.0038410807697061219 0.0012687572744444992 0.0072285762858739942 -0.0059730189165794383 0.0080836271851802352 0.005357044011159248 -0.0023764485886945135 -0.0059158339289699328 0.01203141231794615 -0.0049943293077978892 0.0015612330174001982 -0.0014154861531897826 -0.001037291705390881 0.0071676739676177952 -0.0032497388308434377 0.0052554167157883285 -0.0033821557486897937 -0.0059087484682338667 0.0017867306232539168 0.00088944088405253064 0.0054072114792718153 -0.00016218544395989681 0.0044438313856543813 -0.0022887008518638879 -0.0046771028759863892 -0.012435805109339339 0.0078891252881946212 0.0037135471009253464 -0.0064013780473874907 -0.0019289285050074381 -0.0017605514006592785 -0.0050223243384044962 -0.0016914496849071334 -0.0067176889590753941 -0.018819206739893023 -0.0050497907513723404 -0.0042526587622214711 5.2709986788842004e-06 0.0097863588275836494 0.0024177810477004499 -0.002897738144737374 -0.01218205721275355 0.001524217549977078 0.0073993913453488623 -0.0026960063456130503 -0.00138157156851804 0.0033045187479993745 -0.00054948079700574621 -0.0013553291206858417 0.0019844999098718149 0.00072536724840431121 0.0065035255966900563 0.00079328827418947815 -0.0043677466014295412 -0.0086501871144984682 0.00031333856906310103 0.0014029920157322521 0.0027673507742806149 4.9428819448760416e-05 -0.0010095816040963748 -0.00031552766056223432 0.0045141817313539053 -0.0021897097145540021 -0.006828100737520504 0.005115747104547156 0.00037432845327046028 0.02560811391922823 0.0046464220838562161 0.0036777692397968148 0.00050256013386116433 -0.0010851821385870224 0.0030512023294706849 -0.0083695119707125863 -0.0047524961545240777 -0.0020563547683362785 -0.0098191334969649335 -0.0023800200109917054 -0.013204975642029288 -0.010514713136596432 0.0010937370269396406 0.00018048461712771055 -0.0024193164769445198 -0.0003719696794699897 0.0041867361538592118 0.0072204911022432832 -0.010611176442306716 0.0084600760401919699 -0.0008885499869754832 0.0029514193269083023 0.00502308925764607 0.00057762411648592258 -0.0031783431713296451 -0.00097930802451947577 -0.0059706297623362981 0.011977953099086501 -0.00099712279289101264 -0.0010749377855289685 -0.0012298399819145997 -0.0040389525600590072 -0.00097744644315938731 -0.0067910208344983593 0.0066122395868909636 -0.0021507446055796168 0.0062162471780806573 0.022134818309347569 0.00089197990550365588 -0.0010028796070229134 0.0056352202000811424 -0.01008498011503201 0.018652981695850279 0.0024506206036352656 -0.0046700972477939813 -0.0080159415651601309 0.011110576690638122 -0.0011774058168349721 0.0039219742313366278 0.011205581076004927 -0.0032288704155685223
leaf_weight=653 15.999999999999998 1257 93 1041 103 160 3930 1525 583 385 148 158 46 519 1085 338 85 479 2729 895 226 408 838 1543 321 135 1305 4389 758 1773 429 267 480 275 144 314 1216 5428 1702 939 186 203 14.999999999999998 1985 519 504 183 2542 2594 30 2522 484 35 1082 1665 1610 3899 1127 372 355 955 859 95 1291 1222 3013 1356 567 832 409 697 83 1632 790 35 1188 1982 1536 1545 641 556 1761 1675 91 913 92 46 1345 148 898 592 1144 85 54 143 980 2311 502 1809 523 474 309 98 3998 1184 248 602 4657 779 83 598 451 27 355 302 182 51 29 2972 485 112 64 2740 1112 141 70
leaf_count=653 16 1257 93 1041 103 160 3930 1525 583 385 148 158 46 519 1085 338 85 479 2729 895 226 408 838 1543 321 135 1305 4389 758 1773 429 267 480 275 144 314 1216 5428 1702 939 186 203 15 1985 519 504 183 2542 2594 30 2522 484 35 1082 1665 1610 3899 1127 372 355 955 859 95 1291 1222 3013 1356 567 832 409 697 83 1632 790 35 1188 1982 1536 1545 641 556 1761 1675 91 913 92 46 1345 148 898 592 1144 85 54 143 980 2311 502 1809 523 474 309 98 3998 1184 248 602 4657 779 83 598 451 27 355 302 182 51 29 2972 485 112 64 2740 1112 141 70
internal_value=-5.20042e-06 0.000952017 -0.00141716 -0.00105953 -0.0011577 -0.00148361 -0.00141998 0.000432839 0.000643827 0.000292904 0.00175672 -0.0012742 -0.00151423 -9.8169e-05 0.000183717 0.000193774 0.000271697 -0.000923095 0.00114732 0.00170733 0.00125326 0.00237832 0.000986189 0.00186916 0.000268677 0.00347329 0.00173345 -0.000105641 -0.0018795 -0.00156749 -0.00199014 -0.00233401 -0.000116374 -0.00697067 -0.00209146 -0.000317294 -0.00249197 -0.00296838 -0.000905813 -0.00238584 -0.00298703 -0.00107784 -0.000413943 -0.00343416 -0.0030614 0.00272456 0.00389125 0.000238381 2.98732e-05 0.000912345 -0.000483846 0.00224082 -0.00085676 -1.89146e-05 0.000853448 0.000109769 -0.000882212 -0.00116458 -0.000709897 0.000657194 0.00234415 -0.00282546 -0.000557752 0.00255324 0.00172644 0.00261826 0.00110799 0.00219684 0.00237502 0.00261374 0.00210667 0.00124386 0.00382136 0.00396351 0.00740848 0.0029423 0.00186671 0.00205958 0.00135903 0.000125983 -0.00670134 -0.00328582 -0.00343943 -0.00184983 -0.00448872 -0.00541357 0.000493768 0.0008698 -0.00568432 0.000480472 0.00125225 0.00262992 -0.00158104 -0.000473776 0.00244907 0.000664377 0.00169432 -6.91161e-05 0.000787491 -4.00688e-05 0.00228097 -0.0021103 0.00808721 -0.00117594 0.000415342 0.00313017 -0.0015011 -0.0010411 -0.00566254 -0.00091364 0.000233084 0.00394301 0.00956257 0.00397085 0.00264114 0.000761868 0.000282586 0.00191954 0.00260914 -0.00172305 -0.00163726 -0.00142084 -0.000895126 0.00308131 0.00623861 -0.0105808
internal_weight=119549 71246 48303 39343 38302 29240 29080 43309 37480 31663 27937 28115 24143 4953 3972 30827 30244 5829 2887 27762 16561 11201 15040 6740 8300 3126 1583 9062 19190 15708 14595 12330 2265 612 11718 2160 9558 7731 2016 6367 8960 1702 1609 7258 6516 1023 1521 30159 25431 9360 16071 5347 4013 13477 6701 4734 6776 3880 3542 2392 1310 1231 5350 5817 4863 3043 1785 10793 10226 9394 6831 4546 2285 2563 585 1978 3849 3766 4728 2186 742 3482 3436 3526 2990 2077 1406 1360 1364 3614 2631 1736 983 1827 1448 7462 3106 4356 3067 2565 2785 1289 133 4093 2311 2230 2212 4673 965 186 1820 836 175 1113 1967 2042 1860 4292 3001 4384 3435 3323 2804 1338 550 345
internal_count=119549 71246 48303 39343 38302 29240 29080 43309 37480 31663 27937 28115 24143 4953 3972 30827 30244 5829 2887 27762 16561 11201 15040 6740 8300 3126 1583 9062 19190 15708 14595 12330 2265 612 11718 2160 9558 7731 2016 6367 8960 1702 1609 7258 6516 1023 1521 30159 25431 9360 16071 5347 4013 13477 6701 4734 6776 3880 3542 2392 1310 1231 5350 5817 4863 3043 1785 10793 10226 9394 6831 4546 2285 2563 585 1978 3849 3766 4728 2186 742 3482 3436 3526 2990 2077 1406 1360 1364 3614 2631 1736 983 1827 1448 7462 3106 4356 3067 2565 2785 1289 133 4093 2311 2230 2212 4673 965 186 1820 836 175 1113 1967 2042 1860 4292 3001 4384 3435 3323 2804 1338 550 345
is_linear=0
shrinkage=0.04


Tree=67
num_leaves=127
num_cat=0
split_feature=9 14 9 17 17 4 8 2 4 1 1 14 2 2 1 8 18 4 4 18 1 1 4 2 1 1 1 14 1 1 2 4 2 2 1 1 2 1 1 1 2 2 1 1 2 14 1 10 1 1 1 8 1 1 4 10 1 9 1 2 1 2 10 11 1 2 18 14 2 18 1 1 1 11 4 11 10 1 1 10 1 1 10 1 1 4 10 2 1 2 2 1 2 2 2 10 10 9 2 2 9 9 2 4 2 2 10 2 1 10 1 1 1 1 1 1 1 2 10 1 11 2 12 2 1 1
split_gain=93.3146 23.6976 10.9609 9.38562 9.31042 7.12795 6.641 10.1456 7.82466 6.49476 6.33772 6.13181 5.2669 7.83528 7.30294 5.26358 5.1783 5.10042 5.01984 4.9085 4.82796 4.70249 4.68777 6.19035 4.59754 7.02451 5.83469 4.49629 4.48868 5.06068 4.39408 7.41013 5.31771 5.06751 4.31697 7.53275 8.49815 8.37017 7.64181 12.3135 10.4965 5.04288 4.91446 4.39136 4.14898 4.06978 4.05086 3.84435 3.71102 3.65682 3.55793 3.54709 3.5057 4.38331 3.40649 3.40242 3.36064 3.33152 3.32474 3.31719 3.25241 3.17239 3.16494 3.14335 3.09014 3.33516 3.06764 3.05932 4.3046 3.0477 3.02507 3.01051 5.14293 3.41309 2.9458 2.90025 2.87626 2.86668 7.4099 3.23117 2.84259 3.48795 2.7943 2.77861 2.76024 2.6745 2.67159 2.66474 3.25441 3.91136 3.50367 3.0863 2.9069 6.02702 2.65475 2.63856 2.62681 2.61828 2.59259 3.32505 2.58538 2.53689 2.5315 2.52756 2.52526 2.51643 3.38725 2.9363 2.48648 3.71843 2.73308 2.4514 2.44115 3.8878 4.1719 6.23822 3.80807 13.7992 3.59835 2.81141 2.94719 2.76329 2.62475 2.43504 2.43078 2.63814
threshold=10.500000000000002 0.90615000000000012 14.500000000000002 1.0000000180025095e-35 1.0000000180025095e-35 14.500000000000002 1.5000000000000002 1001.5000000000001 13.500000000000002 38.500000000000007 62.500000000000007 0.97015000000000007 1530.5000000000002 1493.5000000000002 78.500000000000014 1.5000000000000002 1.0000000180025095e-35 25.500000000000004 14.500000000000002 1.0000000180025095e-35 266.50000000000006 160.50000000000003 13.500000000000002 263.50000000000006 140.50000000000003 138.50000000000003 46.500000000000007 0.79235000000000011 53.500000000000007 43.500000000000007 427.50000000000006 13.500000000000002 93.500000000000014 614.50000000000011 19.500000000000004 65.500000000000014 1756.5000000000002 52.500000000000007 195.50000000000003 141.50000000000003 1665.5000000000002 1681.5000000000002 43.500000000000007 47.500000000000007 1578.5000000000002 0.87695000000000012 236.50000000000003 198295.50000000003 176.50000000000003 15.500000000000002 51.500000000000007 1.5000000000000002 201.50000000000003 203.50000000000003 22.500000000000004 85515.000000000015 266.50000000000006 22.500000000000004 249.50000000000003 970.50000000000011 212.50000000000003 20.500000000000004 206337.00000000003 8202.5350000000017 47.500000000000007 102.50000000000001 1.0000000180025095e-35 0.74475000000000013 1062.5000000000002 1.0000000180025095e-35 116.50000000000001 189.50000000000003 150.50000000000003 7587.2700000000013 1.5000000000000002 15483.000000000002 93690.500000000015 217.50000000000003 239.50000000000003 65998.500000000015 133.50000000000003 220.50000000000003 109939.50000000001 12.500000000000002 272.50000000000006 13.500000000000002 125630.00000000001 1305.5000000000002 74.500000000000014 434.50000000000006 706.50000000000011 87.500000000000014 195.50000000000003 293.50000000000006 728.50000000000011 75074.000000000015 125630.00000000001 12.500000000000002 843.50000000000011 1270.5000000000002 5.5000000000000009 11.500000000000002 1027.5000000000002 10.500000000000002 1035.5000000000002 626.50000000000011 70509.000000000015 36.500000000000007 204.50000000000003 70509.000000000015 218.50000000000003 31.500000000000004 177.50000000000003 116.50000000000001 75.500000000000014 107.50000000000001 120.50000000000001 902.50000000000011 129255.00000000001 188.50000000000003 10430.175000000001 1287.5000000000002 3.5000000000000004 1320.5000000000002 245.50000000000003 143.50000000000003
decision_type=2 2 2 2 2 2 2 2 2 2 2 2 2 2 2 2 2 2 2 2 2 2 2 2 2 2 2 2 2 2 2 2 2 2 2 2 2 2 2 2 2 2 2 2 2 2 2 2 2 2 2 2 2 2 2 2 2 2 2 2 2 2 2 2 2 2 2 2 2 2 2 2 2 2 2 2 2 2 2 2 2 2 2 2 2 2 2 2 2 2 2 2 2 2 2 2 2 2 2 2 2 2 2 2 2 2 2 2 2 2 2 2 2 2 2 2 2 2 2 2 2 2 2 2 2 2
left_child=1 6 4 11 5 9 7 21 69 105 28 15 13 19 -14 124 -7 -18 34 70 55 27 23 97 25 26 100 -1 29 -11 31 -4 -33 51 -10 37 38 42 39 41 56 61 111 44 -44 -42 -26 52 75 83 64 96 112 -54 -20 80 60 -34 -57 -13 98 -37 -30 -5 -31 -66 -15 -35 94 -8 -12 72 73 -41 -71 -23 -45 -50 -79 -80 -16 -82 102 -17 108 -22 -72 88 -63 92 -91 -89 -90 -94 -69 -6 -32 -21 -40 -100 -9 -67 -74 -97 -105 107 -107 -2 -55 -110 -111 -36 113 114 -24 -116 122 -118 -119 -114 -121 -117 -115 -106 125 -3
right_child=2 3 30 63 95 16 8 24 18 10 12 59 14 66 20 49 17 -19 54 22 85 48 47 -25 46 -27 -28 -29 62 50 33 32 57 67 35 36 -38 -39 40 71 45 -43 43 76 -46 -47 -48 -49 77 -51 -52 -53 53 84 -56 58 -58 -59 -60 -61 -62 87 -64 -65 65 101 -68 68 -70 74 86 -73 82 -75 -76 -77 -78 78 79 -81 81 -83 -84 -85 -86 -87 -88 91 89 90 -92 -93 93 -95 -96 103 -98 -99 99 -101 -102 -103 -104 104 123 106 -108 -109 109 110 -112 -113 119 116 115 121 117 118 -120 120 -122 -123 -124 -125 -126 -127
leaf_value=-0.001281576868616669 -0.0034029583934242214 0.0024210016738450903 -0.012008455914918385 0.0151554149678152 -0.0024261957170314779 -0.00011784585226398425 0.00083730888121215515 0.0042555852978844498 -0.0024915232733607349 0.011842182185729204 -0.0010125965888144795 0.0042979665523254227 0.0041728470264744575 -0.0026593562329782485 -0.007762820120604255 0.0083315978756398398 -0.0045901520541080047 -0.012772727278000235 -0.0049577911364825913 0.0057147563331896604 -0.009832431238947191 0.010853281966127637 -0.00085017221302596173 -0.010682594475741658 -0.0015201585024605822 0.021192909026057957 0.0015817952692647847 0.0020459556530927599 0.0059221579982268067 -0.0023241632167312395 -0.0041691336838809642 -0.0064491137659708191 0.00083483872890530489 -0.0038629460678075989 0.00086745718106980344 0.0034745234379797802 0.0021710816668606878 0.0032212249932371284 0.00081101875940246479 -0.0024279655669556741 -0.005708021243705801 0.0059268880371853164 -0.015449536751056538 0.00098975354820258262 -0.0034609212291216696 0.00061408836129195083 0.0007965766223837421 0.0040188580847218 0.0016383733000116388 0.00094727394168825439 -0.0080963607880029983 -0.0080347917027834455 0.006753393630246878 -0.0075653822611297149 -0.00098094633697362404 -0.0021128513105803924 0.0044322008045954301 -0.01009503681333877 -0.0089775179290850233 0.0019800130107975713 0.00045204338993127939 -0.0051495965672684633 -0.0036746092742765196 0.0050906290999741758 -0.00050827268809703469 0.001350151811295826 -0.0078138686835498104 -0.001275848307900489 -0.00066911407416419383 -0.0019747258311508483 0.002209772211844787 -0.006220468436172957 0.00064954927431284341 -0.0060879601090706708 -0.0067582645632882901 0.00025499542918184712 -0.0028151197288826886 0.0088508083171690236 0.0074482665631266489 0.00025943717958217433 0.0016072596458480315 -0.0022322091507135733 -0.0065568021946520475 -0.0034983568123745758 -0.012418861805092881 0.0020570842491920839 -0.0036766248239213663 0.0014184519047243866 -0.0033029410623713869 -0.005298191759617734 -0.0011822508277306483 -0.0014603995912055234 0.012185469056824258 0.00073779784501348496 -0.0045783571964069713 -0.002825894451600332 0.0072687811928363903 -0.0053759273544686749 0.0061634945515841354 -0.0064280349561051976 -0.0016226768484447584 0.0064620797527607425 -0.0023583400383329861 0.0029042467996454801 0.018698113746581736 -0.0022022676829067979 -0.005053781168137257 0.0011579756742642051 0.0032695699804650446 0.0029164323460454445 -0.0019820318812416196 0.0043897328145278865 -0.0066228824503814336 0.0021103800445011495 -0.0057837072637993729 -0.0029723307754261196 -0.00012060777064742071 -0.01533285444749893 -0.002927410854105601 -0.0008159763862658606 -0.0069159918110697216 4.9731224143001924e-05 -0.0071316794115842651 0.0060489900493699298 0.0037539360686217184 0.0012177354057133036
leaf_weight=867 429 5255 93 101 151 345 199 129 1020 57 1998 1715 553 327 74 34 792 145 507 69 31 176 1696 212 3598 27 4189 2578 369 617 145 203 1360 3056 1841 332 2114 2401 410 850 528 211 55 903 298 234 1815 185 1154 17032 88 556 132 78 1087 1767 485 46 121 2355 3993 302 64 101 983 455 434 584 1683 372 1064 399 977 793 470 55 490 393 127 476 1068 586 142 435 32 1017 139 1794 249 399 1968 891 78 1299 1193 96 41 67 431 36 1597 238 824 640 31 1540 1186 475 374 215 1176 383 395 830 1090 1734 1085 135 53 505 170 668 52 123 1061 6598
leaf_count=867 429 5255 93 101 151 345 199 129 1020 57 1998 1715 553 327 74 34 792 145 507 69 31 176 1696 212 3598 27 4189 2578 369 617 145 203 1360 3056 1841 332 2114 2401 410 850 528 211 55 903 298 234 1815 185 1154 17032 88 556 132 78 1087 1767 485 46 121 2355 3993 302 64 101 983 455 434 584 1683 372 1064 399 977 793 470 55 490 393 127 476 1068 586 142 435 32 1017 139 1794 249 399 1968 891 78 1299 1193 96 41 67 431 36 1597 238 824 640 31 1540 1186 475 374 215 1176 383 395 830 1090 1734 1085 135 53 505 170 668 52 123 1061 6598
internal_value=-5.00413e-06 0.000756585 -0.00164481 0.00154946 -0.00126623 -0.00140484 0.00017067 0.000796902 -0.000190672 -0.00126438 -0.00101596 0.00149894 -0.00126677 -0.00164944 -0.00017196 0.00130359 -0.00431936 -0.0058619 -6.70597e-05 -0.00143645 -0.00068805 0.00215393 -0.00183915 -0.00641084 0.000100275 0.000868791 0.000774986 0.00120734 0.00074131 7.30284e-05 -0.00286776 -0.00103503 -0.000397571 -0.00329697 6.09749e-05 0.000160852 -0.000224964 0.00135682 -0.000512592 -0.00111996 0.000629399 -0.000167093 0.000228198 -0.00135892 -0.00534401 -0.00376151 -0.000742609 -0.00168869 0.00352174 0.000851149 -0.000207525 -0.00643356 -0.00179045 -0.000285973 -0.00224859 -0.00138149 0.00125502 0.00047371 -0.00255537 0.00295781 0.000937698 -0.000343571 0.00449394 0.0101478 9.38255e-05 0.000986452 -0.00560488 -0.00293909 -0.00212186 -0.0035973 -5.72519e-05 -0.00291775 -0.00254899 -0.00419717 -0.00465011 0.00834839 -0.000345879 0.00300093 0.00457529 0.00178112 -9.65272e-05 0.000244493 -0.00115308 -0.00263063 -0.000784011 0.00170067 0.00152606 -0.000525796 -0.001144 -0.000839924 -0.00187795 0.000461615 0.000668714 0.00138999 -0.00349539 0.00244644 -0.00162383 0.000221638 0.00314403 0.00518311 -0.0011808 0.00311221 -0.000724465 0.00327781 0.00402109 -0.0028374 -0.00344448 -0.00100216 -0.000579162 -0.000267745 -0.00122187 0.001476 -0.00214887 -0.00188768 -0.00248104 -0.00327193 -0.000457296 -0.00185829 -0.0118603 -0.00393726 -0.002359 -0.00213026 0.00156022 0.00863168 0.00191641 0.00175155
internal_weight=119549 81633 37916 34687 28956 27915 46946 17181 29765 26633 23003 34485 20132 14915 5217 30415 1282 937 28724 14154 4664 5826 10953 348 11355 5942 5915 3445 2871 2438 8960 1702 1609 7258 27130 26110 19739 6371 17625 11508 6117 7523 3970 1746 353 762 5413 10605 2381 17501 2381 742 10420 2007 1594 3616 5355 1406 1888 4070 4870 7312 433 202 2293 1676 761 6516 3460 1041 3201 3985 3586 1643 842 231 1393 2150 996 603 1728 1654 1943 469 1875 1048 1203 6980 4295 3993 2367 2685 1626 1377 1777 1041 186 136 877 467 1726 693 1801 890 794 3630 2726 904 1843 1765 1391 2224 8413 7343 5188 3492 2155 1273 188 1070 675 2402 882 154 12914 11853
internal_count=119549 81633 37916 34687 28956 27915 46946 17181 29765 26633 23003 34485 20132 14915 5217 30415 1282 937 28724 14154 4664 5826 10953 348 11355 5942 5915 3445 2871 2438 8960 1702 1609 7258 27130 26110 19739 6371 17625 11508 6117 7523 3970 1746 353 762 5413 10605 2381 17501 2381 742 10420 2007 1594 3616 5355 1406 1888 4070 4870 7312 433 202 2293 1676 761 6516 3460 1041 3201 3985 3586 1643 842 231 1393 2150 996 603 1728 1654 1943 469 1875 1048 1203 6980 4295 3993 2367 2685 1626 1377 1777 1041 186 136 877 467 1726 693 1801 890 794 3630 2726 904 1843 1765 1391 2224 8413 7343 5188 3492 2155 1273 188 1070 675 2402 882 154 12914 11853
is_linear=0
shrinkage=0.04


Tree=68
num_leaves=127
num_cat=0
split_feature=9 14 9 17 17 4 1 1 2 2 1 14 2 2 9 1 1 2 2 1 1 1 18 4 1 1 1 1 1 1 2 2 1 1 18 2 1 1 4 2 2 1 1 2 2 2 1 2 1 1 17 2 4 2 2 10 2 2 1 1 1 2 10 11 2 10 2 11 2 1 2 2 10 1 1 1 2 2 9 1 1 1 10 10 1 9 1 2 2 4 2 2 2 1 10 2 2 11 2 1 2 1 1 18 1 1 2 1 18 4 4 9 14 1 1 1 2 1 10 2 2 1 4 10 4 1
split_gain=86.009 21.8403 10.1016 8.65192 8.58166 6.56977 5.98502 5.84149 5.66907 12.5938 9.11293 5.65099 5.23714 8.01019 5.40041 4.90793 10.4624 4.85428 7.22124 6.73078 4.77854 5.37558 4.77192 4.69982 4.62578 7.06249 6.27511 5.991 8.87568 8.74405 6.30712 5.5698 5.35324 13.3275 4.52405 4.48364 4.44936 4.35156 4.31991 5.70521 4.25511 5.54673 6.02331 5.54849 4.34706 5.11248 4.19635 6.44202 4.13605 4.66461 4.06528 4.0488 6.82956 4.90086 4.72802 4.52372 3.997 5.68766 3.76235 3.69332 10.2621 3.61657 3.54355 3.47952 3.88363 3.38195 3.34765 4.0854 3.33341 5.99042 4.92193 3.30627 3.29259 3.27928 3.2755 4.68915 4.59573 5.26281 3.35018 3.2313 4.03998 3.15219 3.14127 3.12543 3.09746 3.07094 3.05801 3.05657 3.02443 3.66664 2.93429 5.43237 3.83731 2.93298 2.91786 2.9094 2.90609 2.8952 2.85972 2.84794 3.07437 2.84029 3.45054 2.82611 2.81177 5.4051 5.56369 2.7876 2.77527 2.98719 3.92608 3.56734 3.07401 2.76804 4.22318 2.76222 2.74459 3.75663 4.05333 2.5864 5.11151 2.5766 2.56966 2.58361 2.64254 2.54441
threshold=10.500000000000002 0.90615000000000012 14.500000000000002 1.0000000180025095e-35 1.0000000180025095e-35 14.500000000000002 38.500000000000007 62.500000000000007 970.50000000000011 1176.5000000000002 195.50000000000003 0.97015000000000007 434.50000000000006 902.50000000000011 9.5000000000000018 48.500000000000007 65.500000000000014 1530.5000000000002 1493.5000000000002 78.500000000000014 43.500000000000007 27.500000000000004 1.0000000180025095e-35 25.500000000000004 34.500000000000007 65.500000000000014 49.500000000000007 197.50000000000003 194.50000000000003 212.50000000000003 1736.5000000000002 764.50000000000011 143.50000000000003 110.50000000000001 1.0000000180025095e-35 1074.5000000000002 266.50000000000006 12.500000000000002 13.500000000000002 263.50000000000006 1756.5000000000002 266.50000000000006 156.50000000000003 1400.5000000000002 1320.5000000000002 1270.5000000000002 66.500000000000014 1011.5000000000001 53.500000000000007 43.500000000000007 1.0000000180025095e-35 427.50000000000006 13.500000000000002 93.500000000000014 990.50000000000011 109068.50000000001 850.50000000000011 970.50000000000011 218.50000000000003 43.500000000000007 47.500000000000007 1715.5000000000002 198295.50000000003 11841.415000000003 128.50000000000003 81704.000000000015 537.50000000000011 2797.0400000000004 1305.5000000000002 115.50000000000001 1270.5000000000002 1849.5000000000002 168278.50000000003 51.500000000000007 197.50000000000003 219.50000000000003 1654.5000000000002 1681.5000000000002 4.5000000000000009 201.50000000000003 203.50000000000003 273.50000000000006 84545.000000000015 65998.500000000015 249.50000000000003 22.500000000000004 31.500000000000004 970.50000000000011 1555.5000000000002 15.500000000000002 1582.5000000000002 1249.5000000000002 1849.5000000000002 247.50000000000003 206337.00000000003 1595.5000000000002 1115.5000000000002 8202.5350000000017 817.50000000000011 47.500000000000007 102.50000000000001 217.50000000000003 235.50000000000003 1.0000000180025095e-35 118.50000000000001 129.50000000000003 1890.5000000000002 116.50000000000001 1.0000000180025095e-35 14.500000000000002 22.500000000000004 18.500000000000004 0.8327500000000001 191.50000000000003 220.50000000000003 15.500000000000002 1315.5000000000002 116.50000000000001 49049.500000000007 866.50000000000011 782.50000000000011 269.50000000000006 7.5000000000000009 206337.00000000003 19.500000000000004 272.50000000000006
decision_type=2 2 2 2 2 2 2 2 2 2 2 2 2 2 2 2 2 2 2 2 2 2 2 2 2 2 2 2 2 2 2 2 2 2 2 2 2 2 2 2 2 2 2 2 2 2 2 2 2 2 2 2 2 2 2 2 2 2 2 2 2 2 2 2 2 2 2 2 2 2 2 2 2 2 2 2 2 2 2 2 2 2 2 2 2 2 2 2 2 2 2 2 2 2 2 2 2 2 2 2 2 2 2 2 2 2 2 2 2 2 2 2 2 2 2 2 2 2 2 2 2 2 2 2 2 2
left_child=1 8 4 11 5 6 -2 48 10 46 12 24 83 50 -15 20 -17 18 34 -19 21 65 -7 -24 37 26 59 28 30 61 32 -31 33 95 107 66 82 -3 39 -36 41 42 68 44 45 -44 47 -10 49 -8 -14 52 -4 -54 108 -56 -33 -58 -42 -26 -61 98 79 64 -12 -11 -34 -68 69 70 -18 -30 -70 99 -45 -76 78 -78 -77 -40 -81 -43 113 -1 -84 -55 -23 -13 89 -57 91 -59 -92 -60 -50 -27 -37 -5 -29 -51 -101 -66 -103 -20 -32 -106 -107 -9 -53 111 -111 112 -110 -21 -115 -39 117 118 -35 120 -65 -121 -22 124 -124 -82
right_child=2 3 51 97 -6 22 7 17 9 15 63 87 13 14 -16 16 40 19 103 36 122 86 23 -25 25 27 -28 29 71 31 104 56 35 116 38 96 -38 115 62 -41 58 81 43 74 -46 -47 -48 -49 94 73 -52 54 53 85 55 88 57 90 93 60 -62 -63 -64 119 101 -67 67 -69 72 -71 -72 -73 -74 -75 75 76 77 -79 -80 80 125 -83 84 -85 -86 -87 -88 -89 -90 -91 92 -93 -94 -95 -96 -97 -98 -99 -100 100 -102 102 -104 -105 105 106 -108 -109 109 110 -112 -113 -114 114 -116 -117 -118 -119 -120 121 -122 -123 123 -125 -126 -127
leaf_value=0.0018212100406113806 -0.0027239616489799995 0.0067186765132552072 -0.011528633684400073 0.014549798224965143 0.0023486639012891852 -0.0001131333856741131 0.011369324122961681 -0.00097209477117722338 -0.0065266648040856979 -0.0006278783548434012 0.00031224324521680956 0.0041260579583399029 -0.00157476434456473 0.0046946424623081889 -0.011711427676013488 0.0029186604737839899 0.0030162651289932728 0.0040059632775000789 -0.0025530145548538019 -0.0044963297536875432 -0.013999857043913322 0.0012634285383093938 -0.0044065691731924733 -0.012262170026419 0.0035781902497102969 -0.0011274017748640296 0.0050064140059296863 0.0058939850876330128 -0.0054448510292124143 0.0037062004586255288 0.004941934264394641 -0.0011947477283789814 -0.00080902858887021609 0.0059935608399405843 0.00021160693662644836 -0.0061294273671296615 0.0016324604506985222 -0.0032921661034872002 -0.0020630721891449588 -0.010255492091431813 0.0022299882047475072 0.0033104020061728236 0.0037887828928518386 -0.0036346227177279124 0.0034958265381086445 -0.0040439921690973261 -0.0027259746721874523 0.0014974516903986355 0.0056853359443115627 -0.0022312117562629055 0.011715305439545458 -0.00081678673773962602 -0.006191276142356256 0.00080144762923014829 -0.001042264068507345 -0.0010526554999267708 0.0048066931948262583 -0.00029845468443076328 -0.001107523476535952 -0.0045418434927754171 0.0029198609735923793 0.0081282195481538217 0.0038581906090002973 0.0025470998039779738 0.003116962781486053 -0.0055757692812135433 -0.0099733862070561629 0.0029133417321190488 0.0010987328398721116 -0.0091764225594239048 -0.0014603865235123779 0.010004099044964942 -0.0097533757247840226 -0.0077728740691665075 0.0017591654058025485 0.0029686869995798931 -0.017049476283870331 -0.0037353985933633389 -0.0016139799676721583 0.006483462264960143 -0.00055591589521284703 -0.0037093970267058048 -0.0020005633324363579 0.00019381011873054025 -0.0086187138235539473 -0.009692110972652726 0.0075449064069777871 0.0019008158522071433 -0.0058647733299754734 -0.012357285334440525 -0.0013261090709389806 0.0029509425462387506 0.0020831817732166599 0.0022255420000280453 -0.0035278542049217527 0.0064736087084103448 -0.0015518459099912441 0.0048872053555399919 0.0024772010700427455 -0.00048794388766663872 0.0029880009824295867 0.010613384463853123 0.0043093211929903967 -0.0075013858952148261 -0.0056469437069696284 0.0033225439123903454 -0.0039572523818838792 0.0014648775923958072 -0.0031428001374240789 -0.011859224856305283 -0.0027568161061831886 -0.0070401692065762481 -0.0094560229241802529 0.0022303622175606085 -0.0022000459052006964 -4.4746653139860907e-06 0.007209946112185779 0.0015163496457414809 -0.00097848603123837125 0.005878854311061452 -0.0014795384068435769 -0.0082232707657965073 -0.001908442004781046 -0.018362593413880152 -0.0095891511658536457 -0.011923655312380687
leaf_weight=3203 3630 137 93 101 1041 345 57 1998 194 1033 367 1715 4029 519 34 2415 520 553 327 197 31 1111 792 145 941 2523 1524 542 469 1281 617 1268 1339 752 136 256 1048 495 8413 212 2505 957 204 1277 614 383 3594 913 369 617 37 360 203 1360 2266 567 651 1393 1393 456 834 301 185 1297 606 282 41 873 4647 131 1605 23 45 88 665 287 51 722 2267 132 1843 114 1835 4615 121 46 140 2355 675 50 1613 2005 785 606 64 83 1710 101 1447 983 693 249 322 434 143 1417 190 1203 2335 191 128 555 131 910 553 2362 241 1542 161 292 824 22 1733 15.999999999999998 75 32
leaf_count=3203 3630 137 93 101 1041 345 57 1998 194 1033 367 1715 4029 519 34 2415 520 553 327 197 31 1111 792 145 941 2523 1524 542 469 1281 617 1268 1339 752 136 256 1048 495 8413 212 2505 957 204 1277 614 383 3594 913 369 617 37 360 203 1360 2266 567 651 1393 1393 456 834 301 185 1297 606 282 41 873 4647 131 1605 23 45 88 665 287 51 722 2267 132 1843 114 1835 4615 121 46 140 2355 675 50 1613 2005 785 606 64 83 1710 101 1447 983 693 249 322 434 143 1417 190 1203 2335 191 128 555 131 910 553 2362 241 1542 161 292 824 22 1733 16 75 32
internal_value=-4.82011e-06 0.000726348 -0.00157913 0.00148751 -0.00121569 -0.00134876 -0.0012139 -0.000975422 0.000163858 -0.000158354 0.000763338 0.00143901 0.000229905 -0.000837526 0.00367678 0.000188097 0.000438798 -0.00121621 -0.00158359 -0.00016513 -0.00102496 9.16765e-05 -0.00414689 -0.00562766 0.00125146 0.00141448 0.00302672 0.00115849 0.000550369 0.0018252 0.000768559 0.00126278 0.000308685 0.00115505 -0.0013791 -0.000753999 -0.00066062 -0.000240269 -0.00176571 -0.00615453 0.000123254 -0.000210322 -0.000431695 -0.00131006 0.00114131 -0.00131487 -0.00206269 8.71624e-05 0.000711618 7.00559e-05 -0.00145256 -0.00275318 -0.000993785 -0.000381708 -0.00316519 -0.00212171 0.000856515 0.00126059 0.00119721 0.00167243 0.000278987 0.0040327 -0.00162126 0.00242961 0.00391661 -0.00169233 0.000462635 0.00232987 0.000385675 -0.000876883 -0.000362951 -0.00471263 0.000993594 -0.000199229 -0.00186959 -0.0013039 -0.00191738 -0.00462108 -0.00109735 -0.00171896 -0.000274472 0.00255919 -0.00132634 0.000861075 -0.00241243 0.000454621 0.00197014 0.00283954 -0.00401159 -0.00197709 0.000861531 0.00161772 -0.000208348 -9.50377e-05 0.00431384 -0.000883539 -0.00215023 0.0097431 0.00341053 9.00114e-05 0.000947011 0.00503697 0.00706676 -0.00538095 0.00261657 0.0017942 0.00245915 -5.4965e-05 -0.00416746 -0.00452737 -0.00822139 -0.00413572 -0.00348017 -4.41054e-05 0.000552941 -0.000575591 0.00312704 0.00272432 0.00475974 0.00148496 0.000980885 0.00487577 -0.00257167 -0.00237449 -0.00222978 -0.000752684
internal_weight=119549 81633 37916 34687 28956 27915 26633 23003 46946 30530 16416 34485 12437 4619 553 25829 21408 20132 14915 5217 4421 2566 1282 937 30415 27421 3755 23666 12380 11286 11888 8996 9521 5302 14154 4219 4664 2994 10953 348 18993 14489 13418 6470 1201 587 4701 1107 2871 2438 4066 8960 1702 1609 7258 3558 7715 6447 4504 2231 1290 2290 10605 3979 1544 1315 2253 914 6948 2256 2125 492 4692 2381 5269 3992 3327 773 2554 10420 2007 1071 3616 7818 1956 1406 1251 4070 1292 617 5796 3398 2398 1999 433 2606 1966 202 1989 2293 1676 1177 571 761 2367 1750 1607 3201 3700 3340 319 3021 2466 1660 1463 2857 2696 2455 913 2435 2121 314 1855 1824 1808 1875
internal_count=119549 81633 37916 34687 28956 27915 26633 23003 46946 30530 16416 34485 12437 4619 553 25829 21408 20132 14915 5217 4421 2566 1282 937 30415 27421 3755 23666 12380 11286 11888 8996 9521 5302 14154 4219 4664 2994 10953 348 18993 14489 13418 6470 1201 587 4701 1107 2871 2438 4066 8960 1702 1609 7258 3558 7715 6447 4504 2231 1290 2290 10605 3979 1544 1315 2253 914 6948 2256 2125 492 4692 2381 5269 3992 3327 773 2554 10420 2007 1071 3616 7818 1956 1406 1251 4070 1292 617 5796 3398 2398 1999 433 2606 1966 202 1989 2293 1676 1177 571 761 2367 1750 1607 3201 3700 3340 319 3021 2466 1660 1463 2857 2696 2455 913 2435 2121 314 1855 1824 1808 1875
is_linear=0
shrinkage=0.04


Tree=69
num_leaves=127
num_cat=0
split_feature=9 9 17 13 13 18 7 7 17 10 18 2 10 10 2 2 2 2 2 10 10 2 8 10 2 7 10 17 11 11 10 2 11 11 5 2 5 2 11 2 14 2 2 10 2 2 7 10 2 2 2 7 5 11 11 13 11 15 2 11 2 10 2 2 7 11 2 2 11 2 2 2 2 2 2 2 2 9 10 10 9 7 10 13 13 8 10 14 2 2 11 13 10 5 10 10 2 2 2 10 9 10 10 11 2 2 10 2 2 2 2 2 2 2 2 2 2 2 9 2 2 2 2 2 2 2
split_gain=79.3707 21.8435 8.62841 7.61803 6.44425 6.74134 7.71733 6.31602 6.16048 5.50953 5.42679 4.79169 4.50919 4.04602 3.93277 3.65222 6.42926 6.47078 10.2259 6.73075 6.13835 4.72933 5.61542 3.67991 3.67964 3.78336 3.7784 3.38297 3.32259 3.70072 3.30265 3.69136 3.28359 3.25253 3.25038 3.34981 3.20096 3.16553 6.09327 6.00184 3.84309 3.07758 3.12799 3.03255 2.99613 3.45081 2.9362 3.11079 3.06137 5.6734 5.6523 2.91991 2.87853 2.87083 2.82348 2.60474 2.56497 2.48475 2.46022 2.81374 3.08813 4.84204 2.59868 4.44204 2.4385 2.38191 2.61414 3.60112 2.46696 2.36893 6.9308 3.54938 5.82433 4.95748 4.04568 2.73421 2.67666 2.45688 2.33827 4.86694 3.82443 2.83225 2.33434 2.32087 2.29533 2.28613 2.24267 2.22328 2.2202 2.29954 2.21163 2.20875 2.18649 2.14096 2.13356 2.12558 2.11821 2.36382 2.06537 2.05719 2.04955 2.77258 3.16693 2.53144 2.47621 2.67696 2.12829 2.03047 6.60294 3.41651 4.33285 3.46932 2.91872 4.52357 2.96848 2.631 2.01721 7.46319 2.68878 2.61881 2.67925 2.37878 2.82541 2.07564 2.47487 2.31071
threshold=7.5000000000000009 12.500000000000002 1.0000000180025095e-35 0.97215000000000007 0.59715000000000007 1.0000000180025095e-35 1.5000000000000002 3.5000000000000004 1.0000000180025095e-35 96502.500000000015 1.0000000180025095e-35 439.50000000000006 49513.500000000007 105006.00000000001 1781.5000000000002 1530.5000000000002 491.50000000000006 183.50000000000003 263.50000000000006 120116.00000000001 206337.00000000003 635.50000000000011 1.5000000000000002 140822.00000000003 1900.5000000000002 3.5000000000000004 60481.500000000007 1.0000000180025095e-35 22406.700000000004 11750.365000000002 96502.500000000015 73.500000000000014 4143.6350000000011 6326.6900000000014 11.500000000000002 656.50000000000011 14.500000000000002 698.50000000000011 9434.1750000000011 728.50000000000011 0.85515000000000008 1675.5000000000002 1729.5000000000002 138229.00000000003 966.50000000000011 873.50000000000011 3.5000000000000004 19226.500000000004 1481.5000000000002 1285.5000000000002 1529.5000000000002 1.0000000180025095e-35 14.500000000000002 5006.2900000000009 5984.3500000000013 0.60145000000000015 7105.0150000000003 1.0000000180025095e-35 809.50000000000011 6638.4600000000009 1458.5000000000002 116699.00000000001 902.50000000000011 971.50000000000011 3.5000000000000004 11259.230000000001 355.50000000000006 145.50000000000003 34054.835000000006 293.50000000000006 183.50000000000003 850.50000000000011 1379.5000000000002 1700.5000000000002 796.50000000000011 1654.5000000000002 769.50000000000011 6.5000000000000009 74321.000000000015 100001.00000000001 15.500000000000002 3.5000000000000004 13110.500000000002 0.88805000000000012 0.44820000000000004 1.5000000000000002 20480.000000000004 0.77975000000000005 20.500000000000004 96.500000000000014 5654.0500000000011 0.83855000000000013 49882.000000000007 2.5000000000000004 63341.500000000007 30174.500000000004 1141.5000000000002 1530.5000000000002 305.50000000000006 89863.500000000015 20.500000000000004 95889.000000000015 96990.500000000015 6149.6350000000011 947.50000000000011 970.50000000000011 84545.000000000015 1555.5000000000002 1643.5000000000002 1305.5000000000002 1287.5000000000002 1176.5000000000002 1074.5000000000002 1109.5000000000002 335.50000000000006 158.50000000000003 1315.5000000000002 1366.5000000000002 6.5000000000000009 1074.5000000000002 1111.5000000000002 736.50000000000011 772.50000000000011 1757.5000000000002 1598.5000000000002 1627.5000000000002
decision_type=2 2 2 2 2 2 2 2 2 2 2 2 2 2 2 2 2 2 2 2 2 2 2 2 2 2 2 2 2 2 2 2 2 2 2 2 2 2 2 2 2 2 2 2 2 2 2 2 2 2 2 2 2 2 2 2 2 2 2 2 2 2 2 2 2 2 2 2 2 2 2 2 2 2 2 2 2 2 2 2 2 2 2 2 2 2 2 2 2 2 2 2 2 2 2 2 2 2 2 2 2 2 2 2 2 2 2 2 2 2 2 2 2 2 2 2 2 2 2 2 2 2 2 2 2 2
left_child=2 4 3 7 28 9 52 13 10 27 84 32 36 51 46 16 17 30 19 33 23 22 -18 87 25 41 -27 -6 29 -2 -12 -32 -8 -19 55 -36 93 -37 39 -39 58 -17 -43 -40 45 -5 -13 -48 49 85 83 99 54 -26 -7 -23 -24 -38 90 100 61 62 -61 -64 -25 66 67 -14 116 70 -53 74 -73 75 76 86 77 -71 81 -80 -81 -10 -4 -50 -3 -49 -74 -20 -34 -90 -41 -44 -56 -9 -68 -72 -46 -98 -69 -1 101 103 -103 104 -60 -106 -105 109 -109 110 111 112 114 -114 115 -95 119 118 -118 121 -121 -67 -123 124 -119 -126
right_child=1 8 82 44 5 6 11 12 78 -11 15 14 65 -15 -16 24 21 18 20 -21 -22 34 56 64 53 26 -28 -29 -30 -31 31 -33 88 -35 35 37 57 38 43 40 -42 42 91 -45 96 -47 47 48 50 -51 -52 69 -54 -55 92 -57 -58 -59 59 60 -62 -63 63 -65 -66 68 94 98 -70 71 95 72 73 -75 -76 -77 -78 -79 79 80 -82 -83 -84 -85 -86 -87 -88 -89 89 -91 -92 -93 -94 107 -96 -97 97 -99 -100 -101 -102 102 -104 106 105 -107 -108 108 -110 -111 -112 -113 113 -115 -116 -117 117 123 -120 120 -122 122 -124 -125 125 -127
leaf_value=-0.00091626453131636977 -0.0024756005215891851 -0.014435426324449909 0.016436294745956384 0.0031924856649398121 0.0009636537571868928 -0.0025860683493535187 0.002922764239151456 0.0022209606013124813 -0.0050699649600585072 -0.0010977974885033469 -0.0011991616694777118 -0.0089064279400522216 -0.00091480131605007904 1.0300336630373587e-05 0.00016508425501226876 0.001861067859520948 0.0040831792340238465 0.0053015476277641759 -0.0035071179178822317 0.00034258350095424031 -0.020971694543542137 -0.0026713734915660378 -0.0092786662055728813 0.0052778885411732665 0.00049180940617414267 0.0004347653019632672 -0.0027725879248611872 0.0090309860818663899 -0.020226979092781587 0.0015634222254536734 -0.0081691542804986014 -0.0027877263331174996 0.0032811673596255908 0.01442763799574317 -0.00029285346083841808 -0.0057574163877698592 0.0052819719940566199 0.00072715963264630059 0.0047432351131984248 -0.0089047157578445758 0.0010209931181941717 -0.0073046107152743827 -0.001871564617680962 -0.0012266649313432418 -0.00029186266704355016 0.010419997209792036 0.0025498110803022075 -0.00038057252751250408 -0.011385404080897079 0.00035098402244419135 -0.0021135618480400144 -0.00034266184569410152 0.0025902674193474381 -0.0072748088850139595 0.012671606561322234 0.0013317684619575019 -0.0049608491145548038 0.0018429594843130199 0.00033164328705729071 0.0002643507856535438 -0.010699968405302332 -0.0010840836447690383 -0.011801382003829826 -0.0049182041337867089 -0.0036756713643504779 -0.00036751744301459862 -0.0003899579652692021 0.019155644568221827 -0.0036677348734756921 0.0023104900085795525 0.0057918286811310419 0.0046439207342323903 -0.006366051357725392 0.003366627252474011 -0.0017387468575688696 -0.003302360111531036 0.0088411548416172624 -0.003613706778386514 0.0053592963823536422 0.00043627406336983954 -0.011566824207078351 0.0060276585597536826 0.0063418129632545504 -0.0036868158756982838 -0.00052029682043969042 -0.0022408535420489852 0.0014569432073047426 0.00020288639606624018 -0.0020364051791103748 7.0928034025656664e-05 -0.0041814548579606568 0.0045395859516671596 0.00034104472380825534 0.0011756594498904796 -0.002540030476825831 0.01546446891940831 0.0035117413188450329 0.0011746526448534228 0.005451761684151713 0.0094807080316395027 -0.013620957615367597 0.0091661753246490979 -0.0014506071788742512 -0.0013650219648982001 -0.01379456925566179 -0.0034248402034926548 -0.010155345676496655 -0.0016266069493743713 0.0011076934190386708 0.0023819509959217494 -0.0023095089199180823 0.0031477444481502548 -0.0058057040771329243 5.8327763284199584e-05 0.0015063738343866976 -0.0028738349392498008 0.0052656012610829061 0.00098025363249997898 0.015808662962751321 -0.0065198751853988521 -0.0007778253813315191 0.0040421892330537983 0.00050544446421504192 0.0017346152846144467 -0.0074482285923447092 -0.0010599154616671071
leaf_weight=582 2978 19 43 2438 8735 551 581 1754 178 2464 837 87 187 1522 2436 977 83 127 654 223 25 571 380 207 103 793 2247 84 15.999999999999998 412 318 579 264 127 575 858 398 448 167 338 221 129 339 734 682 111 292 1350 152 2683 4293 144 877 282 23 476 541 2230 286 76 162 379 242 404 63 1657 2520 21 224 1037 61 1905 62 1520 630 303 90 125 369 535 46 46 278 110 3348 4962 1010 424 1135 3055 308 115 7517 513 1048 97 1225 1610 120 32 30 56 225 63 41 1678 156 2151 4117 2480 700 1026 235 1998 5289 512 353 1188 44 143 1461 573 987 1623 104 721
leaf_count=582 2978 19 43 2438 8735 551 581 1754 178 2464 837 87 187 1522 2436 977 83 127 654 223 25 571 380 207 103 793 2247 84 16 412 318 579 264 127 575 858 398 448 167 338 221 129 339 734 682 111 292 1350 152 2683 4293 144 877 282 23 476 541 2230 286 76 162 379 242 404 63 1657 2520 21 224 1037 61 1905 62 1520 630 303 90 125 369 535 46 46 278 110 3348 4962 1010 424 1135 3055 308 115 7517 513 1048 97 1225 1610 120 32 30 56 225 63 41 1678 156 2151 4117 2480 700 1026 235 1998 5289 512 353 1188 44 143 1461 573 987 1623 104 721
internal_value=-4.64443e-06 -0.000907186 0.00117234 0.00113154 -0.000397989 -0.00026108 -0.000571334 0.000953859 -0.00192182 0.000573604 -0.00207641 -0.000984175 0.000717699 0.00189538 -0.00131619 -0.00235124 -0.00270266 -0.00125723 0.000386344 0.00543284 -0.00136424 -0.00324764 -0.00584785 -0.000996103 -0.0014282 -0.00111263 -0.00193463 0.00104105 -0.00207098 -0.00198351 -0.00301297 -0.00470068 9.41676e-05 0.00988422 -0.00293976 -0.00323334 0.00104931 -0.00347879 -0.00315295 -0.00368744 -0.00411226 0.000486689 -0.00180958 -0.000115304 0.00246348 0.00350918 -0.00157553 -0.0015291 -0.00161732 -0.00118858 -0.00246304 0.00227245 0.000413368 -0.00518701 0.000176886 -0.000847642 -0.00674752 0.00236549 -0.00436846 -0.00397748 -0.00552441 -0.00475835 -0.00668113 -0.00750435 0.00317333 0.000119221 -0.000707671 0.00270583 0.000474543 0.00250503 0.00597849 0.00234736 0.00292497 0.00179234 0.000871972 4.90009e-05 0.0021889 0.00166951 0.00089707 0.00176648 -0.000509001 -0.00277147 0.00771119 -0.00817107 -0.000600434 -0.00184363 0.00100021 -0.0020443 -0.000273967 -0.000498993 -0.00665995 -0.000238144 0.000379356 0.000882609 -0.00102266 0.0117614 0.00170438 0.002186 0.00753324 -0.000366434 -0.00320499 -0.00307812 0.000653471 -0.00355141 -0.00310174 -0.00367528 -0.00764666 0.000758973 0.00016871 0.00104877 0.000726513 0.000948953 0.000684504 -0.000557242 0.00112429 -0.000843293 0.000579832 0.00123996 0.00644786 2.67605e-05 -0.00129261 0.000685863 0.00180726 0.000670066 -0.000186293 -0.00187088
internal_weight=119549 67665 51884 51563 45057 41651 30368 45497 22608 11283 21434 21400 36377 9120 16365 18067 13082 3584 1850 477 1373 9498 1004 1348 4985 4600 3040 8819 3406 3390 1734 897 5035 254 8494 7447 23403 6872 6014 5113 4665 1560 583 901 6066 2549 13929 13842 13550 8995 4555 7598 8968 385 8091 1047 921 2628 4444 3798 1263 1101 722 646 270 12974 3896 328 9078 6984 302 6682 4800 2895 1882 1375 1252 1162 1174 950 581 224 321 262 3367 6312 1072 1078 4454 4190 646 454 7540 20775 3568 158 3517 2835 141 614 2535 2505 281 2224 2005 1719 219 19021 6268 12753 10273 9573 8547 2233 6314 1025 8854 4033 397 4821 1604 3217 1560 3636 2013 825
internal_count=119549 67665 51884 51563 45057 41651 30368 45497 22608 11283 21434 21400 36377 9120 16365 18067 13082 3584 1850 477 1373 9498 1004 1348 4985 4600 3040 8819 3406 3390 1734 897 5035 254 8494 7447 23403 6872 6014 5113 4665 1560 583 901 6066 2549 13929 13842 13550 8995 4555 7598 8968 385 8091 1047 921 2628 4444 3798 1263 1101 722 646 270 12974 3896 328 9078 6984 302 6682 4800 2895 1882 1375 1252 1162 1174 950 581 224 321 262 3367 6312 1072 1078 4454 4190 646 454 7540 20775 3568 158 3517 2835 141 614 2535 2505 281 2224 2005 1719 219 19021 6268 12753 10273 9573 8547 2233 6314 1025 8854 4033 397 4821 1604 3217 1560 3636 2013 825
is_linear=0
shrinkage=0.04


end of trees

feature_importances:
model=3127
variant=1536
brand=1256
vehicle_age=476
odometer_reading=453
fuel_type=365
rto_state=325
km_per_year=291
ownership_trust_score=253
transmission=215
luxury_brand=195
vehicle_health_score=162
has_list_price=103
owner_count=26
segment_class=23
inspected=7
color=6
high_mileage=1

parameters:
[boosting: gbdt]
[objective: regression]
[metric: rmse]
[tree_learner: serial]
[device_type: cpu]
[data_sample_strategy: bagging]
[data: ]
[valid: ]
[num_iterations: 2000]
[learning_rate: 0.04]
[num_leaves: 127]
[num_threads: 0]
[seed: 42]
[deterministic: 0]
[force_col_wise: 0]
[force_row_wise: 0]
[histogram_pool_size: -1]
[max_depth: -1]
[min_data_in_leaf: 15]
[min_sum_hessian_in_leaf: 0.001]
[bagging_fraction: 0.8]
[pos_bagging_fraction: 1]
[neg_bagging_fraction: 1]
[bagging_freq: 5]
[bagging_seed: 400]
[bagging_by_query: 0]
[feature_fraction: 0.8]
[feature_fraction_bynode: 1]
[feature_fraction_seed: 30056]
[extra_trees: 0]
[extra_seed: 12879]
[early_stopping_round: 0]
[early_stopping_min_delta: 0]
[first_metric_only: 0]
[max_delta_step: 0]
[lambda_l1: 0.1]
[lambda_l2: 0.1]
[linear_lambda: 0]
[min_gain_to_split: 0]
[drop_rate: 0.1]
[max_drop: 50]
[skip_drop: 0.5]
[xgboost_dart_mode: 0]
[uniform_drop: 0]
[drop_seed: 17869]
[top_rate: 0.2]
[other_rate: 0.1]
[min_data_per_group: 100]
[max_cat_threshold: 32]
[cat_l2: 10]
[cat_smooth: 10]
[max_cat_to_onehot: 4]
[top_k: 20]
[monotone_constraints: ]
[monotone_constraints_method: basic]
[monotone_penalty: 0]
[feature_contri: ]
[forcedsplits_filename: ]
[refit_decay_rate: 0.9]
[cegb_tradeoff: 1]
[cegb_penalty_split: 0]
[cegb_penalty_feature_lazy: ]
[cegb_penalty_feature_coupled: ]
[path_smooth: 0]
[interaction_constraints: ]
[verbosity: -1]
[saved_feature_importance_type: 0]
[use_quantized_grad: 0]
[num_grad_quant_bins: 4]
[quant_train_renew_leaf: 0]
[stochastic_rounding: 1]
[linear_tree: 0]
[max_bin: 255]
[max_bin_by_feature: ]
[min_data_in_bin: 3]
[bin_construct_sample_cnt: 200000]
[data_random_seed: 175]
[is_enable_sparse: 1]
[enable_bundle: 1]
[use_missing: 1]
[zero_as_missing: 0]
[feature_pre_filter: 1]
[pre_partition: 0]
[two_round: 0]
[header: 0]
[label_column: ]
[weight_column: ]
[group_column: ]
[ignore_column: ]
[categorical_feature: ]
[forcedbins_filename: ]
[precise_float_parser: 0]
[parser_config_file: ]
[objective_seed: 16083]
[num_class: 1]
[is_unbalance: 0]
[scale_pos_weight: 1]
[sigmoid: 1]
[boost_from_average: 1]
[reg_sqrt: 0]
[alpha: 0.9]
[fair_c: 1]
[poisson_max_delta_step: 0.7]
[tweedie_variance_power: 1.5]
[lambdarank_truncation_level: 30]
[lambdarank_norm: 1]
[label_gain: ]
[lambdarank_position_bias_regularization: 0]
[eval_at: ]
[multi_error_top_k: 1]
[auc_mu_weights: ]
[num_machines: 1]
[local_listen_port: 12400]
[time_out: 120]
[machine_list_filename: ]
[machines: ]
[gpu_platform_id: -1]
[gpu_device_id: -1]
[gpu_use_dp: 0]
[num_gpu: 1]

end of parameters

pandas_categorical:[]
